sample_index_at_1MHz,D0,D1,D2,D3,D4,D5,D6,D7
0,0,0,0,0,0,0,0,0
3108909,0,0,0,0,0,0,1,0
3109440,0,0,0,0,0,0,0,0
3109448,0,0,0,0,0,0,0,1
3109974,0,0,0,0,0,0,1,1
3109982,0,0,0,0,0,0,1,0
3110501,0,0,0,0,0,0,0,0
3110508,0,0,0,0,0,0,0,1
3111030,0,0,0,0,0,0,1,1
3111038,0,0,0,0,0,0,1,0
3111555,0,0,0,0,0,0,0,0
3111563,0,0,0,0,0,0,0,1
3112084,0,0,0,0,0,0,1,1
3112092,0,0,0,0,0,0,1,0
3112609,0,0,0,0,0,0,0,0
3112616,0,0,0,0,0,0,0,1
3113136,0,0,0,0,0,0,1,1
3113144,0,0,0,0,0,0,1,0
3113661,0,0,0,0,0,0,0,0
3113669,0,0,0,0,0,0,0,1
3114189,0,0,0,0,0,0,1,1
3114197,0,0,0,0,0,0,1,0
3114714,0,0,0,0,0,0,0,0
3114722,0,0,0,0,0,0,0,1
3115243,0,0,0,0,0,0,1,1
3115251,0,0,0,0,0,0,1,0
3115769,0,0,0,0,0,0,0,0
3115776,0,0,0,0,0,0,0,1
3116297,0,0,0,0,0,0,1,1
3116306,0,0,0,0,0,0,1,0
3116822,0,0,0,0,0,0,0,0
3116830,0,0,0,0,0,0,0,1
3117350,0,0,0,0,0,0,1,1
3117359,0,0,0,0,0,0,1,0
3117875,0,0,0,0,0,0,0,0
3117882,0,0,0,0,0,0,0,1
3118403,0,0,0,0,0,0,1,1
3118411,0,0,0,0,0,0,1,0
3118928,0,0,0,0,0,0,0,0
3118935,0,0,0,0,0,0,0,1
3119456,0,0,0,0,0,0,1,1
3119464,0,0,0,0,0,0,1,0
3119982,0,0,0,0,0,0,0,0
3119989,0,0,0,0,0,0,0,1
3120511,0,0,0,0,0,0,1,1
3120519,0,0,0,0,0,0,1,0
3121035,0,0,0,0,0,0,0,0
3121043,0,0,0,0,0,0,0,1
3121563,0,0,0,0,0,0,1,1
3121571,0,0,0,0,0,0,1,0
3122088,0,0,0,0,0,0,0,0
3122096,0,0,0,0,0,0,0,1
3122616,0,0,0,0,0,0,1,1
3122624,0,0,0,0,0,0,1,0
3123142,0,0,0,0,0,0,0,0
3123150,0,0,0,0,0,0,0,1
3123670,0,0,0,0,0,0,1,1
3123678,0,0,0,0,0,0,1,0
3124195,0,0,0,0,0,0,0,0
3124203,0,0,0,0,0,0,0,1
3124723,0,0,0,0,0,0,1,1
3124731,0,0,0,0,0,0,1,0
3125248,0,0,0,0,0,0,0,0
3125256,0,0,0,0,0,0,0,1
3125777,0,0,0,0,0,0,1,1
3125785,0,0,0,0,0,0,1,0
3126302,0,0,0,0,0,0,0,0
3126310,0,0,0,0,0,0,0,1
3126831,0,0,0,0,0,0,1,1
3126839,0,0,0,0,0,0,1,0
3127357,0,0,0,0,0,0,0,0
3127364,0,0,0,0,0,0,0,1
3127885,0,0,0,0,0,0,1,1
3127893,0,0,0,0,0,0,1,0
3128409,0,0,0,0,0,0,0,0
3128417,0,0,0,0,0,0,0,1
3128938,0,0,0,0,0,0,1,1
3128946,0,0,0,0,0,0,1,0
3129463,0,0,0,0,0,0,0,0
3129471,0,0,0,0,0,0,0,1
3129992,0,0,0,0,0,0,1,1
3130000,0,0,0,0,0,0,1,0
3130517,0,0,0,0,0,0,0,0
3130524,0,0,0,0,0,0,0,1
3131045,0,0,0,0,0,0,1,1
3131053,0,0,0,0,0,0,1,0
3131571,0,0,0,0,0,0,0,0
3131578,0,0,0,0,0,0,0,1
3132100,0,0,0,0,0,0,1,1
3132107,0,0,0,0,0,0,1,0
3132624,0,0,0,0,0,0,0,0
3132632,0,0,0,0,0,0,0,1
3133153,0,0,0,0,0,0,1,1
3133161,0,0,0,0,0,0,1,0
3133678,0,0,0,0,0,0,0,0
3133686,0,0,0,0,0,0,0,1
3134206,0,0,0,0,0,0,1,1
3134215,0,0,0,0,0,0,1,0
3134731,0,0,0,0,0,0,0,0
3134739,0,0,0,0,0,0,0,1
3135260,0,0,0,0,0,0,1,1
3135268,0,0,0,0,0,0,1,0
3135785,0,0,0,0,0,0,0,0
3135793,0,0,0,0,0,0,0,1
3136313,0,0,0,0,0,0,1,1
3136322,0,0,0,0,0,0,1,0
3136838,0,0,0,0,0,0,0,0
3136846,0,0,0,0,0,0,0,1
3137367,0,0,0,0,0,0,1,1
3137375,0,0,0,0,0,0,1,0
3137892,0,0,0,0,0,0,0,0
3137900,0,0,0,0,0,0,0,1
3138420,0,0,0,0,0,0,1,1
3138428,0,0,0,0,0,0,1,0
3138945,0,0,0,0,0,0,0,0
3138953,0,0,0,0,0,0,0,1
3139474,0,0,0,0,0,0,1,1
3139482,0,0,0,0,0,0,1,0
3139998,0,0,0,0,0,0,0,0
3140006,0,0,0,0,0,0,0,1
3140527,0,0,0,0,0,0,1,1
3140534,0,0,0,0,0,0,1,0
3141052,0,0,0,0,0,0,0,0
3141059,0,0,0,0,0,0,0,1
3141581,0,0,0,0,0,0,1,1
3141588,0,0,0,0,0,0,1,0
3142104,0,0,0,0,0,0,0,0
3142112,0,0,0,0,0,0,0,1
3142633,0,0,0,0,0,0,1,1
3142641,0,0,0,0,0,0,1,0
3143158,0,0,0,0,0,0,0,0
3143166,0,0,0,0,0,0,0,1
3143687,0,0,0,0,0,0,1,1
3143695,0,0,0,0,0,0,1,0
3144212,0,0,0,0,0,0,0,0
3144220,0,0,0,0,0,0,0,1
3144741,0,0,0,0,0,0,1,1
3144749,0,0,0,0,0,0,1,0
3145266,0,0,0,0,0,0,0,0
3145273,0,0,0,0,0,0,0,1
3145794,0,0,0,0,0,0,1,1
3145802,0,0,0,0,0,0,1,0
3146319,0,0,0,0,0,0,0,0
3146326,0,0,0,0,0,0,0,1
3146848,0,0,0,0,0,0,1,1
3146856,0,0,0,0,0,0,1,0
3147374,0,0,0,0,0,0,0,0
3147382,0,0,0,0,0,0,0,1
3147903,0,0,0,0,0,0,1,1
3147911,0,0,0,0,0,0,1,0
3148428,0,0,0,0,0,0,0,0
3148436,0,0,0,0,0,0,0,1
3148956,0,0,0,0,0,0,1,1
3148964,0,0,0,0,0,0,1,0
3149481,0,0,0,0,0,0,0,0
3149489,0,0,0,0,0,0,0,1
3150009,0,0,0,0,0,0,1,1
3150017,0,0,0,0,0,0,1,0
3150534,0,0,0,0,0,0,0,0
3150542,0,0,0,0,0,0,0,1
3151062,0,0,0,0,0,0,1,1
3151070,0,0,0,0,0,0,1,0
3151587,0,0,0,0,0,0,0,0
3151594,0,0,0,0,0,0,0,1
3152115,0,0,0,0,0,0,1,1
3152123,0,0,0,0,0,0,1,0
3152640,0,0,0,0,0,0,0,0
3152647,0,0,0,0,0,0,0,1
3153168,0,0,0,0,0,0,1,1
3153176,0,0,0,0,0,0,1,0
3153692,0,0,0,0,0,0,0,0
3153700,0,0,0,0,0,0,0,1
3154221,0,0,0,0,0,0,1,1
3154229,0,0,0,0,0,0,1,0
3154747,0,0,0,0,0,0,0,0
3154755,0,0,0,0,0,0,0,1
3155275,0,0,0,0,0,0,1,1
3155283,0,0,0,0,0,0,1,0
3155800,0,0,0,0,0,0,0,0
3155807,0,0,0,0,0,0,0,1
3156329,0,0,0,0,0,0,1,1
3156337,0,0,0,0,0,0,1,0
3156853,0,0,0,0,0,0,0,0
3156860,0,0,0,0,0,0,0,1
3157381,0,0,0,0,0,0,1,1
3157389,0,0,0,0,0,0,1,0
3157906,0,0,0,0,0,0,0,0
3157913,0,0,0,0,0,0,0,1
3158434,0,0,0,0,0,0,1,1
3158442,0,0,0,0,0,0,1,0
3158959,0,0,0,0,0,0,0,0
3158966,0,0,0,0,0,0,0,1
3159486,0,0,0,0,0,0,1,1
3159494,0,0,0,0,0,0,1,0
3160011,0,0,0,0,0,0,0,0
3160019,0,0,0,0,0,0,0,1
3160540,0,0,0,0,0,0,1,1
3160548,0,0,0,0,0,0,1,0
3161065,0,0,0,0,0,0,0,0
3161072,0,0,0,0,0,0,0,1
3161594,0,0,0,0,0,0,1,1
3161602,0,0,0,0,0,0,1,0
3162119,0,0,0,0,0,0,0,0
3162127,0,0,0,0,0,0,0,1
3162648,0,0,0,0,0,0,1,1
3162656,0,0,0,0,0,0,1,0
3163173,0,0,0,0,0,0,0,0
3163180,0,0,0,0,0,0,0,1
3163701,0,0,0,0,0,0,1,1
3163709,0,0,0,0,0,0,1,0
3164225,0,0,0,0,0,0,0,0
3164233,0,0,0,0,0,0,0,1
3164754,0,0,0,0,0,0,1,1
3164762,0,0,0,0,0,0,1,0
3165278,0,0,0,0,0,0,0,0
3165286,0,0,0,0,0,0,0,1
3165807,0,0,0,0,0,0,1,1
3165815,0,0,0,0,0,0,1,0
3166332,0,0,0,0,0,0,0,0
3166340,0,0,0,0,0,0,0,1
3166861,0,0,0,0,0,0,1,1
3166869,0,0,0,0,0,0,1,0
3167386,0,0,0,0,0,0,0,0
3167394,0,0,0,0,0,0,0,1
3167914,0,0,0,0,0,0,1,1
3167922,0,0,0,0,0,0,1,0
3168439,0,0,0,0,0,0,0,0
3168447,0,0,0,0,0,0,0,1
3168968,0,0,0,0,0,0,1,1
3168976,0,0,0,0,0,0,1,0
3169492,0,0,0,0,0,0,0,0
3169500,0,0,0,0,0,0,0,1
3170021,0,0,0,0,0,0,1,1
3170029,0,0,0,0,0,0,1,0
3170546,0,0,0,0,0,0,0,0
3170553,0,0,0,0,0,0,0,1
3171074,0,0,0,0,0,0,1,1
3171082,0,0,0,0,0,0,1,0
3171599,0,0,0,0,0,0,0,0
3171607,0,0,0,0,0,0,0,1
3172127,0,0,0,0,0,0,1,1
3172135,0,0,0,0,0,0,1,0
3172651,0,0,0,0,0,0,0,0
3172659,0,0,0,0,0,0,0,1
3173179,0,0,0,0,0,0,1,1
3173187,0,0,0,0,0,0,1,0
3173703,0,0,0,0,0,0,0,0
3173711,0,0,0,0,0,0,0,1
3174231,0,0,0,0,0,0,1,1
3174239,0,0,0,0,0,0,1,0
3174755,0,0,0,0,0,0,0,0
3174763,0,0,0,0,0,0,0,1
3175283,0,0,0,0,0,0,1,1
3175291,0,0,0,0,0,0,1,0
3175808,0,0,0,0,0,0,0,0
3175816,0,0,0,0,0,0,0,1
3176336,0,0,0,0,0,0,1,1
3176344,0,0,0,0,0,0,1,0
3176860,0,0,0,0,0,0,0,0
3176868,0,0,0,0,0,0,0,1
3177388,0,0,0,0,0,0,1,1
3177396,0,0,0,0,0,0,1,0
3177913,0,0,0,0,0,0,0,0
3177921,0,0,0,0,0,0,0,1
3178441,0,0,0,0,0,0,1,1
3178449,0,0,0,0,0,0,1,0
3178967,0,0,0,0,0,0,0,0
3178975,0,0,0,0,0,0,0,1
3179495,0,0,0,0,0,0,1,1
3179503,0,0,0,0,0,0,1,0
3180021,0,0,0,0,0,0,0,0
3180029,0,0,0,0,0,0,0,1
3180549,0,0,0,0,0,0,1,1
3180557,0,0,0,0,0,0,1,0
3181075,0,0,0,0,0,0,0,0
3181083,0,0,0,0,0,0,0,1
3181604,0,0,0,0,0,0,1,1
3181612,0,0,0,0,0,0,1,0
3182127,0,0,0,0,0,0,0,0
3182135,0,0,0,0,0,0,0,1
3182656,0,0,0,0,0,0,1,1
3182664,0,0,0,0,0,0,1,0
3183179,0,0,0,0,0,0,0,0
3183187,0,0,0,0,0,0,0,1
3183707,0,0,0,0,0,0,1,1
3183716,0,0,0,0,0,0,1,0
3184234,0,0,0,0,0,0,0,0
3184241,0,0,0,0,0,0,0,1
3184761,0,0,0,0,0,0,1,1
3184770,0,0,0,0,0,0,1,0
3185287,0,0,0,0,0,0,0,0
3185295,0,0,0,0,0,0,0,1
3185815,0,0,0,0,0,0,1,1
3185823,0,0,0,0,0,0,1,0
3186340,0,0,0,0,0,0,0,0
3186348,0,0,0,0,0,0,0,1
3186869,0,0,0,0,0,0,1,1
3186877,0,0,0,0,0,0,1,0
3187395,0,0,0,0,0,0,0,0
3187402,0,0,0,0,0,0,0,1
3187923,0,0,0,0,0,0,1,1
3187931,0,0,0,0,0,0,1,0
3188448,0,0,0,0,0,0,0,0
3188457,0,0,0,0,0,0,0,1
3188976,0,0,0,0,0,0,1,1
3188984,0,0,0,0,0,0,1,0
3189501,0,0,0,0,0,0,0,0
3189508,0,0,0,0,0,0,0,1
3190028,0,0,0,0,0,0,1,1
3190036,0,0,0,0,0,0,1,0
3190553,0,0,0,0,0,0,0,0
3190561,0,0,0,0,0,0,0,1
3191081,0,0,0,0,0,0,1,1
3191089,0,0,0,0,0,0,1,0
3191607,0,0,0,0,0,0,0,0
3191614,0,0,0,0,0,0,0,1
3192135,0,0,0,0,0,0,1,1
3192143,0,0,0,0,0,0,1,0
3192659,0,0,0,0,0,0,0,0
3192667,0,0,0,0,0,0,0,1
3193187,0,0,0,0,0,0,1,1
3193195,0,0,0,0,0,0,1,0
3193712,0,0,0,0,0,0,0,0
3193720,0,0,0,0,0,0,0,1
3194240,0,0,0,0,0,0,1,1
3194248,0,0,0,0,0,0,1,0
3194764,0,0,0,0,0,0,0,0
3194772,0,0,0,0,0,0,0,1
3195293,0,0,0,0,0,0,1,1
3195300,0,0,0,0,0,0,1,0
3195818,0,0,0,0,0,0,0,0
3195825,0,0,0,0,0,0,0,1
3196347,0,0,0,0,0,0,1,1
3196355,0,0,0,0,0,0,1,0
3196871,0,0,0,0,0,0,0,0
3196879,0,0,0,0,0,0,0,1
3197399,0,0,0,0,0,0,1,1
3197407,0,0,0,0,0,0,1,0
3197925,0,0,0,0,0,0,0,0
3197932,0,0,0,0,0,0,0,1
3198453,0,0,0,0,0,0,1,1
3198460,0,0,0,0,0,0,1,0
3198978,0,0,0,0,0,0,0,0
3198985,0,0,0,0,0,0,0,1
3199507,0,0,0,0,0,0,1,1
3199514,0,0,0,0,0,0,1,0
3200031,0,0,0,0,0,0,0,0
3200039,0,0,0,0,0,0,0,1
3200559,0,0,0,0,0,0,1,1
3200567,0,0,0,0,0,0,1,0
3201085,0,0,0,0,0,0,0,0
3201092,0,0,0,0,0,0,0,1
3201612,0,0,0,0,0,0,1,1
3201620,0,0,0,0,0,0,1,0
3202137,0,0,0,0,0,0,0,0
3202145,0,0,0,0,0,0,0,1
3202666,0,0,0,0,0,0,1,1
3202674,0,0,0,0,0,0,1,0
3203190,0,0,0,0,0,0,0,0
3203198,0,0,0,0,0,0,0,1
3203718,0,0,0,0,0,0,1,1
3203726,0,0,0,0,0,0,1,0
3204243,0,0,0,0,0,0,0,0
3204251,0,0,0,0,0,0,0,1
3204771,0,0,0,0,0,0,1,1
3204779,0,0,0,0,0,0,1,0
3205296,0,0,0,0,0,0,0,0
3205304,0,0,0,0,0,0,0,1
3205825,0,0,0,0,0,0,1,1
3205833,0,0,0,0,0,0,1,0
3206350,0,0,0,0,0,0,0,0
3206358,0,0,0,0,0,0,0,1
3206879,0,0,0,0,0,0,1,1
3206887,0,0,0,0,0,0,1,0
3207404,0,0,0,0,0,0,0,0
3207412,0,0,0,0,0,0,0,1
3207931,0,0,0,0,0,0,1,1
3207939,0,0,0,0,0,0,1,0
3208457,0,0,0,0,0,0,0,0
3208465,0,0,0,0,0,0,0,1
3208987,0,0,0,0,0,0,1,1
3208995,0,0,0,0,0,0,1,0
3209511,0,0,0,0,0,0,0,0
3209519,0,0,0,0,0,0,0,1
3210039,0,0,0,0,0,0,1,1
3210047,0,0,0,0,0,0,1,0
3210563,0,0,0,0,0,0,0,0
3210571,0,0,0,0,0,0,0,1
3211091,0,0,0,0,0,0,1,1
3211099,0,0,0,0,0,0,1,0
3211616,0,0,0,0,0,0,0,0
3211623,0,0,0,0,0,0,0,1
3212144,0,0,0,0,0,0,1,1
3212152,0,0,0,0,0,0,1,0
3212669,0,0,0,0,0,0,0,0
3212677,0,0,0,0,0,0,0,1
3213198,0,0,0,0,0,0,1,1
3213207,0,0,0,0,0,0,1,0
3213724,0,0,0,0,0,0,0,0
3213732,0,0,0,0,0,0,0,1
3214252,0,0,0,0,0,0,1,1
3214260,0,0,0,0,0,0,1,0
3214777,0,0,0,0,0,0,0,0
3214785,0,0,0,0,0,0,0,1
3215305,0,0,0,0,0,0,1,1
3215313,0,0,0,0,0,0,1,0
3215830,0,0,0,0,0,0,0,0
3215838,0,0,0,0,0,0,0,1
3216359,0,0,0,0,0,0,1,1
3216366,0,0,0,0,0,0,1,0
3216882,0,0,0,0,0,0,0,0
3216890,0,0,0,0,0,0,0,1
3217411,0,0,0,0,0,0,1,1
3217418,0,0,0,0,0,0,1,0
3217935,0,0,0,0,0,0,0,0
3217942,0,0,0,0,0,0,0,1
3218463,0,0,0,0,0,0,1,1
3218471,0,0,0,0,0,0,1,0
3218988,0,0,0,0,0,0,0,0
3218996,0,0,0,0,0,0,0,1
3219517,0,0,0,0,0,0,1,1
3219525,0,0,0,0,0,0,1,0
3220041,0,0,0,0,0,0,0,0
3220048,0,0,0,0,0,0,0,1
3220568,0,0,0,0,0,0,1,1
3220577,0,0,0,0,0,0,1,0
3221095,0,0,0,0,0,0,0,0
3221102,0,0,0,0,0,0,0,1
3221622,0,0,0,0,0,0,1,1
3221630,0,0,0,0,0,0,1,0
3222147,0,0,0,0,0,0,0,0
3222154,0,0,0,0,0,0,0,1
3222674,0,0,0,0,0,0,1,1
3222683,0,0,0,0,0,0,1,0
3223199,0,0,0,0,0,0,0,0
3223207,0,0,0,0,0,0,0,1
3223727,0,0,0,0,0,0,1,1
3223735,0,0,0,0,0,0,1,0
3224251,0,0,0,0,0,0,0,0
3224259,0,0,0,0,0,0,0,1
3224779,0,0,0,0,0,0,1,1
3224787,0,0,0,0,0,0,1,0
3225304,0,0,0,0,0,0,0,0
3225312,0,0,0,0,0,0,0,1
3225833,0,0,0,0,0,0,1,1
3225841,0,0,0,0,0,0,1,0
3226358,0,0,0,0,0,0,0,0
3226366,0,0,0,0,0,0,0,1
3226886,0,0,0,0,0,0,1,1
3226894,0,0,0,0,0,0,1,0
3227412,0,0,0,0,0,0,0,0
3227420,0,0,0,0,0,0,0,1
3227939,0,0,0,0,0,0,1,1
3227947,0,0,0,0,0,0,1,0
3228464,0,0,0,0,0,0,0,0
3228472,0,0,0,0,0,0,0,1
3228993,0,0,0,0,0,0,1,1
3229001,0,0,0,0,0,0,1,0
3229518,0,0,0,0,0,0,0,0
3229526,0,0,0,0,0,0,0,1
3230048,0,0,0,0,0,0,1,1
3230056,0,0,0,0,0,0,1,0
3230573,0,0,0,0,0,0,0,0
3230581,0,0,0,0,0,0,0,1
3231102,0,0,0,0,0,0,1,1
3231110,0,0,0,0,0,0,1,0
3231627,0,0,0,0,0,0,0,0
3231635,0,0,0,0,0,0,0,1
3232155,0,0,0,0,0,0,1,1
3232164,0,0,0,0,0,0,1,0
3232681,0,0,0,0,0,0,0,0
3232688,0,0,0,0,0,0,0,1
3233209,0,0,0,0,0,0,1,1
3233217,0,0,0,0,0,0,1,0
3233735,0,0,0,0,0,0,0,0
3233742,0,0,0,0,0,0,0,1
3234263,0,0,0,0,0,0,1,1
3234271,0,0,0,0,0,0,1,0
3234788,0,0,0,0,0,0,0,0
3234795,0,0,0,0,0,0,0,1
3235316,0,0,0,0,0,0,1,1
3235324,0,0,0,0,0,0,1,0
3235842,0,0,0,0,0,0,0,0
3235849,0,0,0,0,0,0,0,1
3236370,0,0,0,0,0,0,1,1
3236378,0,0,0,0,0,0,1,0
3236894,0,0,0,0,0,0,0,0
3236901,0,0,0,0,0,0,0,1
3237421,0,0,0,0,0,0,1,1
3237429,0,0,0,0,0,0,1,0
3237945,0,0,0,0,0,0,0,0
3237953,0,0,0,0,0,0,0,1
3238473,0,0,0,0,0,0,1,1
3238481,0,0,0,0,0,0,1,0
3238998,0,0,0,0,0,0,0,0
3239006,0,0,0,0,0,0,0,1
3239527,0,0,0,0,0,0,1,1
3239535,0,0,0,0,0,0,1,0
3240052,0,0,0,0,0,0,0,0
3240060,0,0,0,0,0,0,0,1
3240579,0,0,0,0,0,0,1,1
3240587,0,0,0,0,0,0,1,0
3241104,0,0,0,0,0,0,0,0
3241112,0,0,0,0,0,0,0,1
3241633,0,0,0,0,0,0,1,1
3241641,0,0,0,0,0,0,1,0
3242157,0,0,0,0,0,0,0,0
3242165,0,0,0,0,0,0,0,1
3242684,0,0,0,0,0,0,1,1
3242692,0,0,0,0,0,0,1,0
3243209,0,0,0,0,0,0,0,0
3243217,0,0,0,0,0,0,0,1
3243738,0,0,0,0,0,0,1,1
3243746,0,0,0,0,0,0,1,0
3244262,0,0,0,0,0,0,0,0
3244269,0,0,0,0,0,0,0,1
3244790,0,0,0,0,0,0,1,1
3244798,0,0,0,0,0,0,1,0
3245315,0,0,0,0,0,0,0,0
3245323,0,0,0,0,0,0,0,1
3245843,0,0,0,0,0,0,1,1
3245851,0,0,0,0,0,0,1,0
3246368,0,0,0,0,0,0,0,0
3246376,0,0,0,0,0,0,0,1
3246897,0,0,0,0,0,0,1,1
3246906,0,0,0,0,0,0,1,0
3247422,0,0,0,0,0,0,0,0
3247430,0,0,0,0,0,0,0,1
3247951,0,0,0,0,0,0,1,1
3247958,0,0,0,0,0,0,1,0
3248474,0,0,0,0,0,0,0,0
3248481,0,0,0,0,0,0,0,1
3249002,0,0,0,0,0,0,1,1
3249010,0,0,0,0,0,0,1,0
3249528,0,0,0,0,0,0,0,0
3249536,0,0,0,0,0,0,0,1
3250057,0,0,0,0,0,0,1,1
3250065,0,0,0,0,0,0,1,0
3250582,0,0,0,0,0,0,0,0
3250589,0,0,0,0,0,0,0,1
3251110,0,0,0,0,0,0,1,1
3251118,0,0,0,0,0,0,1,0
3251634,0,0,0,0,0,0,0,0
3251642,0,0,0,0,0,0,0,1
3252162,0,0,0,0,0,0,1,1
3252170,0,0,0,0,0,0,1,0
3252686,0,0,0,0,0,0,0,0
3252694,0,0,0,0,0,0,0,1
3253215,0,0,0,0,0,0,1,1
3253223,0,0,0,0,0,0,1,0
3253739,0,0,0,0,0,0,0,0
3253746,0,0,0,0,0,0,0,1
3254267,0,0,0,0,0,0,1,1
3254275,0,0,0,0,0,0,1,0
3254793,0,0,0,0,0,0,0,0
3254800,0,0,0,0,0,0,0,1
3255320,0,0,0,0,0,0,1,1
3255328,0,0,0,0,0,0,1,0
3255845,0,0,0,0,0,0,0,0
3255852,0,0,0,0,0,0,0,1
3256374,0,0,0,0,0,0,1,1
3256382,0,0,0,0,0,0,1,0
3256898,0,0,0,0,0,0,0,0
3256906,0,0,0,0,0,0,0,1
3257427,0,0,0,0,0,0,1,1
3257434,0,0,0,0,0,0,1,0
3257951,0,0,0,0,0,0,0,0
3257959,0,0,0,0,0,0,0,1
3258480,0,0,0,0,0,0,1,1
3258488,0,0,0,0,0,0,1,0
3259004,0,0,0,0,0,0,0,0
3259012,0,0,0,0,0,0,0,1
3259532,0,0,0,0,0,0,1,1
3259541,0,0,0,0,0,0,1,0
3260058,0,0,0,0,0,0,0,0
3260066,0,0,0,0,0,0,0,1
3260586,0,0,0,0,0,0,1,1
3260594,0,0,0,0,0,0,1,0
3261111,0,0,0,0,0,0,0,0
3261119,0,0,0,0,0,0,0,1
3261640,0,0,0,0,0,0,1,1
3261648,0,0,0,0,0,0,1,0
3262166,0,0,0,0,0,0,0,0
3262173,0,0,0,0,0,0,0,1
3262694,0,0,0,0,0,0,1,1
3262702,0,0,0,0,0,0,1,0
3263219,0,0,0,0,0,0,0,0
3263227,0,0,0,0,0,0,0,1
3263748,0,0,0,0,0,0,1,1
3263755,0,0,0,0,0,0,1,0
3264272,0,0,0,0,0,0,0,0
3264279,0,0,0,0,0,0,0,1
3264800,0,0,0,0,0,0,1,1
3264808,0,0,0,0,0,0,1,0
3265325,0,0,0,0,0,0,0,0
3265333,0,0,0,0,0,0,0,1
3265854,0,0,0,0,0,0,1,1
3265862,0,0,0,0,0,0,1,0
3266378,0,0,0,0,0,0,0,0
3266385,0,0,0,0,0,0,0,1
3266906,0,0,0,0,0,0,1,1
3266914,0,0,0,0,0,0,1,0
3267430,0,0,0,0,0,0,0,0
3267438,0,0,0,0,0,0,0,1
3267959,0,0,0,0,0,0,1,1
3267966,0,0,0,0,0,0,1,0
3268483,0,0,0,0,0,0,0,0
3268490,0,0,0,0,0,0,0,1
3269011,0,0,0,0,0,0,1,1
3269020,0,0,0,0,0,0,1,0
3269537,0,0,0,0,0,0,0,0
3269545,0,0,0,0,0,0,0,1
3270067,0,0,0,0,0,0,1,1
3270075,0,0,0,0,0,0,1,0
3270591,0,0,0,0,0,0,0,0
3270599,0,0,0,0,0,0,0,1
3271119,0,0,0,0,0,0,1,1
3271127,0,0,0,0,0,0,1,0
3271645,0,0,0,0,0,0,0,0
3271652,0,0,0,0,0,0,0,1
3272173,0,0,0,0,0,0,1,1
3272181,0,0,0,0,0,0,1,0
3272699,0,0,0,0,0,0,0,0
3272706,0,0,0,0,0,0,0,1
3273227,0,0,0,0,0,0,1,1
3273235,0,0,0,0,0,0,1,0
3273753,0,0,0,0,0,0,0,0
3273761,0,0,0,0,0,0,0,1
3274282,0,0,0,0,0,0,1,1
3274290,0,0,0,0,0,0,1,0
3274806,0,0,0,0,0,0,0,0
3274814,0,0,0,0,0,0,0,1
3275335,0,0,0,0,0,0,1,1
3275343,0,0,0,0,0,0,1,0
3275860,0,0,0,0,0,0,0,0
3275867,0,0,0,0,0,0,0,1
3276388,0,0,0,0,0,0,1,1
3276396,0,0,0,0,0,0,1,0
3276913,0,0,0,0,0,0,0,0
3276921,0,0,0,0,0,0,0,1
3277442,0,0,0,0,0,0,1,1
3277450,0,0,0,0,0,0,1,0
3277967,0,0,0,0,0,0,0,0
3277975,0,0,0,0,0,0,0,1
3278496,0,0,0,0,0,0,1,1
3278504,0,0,0,0,0,0,1,0
3279020,0,0,0,0,0,0,0,0
3279028,0,0,0,0,0,0,0,1
3279548,0,0,0,0,0,0,1,1
3279557,0,0,0,0,0,0,1,0
3280073,0,0,0,0,0,0,0,0
3280081,0,0,0,0,0,0,0,1
3280602,0,0,0,0,0,0,1,1
3280610,0,0,0,0,0,0,1,0
3281126,0,0,0,0,0,0,0,0
3281134,0,0,0,0,0,0,0,1
3281654,0,0,0,0,0,0,1,1
3281662,0,0,0,0,0,0,1,0
3282180,0,0,0,0,0,0,0,0
3282188,0,0,0,0,0,0,0,1
3282708,0,0,0,0,0,0,1,1
3282716,0,0,0,0,0,0,1,0
3283233,0,0,0,0,0,0,0,0
3283240,0,0,0,0,0,0,0,1
3283761,0,0,0,0,0,0,1,1
3283769,0,0,0,0,0,0,1,0
3284286,0,0,0,0,0,0,0,0
3284294,0,0,0,0,0,0,0,1
3284813,0,0,0,0,0,0,1,1
3284821,0,0,0,0,0,0,1,0
3285338,0,0,0,0,0,0,0,0
3285346,0,0,0,0,0,0,0,1
3285867,0,0,0,0,0,0,1,1
3285875,0,0,0,0,0,0,1,0
3286391,0,0,0,0,0,0,0,0
3286399,0,0,0,0,0,0,0,1
3286920,0,0,0,0,0,0,1,1
3286928,0,0,0,0,0,0,1,0
3287445,0,0,0,0,0,0,0,0
3287452,0,0,0,0,0,0,0,1
3287973,0,0,0,0,0,0,1,1
3287981,0,0,0,0,0,0,1,0
3288498,0,0,0,0,0,0,0,0
3288506,0,0,0,0,0,0,0,1
3289026,0,0,0,0,0,0,1,1
3289034,0,0,0,0,0,0,1,0
3289551,0,0,0,0,0,0,0,0
3289558,0,0,0,0,0,0,0,1
3290080,0,0,0,0,0,0,1,1
3290088,0,0,0,0,0,0,1,0
3290605,0,0,0,0,0,0,0,0
3290613,0,0,0,0,0,0,0,1
3291134,0,0,0,0,0,0,1,1
3291142,0,0,0,0,0,0,1,0
3291658,0,0,0,0,0,0,0,0
3291665,0,0,0,0,0,0,0,1
3292187,0,0,0,0,0,0,1,1
3292194,0,0,0,0,0,0,1,0
3292711,0,0,0,0,0,0,0,0
3292718,0,0,0,0,0,0,0,1
3293239,0,0,0,0,0,0,1,1
3293247,0,0,0,0,0,0,1,0
3293764,0,0,0,0,0,0,0,0
3293771,0,0,0,0,0,0,0,1
3294292,0,0,0,0,0,0,1,1
3294300,0,0,0,0,0,0,1,0
3294817,0,0,0,0,0,0,0,0
3294825,0,0,0,0,0,0,0,1
3295345,0,0,0,0,0,0,1,1
3295353,0,0,0,0,0,0,1,0
3295871,0,0,0,0,0,0,0,0
3295878,0,0,0,0,0,0,0,1
3296398,0,0,0,0,0,0,1,1
3296406,0,0,0,0,0,0,1,0
3296922,0,0,0,0,0,0,0,0
3296930,0,0,0,0,0,0,0,1
3297451,0,0,0,0,0,0,1,1
3297458,0,0,0,0,0,0,1,0
3297975,0,0,0,0,0,0,0,0
3297983,0,0,0,0,0,0,0,1
3298503,0,0,0,0,0,0,1,1
3298510,0,0,0,0,0,0,1,0
3299027,0,0,0,0,0,0,0,0
3299035,0,0,0,0,0,0,0,1
3299556,0,0,0,0,0,0,1,1
3299564,0,0,0,0,0,0,1,0
3300081,0,0,0,0,0,0,0,0
3300089,0,0,0,0,0,0,0,1
3300609,0,0,0,0,0,0,1,1
3300617,0,0,0,0,0,0,1,0
3301135,0,0,0,0,0,0,0,0
3301143,0,0,0,0,0,0,0,1
3301664,0,0,0,0,0,0,1,1
3301672,0,0,0,0,0,0,1,0
3302190,0,0,0,0,0,0,0,0
3302197,0,0,0,0,0,0,0,1
3302719,0,0,0,0,0,0,1,1
3302726,0,0,0,0,0,0,1,0
3303243,0,0,0,0,0,0,0,0
3303250,0,0,0,0,0,0,0,1
3303771,0,0,0,0,0,0,1,1
3303779,0,0,0,0,0,0,1,0
3304296,0,0,0,0,0,0,0,0
3304304,0,0,0,0,0,0,0,1
3304824,0,0,0,0,0,0,1,1
3304832,0,0,0,0,0,0,1,0
3305349,0,0,0,0,0,0,0,0
3305357,0,0,0,0,0,0,0,1
3305877,0,0,0,0,0,0,1,1
3305885,0,0,0,0,0,0,1,0
3306402,0,0,0,0,0,0,0,0
3306411,0,0,0,0,0,0,0,1
3306931,0,0,0,0,0,0,1,1
3306939,0,0,0,0,0,0,1,0
3307456,0,0,0,0,0,0,0,0
3307464,0,0,0,0,0,0,0,1
3307986,0,0,0,0,0,0,1,1
3307994,0,0,0,0,0,0,1,0
3308510,0,0,0,0,0,0,0,0
3308518,0,0,0,0,0,0,0,1
3309038,0,0,0,0,0,0,1,1
3309047,0,0,0,0,0,0,1,0
3309565,0,0,0,0,0,0,0,0
3309572,0,0,0,0,0,0,0,1
3310094,0,0,0,0,0,0,1,1
3310102,0,0,0,0,0,0,1,0
3310618,0,0,0,0,0,0,0,0
3310626,0,0,0,0,0,0,0,1
3311147,0,0,0,0,0,0,1,1
3311155,0,0,0,0,0,0,1,0
3311670,0,0,0,0,0,0,0,0
3311678,0,0,0,0,0,0,0,1
3312198,0,0,0,0,0,0,1,1
3312206,0,0,0,0,0,0,1,0
3312723,0,0,0,0,0,0,0,0
3312731,0,0,0,0,0,0,0,1
3313251,0,0,0,0,0,0,1,1
3313259,0,0,0,0,0,0,1,0
3313776,0,0,0,0,0,0,0,0
3313784,0,0,0,0,0,0,0,1
3314304,0,0,0,0,0,0,1,1
3314312,0,0,0,0,0,0,1,0
3314828,0,0,0,0,0,0,0,0
3314836,0,0,0,0,0,0,0,1
3315356,0,0,0,0,0,0,1,1
3315365,0,0,0,0,0,0,1,0
3315881,0,0,0,0,0,0,0,0
3315889,0,0,0,0,0,0,0,1
3316410,0,0,0,0,0,0,1,1
3316418,0,0,0,0,0,0,1,0
3316935,0,0,0,0,0,0,0,0
3316943,0,0,0,0,0,0,0,1
3317464,0,0,0,0,0,0,1,1
3317472,0,0,0,0,0,0,1,0
3317989,0,0,0,0,0,0,0,0
3317997,0,0,0,0,0,0,0,1
3318517,0,0,0,0,0,0,1,1
3318525,0,0,0,0,0,0,1,0
3319042,0,0,0,0,0,0,0,0
3319051,0,0,0,0,0,0,0,1
3319571,0,0,0,0,0,0,1,1
3319579,0,0,0,0,0,0,1,0
3320095,0,0,0,0,0,0,0,0
3320102,0,0,0,0,0,0,0,1
3320623,0,0,0,0,0,0,1,1
3320631,0,0,0,0,0,0,1,0
3321149,0,0,0,0,0,0,0,0
3321156,0,0,0,0,0,0,0,1
3321677,0,0,0,0,0,0,1,1
3321685,0,0,0,0,0,0,1,0
3322202,0,0,0,0,0,0,0,0
3322209,0,0,0,0,0,0,0,1
3322730,0,0,0,0,0,0,1,1
3322738,0,0,0,0,0,0,1,0
3323256,0,0,0,0,0,0,0,0
3323264,0,0,0,0,0,0,0,1
3323784,0,0,0,0,0,0,1,1
3323793,0,0,0,0,0,0,1,0
3324309,0,0,0,0,0,0,0,0
3324317,0,0,0,0,0,0,0,1
3324837,0,0,0,0,0,0,1,1
3324845,0,0,0,0,0,0,1,0
3325361,0,0,0,0,0,0,0,0
3325369,0,0,0,0,0,0,0,1
3325889,0,0,0,0,0,0,1,1
3325897,0,0,0,0,0,0,1,0
3326413,0,0,0,0,0,0,0,0
3326421,0,0,0,0,0,0,0,1
3326941,0,0,0,0,0,0,1,1
3326949,0,0,0,0,0,0,1,0
3327465,0,0,0,0,0,0,0,0
3327473,0,0,0,0,0,0,0,1
3327994,0,0,0,0,0,0,1,1
3328001,0,0,0,0,0,0,1,0
3328518,0,0,0,0,0,0,0,0
3328526,0,0,0,0,0,0,0,1
3329046,0,0,0,0,0,0,1,1
3329054,0,0,0,0,0,0,1,0
3329571,0,0,0,0,0,0,0,0
3329578,0,0,0,0,0,0,0,1
3330100,0,0,0,0,0,0,1,1
3330108,0,0,0,0,0,0,1,0
3330625,0,0,0,0,0,0,0,0
3330633,0,0,0,0,0,0,0,1
3331154,0,0,0,0,0,0,1,1
3331162,0,0,0,0,0,0,1,0
3331679,0,0,0,0,0,0,0,0
3331686,0,0,0,0,0,0,0,1
3332206,0,0,0,0,0,0,1,1
3332214,0,0,0,0,0,0,1,0
3332732,0,0,0,0,0,0,0,0
3332740,0,0,0,0,0,0,0,1
3333261,0,0,0,0,0,0,1,1
3333269,0,0,0,0,0,0,1,0
3333784,0,0,0,0,0,0,0,0
3333792,0,0,0,0,0,0,0,1
3334313,0,0,0,0,0,0,1,1
3334321,0,0,0,0,0,0,1,0
3334838,0,0,0,0,0,0,0,0
3334846,0,0,0,0,0,0,0,1
3335365,0,0,0,0,0,0,1,1
3335374,0,0,0,0,0,0,1,0
3335890,0,0,0,0,0,0,0,0
3335898,0,0,0,0,0,0,0,1
3336418,0,0,0,0,0,0,1,1
3336426,0,0,0,0,0,0,1,0
3336943,0,0,0,0,0,0,0,0
3336950,0,0,0,0,0,0,0,1
3337471,0,0,0,0,0,0,1,1
3337479,0,0,0,0,0,0,1,0
3337996,0,0,0,0,0,0,0,0
3338004,0,0,0,0,0,0,0,1
3338524,0,0,0,0,0,0,1,1
3338532,0,0,0,0,0,0,1,0
3339050,0,0,0,0,0,0,0,0
3339058,0,0,0,0,0,0,0,1
3339578,0,0,0,0,0,0,1,1
3339586,0,0,0,0,0,0,1,0
3340103,0,0,0,0,0,0,0,0
3340111,0,0,0,0,0,0,0,1
3340631,0,0,0,0,0,0,1,1
3340639,0,0,0,0,0,0,1,0
3341155,0,0,0,0,0,0,0,0
3341163,0,0,0,0,0,0,0,1
3341683,0,0,0,0,0,0,1,1
3341691,0,0,0,0,0,0,1,0
3342209,0,0,0,0,0,0,0,0
3342217,0,0,0,0,0,0,0,1
3342737,0,0,0,0,0,0,1,1
3342745,0,0,0,0,0,0,1,0
3343263,0,0,0,0,0,0,0,0
3343270,0,0,0,0,0,0,0,1
3343791,0,0,0,0,0,0,1,1
3343800,0,0,0,0,0,0,1,0
3344316,0,0,0,0,0,0,0,0
3344324,0,0,0,0,0,0,0,1
3344845,0,0,0,0,0,0,1,1
3344852,0,0,0,0,0,0,1,0
3345369,0,0,0,0,0,0,0,0
3345376,0,0,0,0,0,0,0,1
3345897,0,0,0,0,0,0,1,1
3345906,0,0,0,0,0,0,1,0
3346422,0,0,0,0,0,0,0,0
3346430,0,0,0,0,0,0,0,1
3346951,0,0,0,0,0,0,1,1
3346959,0,0,0,0,0,0,1,0
3347476,0,0,0,0,0,0,0,0
3347484,0,0,0,0,0,0,0,1
3348005,0,0,0,0,0,0,1,1
3348013,0,0,0,0,0,0,1,0
3348531,0,0,0,0,0,0,0,0
3348539,0,0,0,0,0,0,0,1
3349060,0,0,0,0,0,0,1,1
3349068,0,0,0,0,0,0,1,0
3349584,0,0,0,0,0,0,0,0
3349591,0,0,0,0,0,0,0,1
3350112,0,0,0,0,0,0,1,1
3350120,0,0,0,0,0,0,1,0
3350636,0,0,0,0,0,0,0,0
3350644,0,0,0,0,0,0,0,1
3351165,0,0,0,0,0,0,1,1
3351172,0,0,0,0,0,0,1,0
3351689,0,0,0,0,0,0,0,0
3351697,0,0,0,0,0,0,0,1
3352217,0,0,0,0,0,0,1,1
3352226,0,0,0,0,0,0,1,0
3352742,0,0,0,0,0,0,0,0
3352750,0,0,0,0,0,0,0,1
3353271,0,0,0,0,0,0,1,1
3353279,0,0,0,0,0,0,1,0
3353795,0,0,0,0,0,0,0,0
3353803,0,0,0,0,0,0,0,1
3354324,0,0,0,0,0,0,1,1
3354332,0,0,0,0,0,0,1,0
3354849,0,0,0,0,0,0,0,0
3354857,0,0,0,0,0,0,0,1
3355378,0,0,0,0,0,0,1,1
3355386,0,0,0,0,0,0,1,0
3355904,0,0,0,0,0,0,0,0
3355912,0,0,0,0,0,0,0,1
3356433,0,0,0,0,0,0,1,1
3356441,0,0,0,0,0,0,1,0
3356958,0,0,0,0,0,0,0,0
3356966,0,0,0,0,0,0,0,1
3357485,0,0,0,0,0,0,1,1
3357493,0,0,0,0,0,0,1,0
3358010,0,0,0,0,0,0,0,0
3358018,0,0,0,0,0,0,0,1
3358538,0,0,0,0,0,0,1,1
3358546,0,0,0,0,0,0,1,0
3359063,0,0,0,0,0,0,0,0
3359071,0,0,0,0,0,0,0,1
3359592,0,0,0,0,0,0,1,1
3359600,0,0,0,0,0,0,1,0
3360117,0,0,0,0,0,0,0,0
3360124,0,0,0,0,0,0,0,1
3360645,0,0,0,0,0,0,1,1
3360653,0,0,0,0,0,0,1,0
3361168,0,0,0,0,0,0,0,0
3361176,0,0,0,0,0,0,0,1
3361697,0,0,0,0,0,0,1,1
3361705,0,0,0,0,0,0,1,0
3362222,0,0,0,0,0,0,0,0
3362230,0,0,0,0,0,0,0,1
3362750,0,0,0,0,0,0,1,1
3362758,0,0,0,0,0,0,1,0
3363275,0,0,0,0,0,0,0,0
3363282,0,0,0,0,0,0,0,1
3363803,0,0,0,0,0,0,1,1
3363812,0,0,0,0,0,0,1,0
3364329,0,0,0,0,0,0,0,0
3364336,0,0,0,0,0,0,0,1
3364858,0,0,0,0,0,0,1,1
3364866,0,0,0,0,0,0,1,0
3365383,0,0,0,0,0,0,0,0
3365390,0,0,0,0,0,0,0,1
3365910,0,0,0,0,0,0,1,1
3365918,0,0,0,0,0,0,1,0
3366434,0,0,0,0,0,0,0,0
3366442,0,0,0,0,0,0,0,1
3366962,0,0,0,0,0,0,1,1
3366970,0,0,0,0,0,0,1,0
3367488,0,0,0,0,0,0,0,0
3367496,0,0,0,0,0,0,0,1
3368016,0,0,0,0,0,0,1,1
3368024,0,0,0,0,0,0,1,0
3368541,0,0,0,0,0,0,0,0
3368548,0,0,0,0,0,0,0,1
3369069,0,0,0,0,0,0,1,1
3369078,0,0,0,0,0,0,1,0
3369596,0,0,0,0,0,0,0,0
3369603,0,0,0,0,0,0,0,1
3370125,0,0,0,0,0,0,1,1
3370133,0,0,0,0,0,0,1,0
3370650,0,0,0,0,0,0,0,0
3370658,0,0,0,0,0,0,0,1
3371178,0,0,0,0,0,0,1,1
3371186,0,0,0,0,0,0,1,0
3371702,0,0,0,0,0,0,0,0
3371710,0,0,0,0,0,0,0,1
3372231,0,0,0,0,0,0,1,1
3372239,0,0,0,0,0,0,1,0
3372754,0,0,0,0,0,0,0,0
3372762,0,0,0,0,0,0,0,1
3373283,0,0,0,0,0,0,1,1
3373290,0,0,0,0,0,0,1,0
3373807,0,0,0,0,0,0,0,0
3373815,0,0,0,0,0,0,0,1
3374336,0,0,0,0,0,0,1,1
3374344,0,0,0,0,0,0,1,0
3374860,0,0,0,0,0,0,0,0
3374868,0,0,0,0,0,0,0,1
3375388,0,0,0,0,0,0,1,1
3375396,0,0,0,0,0,0,1,0
3375913,0,0,0,0,0,0,0,0
3375920,0,0,0,0,0,0,0,1
3376441,0,0,0,0,0,0,1,1
3376449,0,0,0,0,0,0,1,0
3376966,0,0,0,0,0,0,0,0
3376974,0,0,0,0,0,0,0,1
3377495,0,0,0,0,0,0,1,1
3377503,0,0,0,0,0,0,1,0
3378020,0,0,0,0,0,0,0,0
3378028,0,0,0,0,0,0,0,1
3378549,0,0,0,0,0,0,1,1
3378557,0,0,0,0,0,0,1,0
3379073,0,0,0,0,0,0,0,0
3379081,0,0,0,0,0,0,0,1
3379601,0,0,0,0,0,0,1,1
3379609,0,0,0,0,0,0,1,0
3380127,0,0,0,0,0,0,0,0
3380134,0,0,0,0,0,0,0,1
3380655,0,0,0,0,0,0,1,1
3380663,0,0,0,0,0,0,1,0
3381179,0,0,0,0,0,0,0,0
3381187,0,0,0,0,0,0,0,1
3381707,0,0,0,0,0,0,1,1
3381715,0,0,0,0,0,0,1,0
3382232,0,0,0,0,0,0,0,0
3382240,0,0,0,0,0,0,0,1
3382760,0,0,0,0,0,0,1,1
3382768,0,0,0,0,0,0,1,0
3383284,0,0,0,0,0,0,0,0
3383291,0,0,0,0,0,0,0,1
3383812,0,0,0,0,0,0,1,1
3383820,0,0,0,0,0,0,1,0
3384338,0,0,0,0,0,0,0,0
3384345,0,0,0,0,0,0,0,1
3384867,0,0,0,0,0,0,1,1
3384875,0,0,0,0,0,0,1,0
3385391,0,0,0,0,0,0,0,0
3385399,0,0,0,0,0,0,0,1
3385919,0,0,0,0,0,0,1,1
3385927,0,0,0,0,0,0,1,0
3386445,0,0,0,0,0,0,0,0
3386452,0,0,0,0,0,0,0,1
3386972,0,0,0,0,0,0,1,1
3386980,0,0,0,0,0,0,1,0
3387497,0,0,0,0,0,0,0,0
3387504,0,0,0,0,0,0,0,1
3388025,0,0,0,0,0,0,1,1
3388033,0,0,0,0,0,0,1,0
3388552,0,0,0,0,0,0,0,0
3388559,0,0,0,0,0,0,0,1
3389081,0,0,0,0,0,0,1,1
3389089,0,0,0,0,0,0,1,0
3389605,0,0,0,0,0,0,0,0
3389613,0,0,0,0,0,0,0,1
3390133,0,0,0,0,0,0,1,1
3390141,0,0,0,0,0,0,1,0
3390659,0,0,0,0,0,0,0,0
3390667,0,0,0,0,0,0,0,1
3391188,0,0,0,0,0,0,1,1
3391196,0,0,0,0,0,0,1,0
3391713,0,0,0,0,0,0,0,0
3391721,0,0,0,0,0,0,0,1
3392242,0,0,0,0,0,0,1,1
3392250,0,0,0,0,0,0,1,0
3392767,0,0,0,0,0,0,0,0
3392775,0,0,0,0,0,0,0,1
3393296,0,0,0,0,0,0,1,1
3393304,0,0,0,0,0,0,1,0
3393820,0,0,0,0,0,0,0,0
3393827,0,0,0,0,0,0,0,1
3394348,0,0,0,0,0,0,1,1
3394356,0,0,0,0,0,0,1,0
3394872,0,0,0,0,0,0,0,0
3394879,0,0,0,0,0,0,0,1
3395400,0,0,0,0,0,0,1,1
3395408,0,0,0,0,0,0,1,0
3395925,0,0,0,0,0,0,0,0
3395933,0,0,0,0,0,0,0,1
3396454,0,0,0,0,0,0,1,1
3396462,0,0,0,0,0,0,1,0
3396979,0,0,0,0,0,0,0,0
3396987,0,0,0,0,0,0,0,1
3397507,0,0,0,0,0,0,1,1
3397515,0,0,0,0,0,0,1,0
3398030,0,0,0,0,0,0,0,0
3398038,0,0,0,0,0,0,0,1
3398559,0,0,0,0,0,0,1,1
3398567,0,0,0,0,0,0,1,0
3399084,0,0,0,0,0,0,0,0
3399091,0,0,0,0,0,0,0,1
3399613,0,0,0,0,0,0,1,1
3399621,0,0,0,0,0,0,1,0
3400138,0,0,0,0,0,0,0,0
3400145,0,0,0,0,0,0,0,1
3400666,0,0,0,0,0,0,1,1
3400674,0,0,0,0,0,0,1,0
3401190,0,0,0,0,0,0,0,0
3401198,0,0,0,0,0,0,0,1
3401719,0,0,0,0,0,0,1,1
3401727,0,0,0,0,0,0,1,0
3402243,0,0,0,0,0,0,0,0
3402251,0,0,0,0,0,0,0,1
3402771,0,0,0,0,0,0,1,1
3402779,0,0,0,0,0,0,1,0
3403296,0,0,0,0,0,0,0,0
3403304,0,0,0,0,0,0,0,1
3403825,0,0,0,0,0,0,1,1
3403834,0,0,0,0,0,0,1,0
3404349,0,0,0,0,0,0,0,0
3404357,0,0,0,0,0,0,0,1
3404877,0,0,0,0,0,0,1,1
3404886,0,0,0,0,0,0,1,0
3405402,0,0,0,0,0,0,0,0
3405410,0,0,0,0,0,0,0,1
3405930,0,0,0,0,0,0,1,1
3405938,0,0,0,0,0,0,1,0
3406454,0,0,0,0,0,0,0,0
3406462,0,0,0,0,0,0,0,1
3406982,0,0,0,0,0,0,1,1
3406990,0,0,0,0,0,0,1,0
3407507,0,0,0,0,0,0,0,0
3407515,0,0,0,0,0,0,0,1
3408036,0,0,0,0,0,0,1,1
3408044,0,0,0,0,0,0,1,0
3408560,0,0,0,0,0,0,0,0
3408568,0,0,0,0,0,0,0,1
3409089,0,0,0,0,0,0,1,1
3409097,0,0,0,0,0,0,1,0
3409612,0,0,0,0,0,0,0,0
3409620,0,0,0,0,0,0,0,1
3410141,0,0,0,0,0,0,1,1
3410148,0,0,0,0,0,0,1,0
3410665,0,0,0,0,0,0,0,0
3410673,0,0,0,0,0,0,0,1
3411194,0,0,0,0,0,0,1,1
3411202,0,0,0,0,0,0,1,0
3411719,0,0,0,0,0,0,0,0
3411727,0,0,0,0,0,0,0,1
3412248,0,0,0,0,0,0,1,1
3412256,0,0,0,0,0,0,1,0
3412774,0,0,0,0,0,0,0,0
3412782,0,0,0,0,0,0,0,1
3413303,0,0,0,0,0,0,1,1
3413311,0,0,0,0,0,0,1,0
3413828,0,0,0,0,0,0,0,0
3413835,0,0,0,0,0,0,0,1
3414356,0,0,0,0,0,0,1,1
3414364,0,0,0,0,0,0,1,0
3414880,0,0,0,0,0,0,0,0
3414887,0,0,0,0,0,0,0,1
3415408,0,0,0,0,0,0,1,1
3415416,0,0,0,0,0,0,1,0
3415932,0,0,0,0,0,0,0,0
3415940,0,0,0,0,0,0,0,1
3416460,0,0,0,0,0,0,1,1
3416468,0,0,0,0,0,0,1,0
3416985,0,0,0,0,0,0,0,0
3416993,0,0,0,0,0,0,0,1
3417514,0,0,0,0,0,0,1,1
3417522,0,0,0,0,0,0,1,0
3418038,0,0,0,0,0,0,0,0
3418046,0,0,0,0,0,0,0,1
3418566,0,0,0,0,0,0,1,1
3418574,0,0,0,0,0,0,1,0
3419092,0,0,0,0,0,0,0,0
3419099,0,0,0,0,0,0,0,1
3419620,0,0,0,0,0,0,1,1
3419628,0,0,0,0,0,0,1,0
3420145,0,0,0,0,0,0,0,0
3420153,0,0,0,0,0,0,0,1
3420674,0,0,0,0,0,0,1,1
3420682,0,0,0,0,0,0,1,0
3421199,0,0,0,0,0,0,0,0
3421206,0,0,0,0,0,0,0,1
3421728,0,0,0,0,0,0,1,1
3421735,0,0,0,0,0,0,1,0
3422252,0,0,0,0,0,0,0,0
3422259,0,0,0,0,0,0,0,1
3422779,0,0,0,0,0,0,1,1
3422788,0,0,0,0,0,0,1,0
3423305,0,0,0,0,0,0,0,0
3423313,0,0,0,0,0,0,0,1
3423834,0,0,0,0,0,0,1,1
3423842,0,0,0,0,0,0,1,0
3424358,0,0,0,0,0,0,0,0
3424366,0,0,0,0,0,0,0,1
3424886,0,0,0,0,0,0,1,1
3424894,0,0,0,0,0,0,1,0
3425412,0,0,0,0,0,0,0,0
3425420,0,0,0,0,0,0,0,1
3425940,0,0,0,0,0,0,1,1
3425948,0,0,0,0,0,0,1,0
3426464,0,0,0,0,0,0,0,0
3426472,0,0,0,0,0,0,0,1
3426993,0,0,0,0,0,0,1,1
3427001,0,0,0,0,0,0,1,0
3427517,0,0,0,0,0,0,0,0
3427525,0,0,0,0,0,0,0,1
3428046,0,0,0,0,0,0,1,1
3428054,0,0,0,0,0,0,1,0
3428571,0,0,0,0,0,0,0,0
3428579,0,0,0,0,0,0,0,1
3429100,0,0,0,0,0,0,1,1
3429108,0,0,0,0,0,0,1,0
3429625,0,0,0,0,0,0,0,0
3429632,0,0,0,0,0,0,0,1
3430152,0,0,0,0,0,0,1,1
3430160,0,0,0,0,0,0,1,0
3430677,0,0,0,0,0,0,0,0
3430685,0,0,0,0,0,0,0,1
3431205,0,0,0,0,0,0,1,1
3431213,0,0,0,0,0,0,1,0
3431730,0,0,0,0,0,0,0,0
3431737,0,0,0,0,0,0,0,1
3432258,0,0,0,0,0,0,1,1
3432266,0,0,0,0,0,0,1,0
3432782,0,0,0,0,0,0,0,0
3432790,0,0,0,0,0,0,0,1
3433311,0,0,0,0,0,0,1,1
3433319,0,0,0,0,0,0,1,0
3433836,0,0,0,0,0,0,0,0
3433844,0,0,0,0,0,0,0,1
3434364,0,0,0,0,0,0,1,1
3434372,0,0,0,0,0,0,1,0
3434889,0,0,0,0,0,0,0,0
3434897,0,0,0,0,0,0,0,1
3435418,0,0,0,0,0,0,1,1
3435426,0,0,0,0,0,0,1,0
3435942,0,0,0,0,0,0,0,0
3435950,0,0,0,0,0,0,0,1
3436471,0,0,0,0,0,0,1,1
3436479,0,0,0,0,0,0,1,0
3436996,0,0,0,0,0,0,0,0
3437004,0,0,0,0,0,0,0,1
3437524,0,0,0,0,0,0,1,1
3437532,0,0,0,0,0,0,1,0
3438049,0,0,0,0,0,0,0,0
3438057,0,0,0,0,0,0,0,1
3438577,0,0,0,0,0,0,1,1
3438585,0,0,0,0,0,0,1,0
3439101,0,0,0,0,0,0,0,0
3439108,0,0,0,0,0,0,0,1
3439629,0,0,0,0,0,0,1,1
3439637,0,0,0,0,0,0,1,0
3440153,0,0,0,0,0,0,0,0
3440162,0,0,0,0,0,0,0,1
3440682,0,0,0,0,0,0,1,1
3440690,0,0,0,0,0,0,1,0
3441207,0,0,0,0,0,0,0,0
3441215,0,0,0,0,0,0,0,1
3441735,0,0,0,0,0,0,1,1
3441743,0,0,0,0,0,0,1,0
3442260,0,0,0,0,0,0,0,0
3442267,0,0,0,0,0,0,0,1
3442787,0,0,0,0,0,0,1,1
3442795,0,0,0,0,0,0,1,0
3443313,0,0,0,0,0,0,0,0
3443321,0,0,0,0,0,0,0,1
3443842,0,0,0,0,0,0,1,1
3443850,0,0,0,0,0,0,1,0
3444366,0,0,0,0,0,0,0,0
3444374,0,0,0,0,0,0,0,1
3444895,0,0,0,0,0,0,1,1
3444903,0,0,0,0,0,0,1,0
3445419,0,0,0,0,0,0,0,0
3445427,0,0,0,0,0,0,0,1
3445947,0,0,0,0,0,0,1,1
3445955,0,0,0,0,0,0,1,0
3446472,0,0,0,0,0,0,0,0
3446480,0,0,0,0,0,0,0,1
3447001,0,0,0,0,0,0,1,1
3447009,0,0,0,0,0,0,1,0
3447526,0,0,0,0,0,0,0,0
3447533,0,0,0,0,0,0,0,1
3448053,0,0,0,0,0,0,1,1
3448062,0,0,0,0,0,0,1,0
3448578,0,0,0,0,0,0,0,0
3448586,0,0,0,0,0,0,0,1
3449108,0,0,0,0,0,0,1,1
3449116,0,0,0,0,0,0,1,0
3449632,0,0,0,0,0,0,0,0
3449639,0,0,0,0,0,0,0,1
3450161,0,0,0,0,0,0,1,1
3450169,0,0,0,0,0,0,1,0
3450687,0,0,0,0,0,0,0,0
3450695,0,0,0,0,0,0,0,1
3451216,0,0,0,0,0,0,1,1
3451224,0,0,0,0,0,0,1,0
3451741,0,0,0,0,0,0,0,0
3451748,0,0,0,0,0,0,0,1
3452269,0,0,0,0,0,0,1,1
3452277,0,0,0,0,0,0,1,0
3452794,0,0,0,0,0,0,0,0
3452802,0,0,0,0,0,0,0,1
3453321,0,0,0,0,0,0,1,1
3453329,0,0,0,0,0,0,1,0
3453846,0,0,0,0,0,0,0,0
3453854,0,0,0,0,0,0,0,1
3454375,0,0,0,0,0,0,1,1
3454383,0,0,0,0,0,0,1,0
3454899,0,0,0,0,0,0,0,0
3454907,0,0,0,0,0,0,0,1
3455427,0,0,0,0,0,0,1,1
3455435,0,0,0,0,0,0,1,0
3455952,0,0,0,0,0,0,0,0
3455960,0,0,0,0,0,0,0,1
3456480,0,0,0,0,0,0,1,1
3456488,0,0,0,0,0,0,1,0
3457005,0,0,0,0,0,0,0,0
3457013,0,0,0,0,0,0,0,1
3457534,0,0,0,0,0,0,1,1
3457542,0,0,0,0,0,0,1,0
3458059,0,0,0,0,0,0,0,0
3458067,0,0,0,0,0,0,0,1
3458587,0,0,0,0,0,0,1,1
3458595,0,0,0,0,0,0,1,0
3459113,0,0,0,0,0,0,0,0
3459121,0,0,0,0,0,0,0,1
3459642,0,0,0,0,0,0,1,1
3459650,0,0,0,0,0,0,1,0
3460167,0,0,0,0,0,0,0,0
3460175,0,0,0,0,0,0,0,1
3460695,0,0,0,0,0,0,1,1
3460703,0,0,0,0,0,0,1,0
3461220,0,0,0,0,0,0,0,0
3461228,0,0,0,0,0,0,0,1
3461748,0,0,0,0,0,0,1,1
3461756,0,0,0,0,0,0,1,0
3462273,0,0,0,0,0,0,0,0
3462281,0,0,0,0,0,0,0,1
3462802,0,0,0,0,0,0,1,1
3462810,0,0,0,0,0,0,1,0
3463326,0,0,0,0,0,0,0,0
3463334,0,0,0,0,0,0,0,1
3463854,0,0,0,0,0,0,1,1
3463862,0,0,0,0,0,0,1,0
3464380,0,0,0,0,0,0,0,0
3464388,0,0,0,0,0,0,0,1
3464908,0,0,0,0,0,0,1,1
3464916,0,0,0,0,0,0,1,0
3465433,0,0,0,0,0,0,0,0
3465441,0,0,0,0,0,0,0,1
3465962,0,0,0,0,0,0,1,1
3465970,0,0,0,0,0,0,1,0
3466486,0,0,0,0,0,0,0,0
3466494,0,0,0,0,0,0,0,1
3467015,0,0,0,0,0,0,1,1
3467023,0,0,0,0,0,0,1,0
3467539,0,0,0,0,0,0,0,0
3467547,0,0,0,0,0,0,0,1
3468067,0,0,0,0,0,0,1,1
3468076,0,0,0,0,0,0,1,0
3468592,0,0,0,0,0,0,0,0
3468599,0,0,0,0,0,0,0,1
3469120,0,0,0,0,0,0,1,1
3469128,0,0,0,0,0,0,1,0
3469645,0,0,0,0,0,0,0,0
3469653,0,0,0,0,0,0,0,1
3470173,0,0,0,0,0,0,1,1
3470181,0,0,0,0,0,0,1,0
3470698,0,0,0,0,0,0,0,0
3470706,0,0,0,0,0,0,0,1
3471226,0,0,0,0,0,0,1,1
3471234,0,0,0,0,0,0,1,0
3471750,0,0,0,0,0,0,0,0
3471757,0,0,0,0,0,0,0,1
3472278,0,0,0,0,0,0,1,1
3472286,0,0,0,0,0,0,1,0
3472803,0,0,0,0,0,0,0,0
3472811,0,0,0,0,0,0,0,1
3473332,0,0,0,0,0,0,1,1
3473340,0,0,0,0,0,0,1,0
3473857,0,0,0,0,0,0,0,0
3473865,0,0,0,0,0,0,0,1
3474386,0,0,0,0,0,0,1,1
3474394,0,0,0,0,0,0,1,0
3474911,0,0,0,0,0,0,0,0
3474918,0,0,0,0,0,0,0,1
3475439,0,0,0,0,0,0,1,1
3475447,0,0,0,0,0,0,1,0
3475963,0,0,0,0,0,0,0,0
3475971,0,0,0,0,0,0,0,1
3476491,0,0,0,0,0,0,1,1
3476499,0,0,0,0,0,0,1,0
3477015,0,0,0,0,0,0,0,0
3477023,0,0,0,0,0,0,0,1
3477544,0,0,0,0,0,0,1,1
3477552,0,0,0,0,0,0,1,0
3478068,0,0,0,0,0,0,0,0
3478076,0,0,0,0,0,0,0,1
3478597,0,0,0,0,0,0,1,1
3478605,0,0,0,0,0,0,1,0
3479123,0,0,0,0,0,0,0,0
3479131,0,0,0,0,0,0,0,1
3479651,0,0,0,0,0,0,1,1
3479659,0,0,0,0,0,0,1,0
3480176,0,0,0,0,0,0,0,0
3480183,0,0,0,0,0,0,0,1
3480704,0,0,0,0,0,0,1,1
3480712,0,0,0,0,0,0,1,0
3481229,0,0,0,0,0,0,0,0
3481237,0,0,0,0,0,0,0,1
3481757,0,0,0,0,0,0,1,1
3481765,0,0,0,0,0,0,1,0
3482282,0,0,0,0,0,0,0,0
3482290,0,0,0,0,0,0,0,1
3482811,0,0,0,0,0,0,1,1
3482819,0,0,0,0,0,0,1,0
3483335,0,0,0,0,0,0,0,0
3483342,0,0,0,0,0,0,0,1
3483863,0,0,0,0,0,0,1,1
3483871,0,0,0,0,0,0,1,0
3484388,0,0,0,0,0,0,0,0
3484396,0,0,0,0,0,0,0,1
3484917,0,0,0,0,0,0,1,1
3484925,0,0,0,0,0,0,1,0
3485441,0,0,0,0,0,0,0,0
3485449,0,0,0,0,0,0,0,1
3485970,0,0,0,0,0,0,1,1
3485978,0,0,0,0,0,0,1,0
3486496,0,0,0,0,0,0,0,0
3486504,0,0,0,0,0,0,0,1
3487024,0,0,0,0,0,0,1,1
3487032,0,0,0,0,0,0,1,0
3487549,0,0,0,0,0,0,0,0
3487557,0,0,0,0,0,0,0,1
3488076,0,0,0,0,0,0,1,1
3488084,0,0,0,0,0,0,1,0
3488602,0,0,0,0,0,0,0,0
3488610,0,0,0,0,0,0,0,1
3489131,0,0,0,0,0,0,1,1
3489139,0,0,0,0,0,0,1,0
3489657,0,0,0,0,0,0,0,0
3489665,0,0,0,0,0,0,0,1
3490187,0,0,0,0,0,0,1,1
3490195,0,0,0,0,0,0,1,0
3490712,0,0,0,0,0,0,0,0
3490720,0,0,0,0,0,0,0,1
3491240,0,0,0,0,0,0,1,1
3491248,0,0,0,0,0,0,1,0
3491766,0,0,0,0,0,0,0,0
3491774,0,0,0,0,0,0,0,1
3492294,0,0,0,0,0,0,1,1
3492302,0,0,0,0,0,0,1,0
3492818,0,0,0,0,0,0,0,0
3492826,0,0,0,0,0,0,0,1
3493347,0,0,0,0,0,0,1,1
3493355,0,0,0,0,0,0,1,0
3493873,0,0,0,0,0,0,0,0
3493880,0,0,0,0,0,0,0,1
3494401,0,0,0,0,0,0,1,1
3494409,0,0,0,0,0,0,1,0
3494926,0,0,0,0,0,0,0,0
3494934,0,0,0,0,0,0,0,1
3495454,0,0,0,0,0,0,1,1
3495462,0,0,0,0,0,0,1,0
3495978,0,0,0,0,0,0,0,0
3495985,0,0,0,0,0,0,0,1
3496506,0,0,0,0,0,0,1,1
3496514,0,0,0,0,0,0,1,0
3497032,0,0,0,0,0,0,0,0
3497039,0,0,0,0,0,0,0,1
3497560,0,0,0,0,0,0,1,1
3497568,0,0,0,0,0,0,1,0
3498085,0,0,0,0,0,0,0,0
3498093,0,0,0,0,0,0,0,1
3498613,0,0,0,0,0,0,1,1
3498621,0,0,0,0,0,0,1,0
3499139,0,0,0,0,0,0,0,0
3499147,0,0,0,0,0,0,0,1
3499669,0,0,0,0,0,0,1,1
3499677,0,0,0,0,0,0,1,0
3500194,0,0,0,0,0,0,0,0
3500202,0,0,0,0,0,0,0,1
3500724,0,0,0,0,0,0,1,1
3500732,0,0,0,0,0,0,1,0
3501249,0,0,0,0,0,0,0,0
3501257,0,0,0,0,0,0,0,1
3501778,0,0,0,0,0,0,1,1
3501786,0,0,0,0,0,0,1,0
3502302,0,0,0,0,0,0,0,0
3502310,0,0,0,0,0,0,0,1
3502830,0,0,0,0,0,0,1,1
3502838,0,0,0,0,0,0,1,0
3503355,0,0,0,0,0,0,0,0
3503363,0,0,0,0,0,0,0,1
3503884,0,0,0,0,0,0,1,1
3503892,0,0,0,0,0,0,1,0
3504410,0,0,0,0,0,0,0,0
3504417,0,0,0,0,0,0,0,1
3504938,0,0,0,0,0,0,1,1
3504947,0,0,0,0,0,0,1,0
3505464,0,0,0,0,0,0,0,0
3505472,0,0,0,0,0,0,0,1
3505993,0,0,0,0,0,0,1,1
3506001,0,0,0,0,0,0,1,0
3506518,0,0,0,0,0,0,0,0
3506526,0,0,0,0,0,0,0,1
3507047,0,0,0,0,0,0,1,1
3507055,0,0,0,0,0,0,1,0
3507571,0,0,0,0,0,0,0,0
3507578,0,0,0,0,0,0,0,1
3508099,0,0,0,0,0,0,1,1
3508107,0,0,0,0,0,0,1,0
3508624,0,0,0,0,0,0,0,0
3508632,0,0,0,0,0,0,0,1
3509153,0,0,0,0,0,0,1,1
3509161,0,0,0,0,0,0,1,0
3509679,0,0,0,0,0,0,0,0
3509687,0,0,0,0,0,0,0,1
3510207,0,0,0,0,0,0,1,1
3510215,0,0,0,0,0,0,1,0
3510732,0,0,0,0,0,0,0,0
3510739,0,0,0,0,0,0,0,1
3511260,0,0,0,0,0,0,1,1
3511268,0,0,0,0,0,0,1,0
3511786,0,0,0,0,0,0,0,0
3511794,0,0,0,0,0,0,0,1
3512314,0,0,0,0,0,0,1,1
3512322,0,0,0,0,0,0,1,0
3512839,0,0,0,0,0,0,0,0
3512847,0,0,0,0,0,0,0,1
3513367,0,0,0,0,0,0,1,1
3513375,0,0,0,0,0,0,1,0
3513891,0,0,0,0,0,0,0,0
3513899,0,0,0,0,0,0,0,1
3514419,0,0,0,0,0,0,1,1
3514427,0,0,0,0,0,0,1,0
3514944,0,0,0,0,0,0,0,0
3514951,0,0,0,0,0,0,0,1
3515472,0,0,0,0,0,0,1,1
3515480,0,0,0,0,0,0,1,0
3515998,0,0,0,0,0,0,0,0
3516005,0,0,0,0,0,0,0,1
3516527,0,0,0,0,0,0,1,1
3516534,0,0,0,0,0,0,1,0
3517051,0,0,0,0,0,0,0,0
3517059,0,0,0,0,0,0,0,1
3517579,0,0,0,0,0,0,1,1
3517587,0,0,0,0,0,0,1,0
3518104,0,0,0,0,0,0,0,0
3518111,0,0,0,0,0,0,0,1
3518632,0,0,0,0,0,0,1,1
3518641,0,0,0,0,0,0,1,0
3519157,0,0,0,0,0,0,0,0
3519165,0,0,0,0,0,0,0,1
3519686,0,0,0,0,0,0,1,1
3519695,0,0,0,0,0,0,1,0
3520211,0,0,0,0,0,0,0,0
3520219,0,0,0,0,0,0,0,1
3520741,0,0,0,0,0,0,1,1
3520749,0,0,0,0,0,0,1,0
3521267,0,0,0,0,0,0,0,0
3521275,0,0,0,0,0,0,0,1
3521795,0,0,0,0,0,0,1,1
3521803,0,0,0,0,0,0,1,0
3522320,0,0,0,0,0,0,0,0
3522327,0,0,0,0,0,0,0,1
3522847,0,0,0,0,0,0,1,1
3522856,0,0,0,0,0,0,1,0
3523372,0,0,0,0,0,0,0,0
3523380,0,0,0,0,0,0,0,1
3523900,0,0,0,0,0,0,1,1
3523908,0,0,0,0,0,0,1,0
3524425,0,0,0,0,0,0,0,0
3524433,0,0,0,0,0,0,0,1
3524954,0,0,0,0,0,0,1,1
3524962,0,0,0,0,0,0,1,0
3525478,0,0,0,0,0,0,0,0
3525485,0,0,0,0,0,0,0,1
3526006,0,0,0,0,0,0,1,1
3526014,0,0,0,0,0,0,1,0
3526531,0,0,0,0,0,0,0,0
3526539,0,0,0,0,0,0,0,1
3527060,0,0,0,0,0,0,1,1
3527068,0,0,0,0,0,0,1,0
3527586,0,0,0,0,0,0,0,0
3527593,0,0,0,0,0,0,0,1
3528114,0,0,0,0,0,0,1,1
3528122,0,0,0,0,0,0,1,0
3528638,0,0,0,0,0,0,0,0
3528646,0,0,0,0,0,0,0,1
3529167,0,0,0,0,0,0,1,1
3529175,0,0,0,0,0,0,1,0
3529691,0,0,0,0,0,0,0,0
3529698,0,0,0,0,0,0,0,1
3530219,0,0,0,0,0,0,1,1
3530227,0,0,0,0,0,0,1,0
3530743,0,0,0,0,0,0,0,0
3530751,0,0,0,0,0,0,0,1
3531270,0,0,0,0,0,0,1,1
3531279,0,0,0,0,0,0,1,0
3531795,0,0,0,0,0,0,0,0
3531803,0,0,0,0,0,0,0,1
3532324,0,0,0,0,0,0,1,1
3532332,0,0,0,0,0,0,1,0
3532849,0,0,0,0,0,0,0,0
3532858,0,0,0,0,0,0,0,1
3533379,0,0,0,0,0,0,1,1
3533387,0,0,0,0,0,0,1,0
3533903,0,0,0,0,0,0,0,0
3533910,0,0,0,0,0,0,0,1
3534431,0,0,0,0,0,0,1,1
3534439,0,0,0,0,0,0,1,0
3534957,0,0,0,0,0,0,0,0
3534965,0,0,0,0,0,0,0,1
3535486,0,0,0,0,0,0,1,1
3535494,0,0,0,0,0,0,1,0
3536011,0,0,0,0,0,0,0,0
3536018,0,0,0,0,0,0,0,1
3536540,0,0,0,0,0,0,1,1
3536547,0,0,0,0,0,0,1,0
3537064,0,0,0,0,0,0,0,0
3537072,0,0,0,0,0,0,0,1
3537593,0,0,0,0,0,0,1,1
3537601,0,0,0,0,0,0,1,0
3538117,0,0,0,0,0,0,0,0
3538125,0,0,0,0,0,0,0,1
3538645,0,0,0,0,0,0,1,1
3538653,0,0,0,0,0,0,1,0
3539169,0,0,0,0,0,0,0,0
3539177,0,0,0,0,0,0,0,1
3539697,0,0,0,0,0,0,1,1
3539705,0,0,0,0,0,0,1,0
3540222,0,0,0,0,0,0,0,0
3540230,0,0,0,0,0,0,0,1
3540751,0,0,0,0,0,0,1,1
3540759,0,0,0,0,0,0,1,0
3541274,0,0,0,0,0,0,0,0
3541282,0,0,0,0,0,0,0,1
3541803,0,0,0,0,0,0,1,1
3541811,0,0,0,0,0,0,1,0
3542327,0,0,0,0,0,0,0,0
3542335,0,0,0,0,0,0,0,1
3542855,0,0,0,0,0,0,1,1
3542863,0,0,0,0,0,0,1,0
3543380,0,0,0,0,0,0,0,0
3543388,0,0,0,0,0,0,0,1
3543909,0,0,0,0,0,0,1,1
3543917,0,0,0,0,0,0,1,0
3544434,0,0,0,0,0,0,0,0
3544442,0,0,0,0,0,0,0,1
3544962,0,0,0,0,0,0,1,1
3544970,0,0,0,0,0,0,1,0
3545487,0,0,0,0,0,0,0,0
3545495,0,0,0,0,0,0,0,1
3546016,0,0,0,0,0,0,1,1
3546024,0,0,0,0,0,0,1,0
3546540,0,0,0,0,0,0,0,0
3546547,0,0,0,0,0,0,0,1
3547067,0,0,0,0,0,0,1,1
3547076,0,0,0,0,0,0,1,0
3547593,0,0,0,0,0,0,0,0
3547600,0,0,0,0,0,0,0,1
3548122,0,0,0,0,0,0,1,1
3548130,0,0,0,0,0,0,1,0
3548647,0,0,0,0,0,0,0,0
3548654,0,0,0,0,0,0,0,1
3549175,0,0,0,0,0,0,1,1
3549183,0,0,0,0,0,0,1,0
3549699,0,0,0,0,0,0,0,0
3549707,0,0,0,0,0,0,0,1
3550227,0,0,0,0,0,0,1,1
3550235,0,0,0,0,0,0,1,0
3550752,0,0,0,0,0,0,0,0
3550760,0,0,0,0,0,0,0,1
3551281,0,0,0,0,0,0,1,1
3551289,0,0,0,0,0,0,1,0
3551807,0,0,0,0,0,0,0,0
3551815,0,0,0,0,0,0,0,1
3552334,0,0,0,0,0,0,1,1
3552342,0,0,0,0,0,0,1,0
3552860,0,0,0,0,0,0,0,0
3552867,0,0,0,0,0,0,0,1
3553389,0,0,0,0,0,0,1,1
3553397,0,0,0,0,0,0,1,0
3553913,0,0,0,0,0,0,0,0
3553921,0,0,0,0,0,0,0,1
3554441,0,0,0,0,0,0,1,1
3554449,0,0,0,0,0,0,1,0
3554968,0,0,0,0,0,0,0,0
3554975,0,0,0,0,0,0,0,1
3555496,0,0,0,0,0,0,1,1
3555504,0,0,0,0,0,0,1,0
3556021,0,0,0,0,0,0,0,0
3556029,0,0,0,0,0,0,0,1
3556550,0,0,0,0,0,0,1,1
3556558,0,0,0,0,0,0,1,0
3557074,0,0,0,0,0,0,0,0
3557082,0,0,0,0,0,0,0,1
3557602,0,0,0,0,0,0,1,1
3557610,0,0,0,0,0,0,1,0
3558127,0,0,0,0,0,0,0,0
3558135,0,0,0,0,0,0,0,1
3558656,0,0,0,0,0,0,1,1
3558665,0,0,0,0,0,0,1,0
3559181,0,0,0,0,0,0,0,0
3559189,0,0,0,0,0,0,0,1
3559709,0,0,0,0,0,0,1,1
3559718,0,0,0,0,0,0,1,0
3560234,0,0,0,0,0,0,0,0
3560242,0,0,0,0,0,0,0,1
3560763,0,0,0,0,0,0,1,1
3560771,0,0,0,0,0,0,1,0
3561287,0,0,0,0,0,0,0,0
3561295,0,0,0,0,0,0,0,1
3561816,0,0,0,0,0,0,1,1
3561824,0,0,0,0,0,0,1,0
3562341,0,0,0,0,0,0,0,0
3562348,0,0,0,0,0,0,0,1
3562869,0,0,0,0,0,0,1,1
3562877,0,0,0,0,0,0,1,0
3563393,0,0,0,0,0,0,0,0
3563400,0,0,0,0,0,0,0,1
3563921,0,0,0,0,0,0,1,1
3563929,0,0,0,0,0,0,1,0
3564446,0,0,0,0,0,0,0,0
3564453,0,0,0,0,0,0,0,1
3564974,0,0,0,0,0,0,1,1
3564982,0,0,0,0,0,0,1,0
3565499,0,0,0,0,0,0,0,0
3565507,0,0,0,0,0,0,0,1
3566027,0,0,0,0,0,0,1,1
3566035,0,0,0,0,0,0,1,0
3566552,0,0,0,0,0,0,0,0
3566560,0,0,0,0,0,0,0,1
3567081,0,0,0,0,0,0,1,1
3567089,0,0,0,0,0,0,1,0
3567605,0,0,0,0,0,0,0,0
3567613,0,0,0,0,0,0,0,1
3568133,0,0,0,0,0,0,1,1
3568141,0,0,0,0,0,0,1,0
3568658,0,0,0,0,0,0,0,0
3568666,0,0,0,0,0,0,0,1
3569187,0,0,0,0,0,0,1,1
3569195,0,0,0,0,0,0,1,0
3569711,0,0,0,0,0,0,0,0
3569719,0,0,0,0,0,0,0,1
3570240,0,0,0,0,0,0,1,1
3570247,0,0,0,0,0,0,1,0
3570763,0,0,0,0,0,0,0,0
3570770,0,0,0,0,0,0,0,1
3571291,0,0,0,0,0,0,1,1
3571299,0,0,0,0,0,0,1,0
3571816,0,0,0,0,0,0,0,0
3571824,0,0,0,0,0,0,0,1
3572344,0,0,0,0,0,0,1,1
3572352,0,0,0,0,0,0,1,0
3572869,0,0,0,0,0,0,0,0
3572877,0,0,0,0,0,0,0,1
3573398,0,0,0,0,0,0,1,1
3573406,0,0,0,0,0,0,1,0
3573923,0,0,0,0,0,0,0,0
3573931,0,0,0,0,0,0,0,1
3574451,0,0,0,0,0,0,1,1
3574460,0,0,0,0,0,0,1,0
3574976,0,0,0,0,0,0,0,0
3574984,0,0,0,0,0,0,0,1
3575505,0,0,0,0,0,0,1,1
3575513,0,0,0,0,0,0,1,0
3576029,0,0,0,0,0,0,0,0
3576037,0,0,0,0,0,0,0,1
3576557,0,0,0,0,0,0,1,1
3576565,0,0,0,0,0,0,1,0
3577082,0,0,0,0,0,0,0,0
3577090,0,0,0,0,0,0,0,1
3577611,0,0,0,0,0,0,1,1
3577619,0,0,0,0,0,0,1,0
3578136,0,0,0,0,0,0,0,0
3578144,0,0,0,0,0,0,0,1
3578665,0,0,0,0,0,0,1,1
3578673,0,0,0,0,0,0,1,0
3579189,0,0,0,0,0,0,0,0
3579197,0,0,0,0,0,0,0,1
3579718,0,0,0,0,0,0,1,1
3579726,0,0,0,0,0,0,1,0
3580241,0,0,0,0,0,0,0,0
3580249,0,0,0,0,0,0,0,1
3580770,0,0,0,0,0,0,1,1
3580778,0,0,0,0,0,0,1,0
3581295,0,0,0,0,0,0,0,0
3581303,0,0,0,0,0,0,0,1
3581824,0,0,0,0,0,0,1,1
3581832,0,0,0,0,0,0,1,0
3582349,0,0,0,0,0,0,0,0
3582356,0,0,0,0,0,0,0,1
3582877,0,0,0,0,0,0,1,1
3582885,0,0,0,0,0,0,1,0
3583400,0,0,0,0,0,0,0,0
3583408,0,0,0,0,0,0,0,1
3583929,0,0,0,0,0,0,1,1
3583937,0,0,0,0,0,0,1,0
3584453,0,0,0,0,0,0,0,0
3584461,0,0,0,0,0,0,0,1
3584981,0,0,0,0,0,0,1,1
3584989,0,0,0,0,0,0,1,0
3585507,0,0,0,0,0,0,0,0
3585514,0,0,0,0,0,0,0,1
3586035,0,0,0,0,0,0,1,1
3586043,0,0,0,0,0,0,1,0
3586560,0,0,0,0,0,0,0,0
3586567,0,0,0,0,0,0,0,1
3587088,0,0,0,0,0,0,1,1
3587097,0,0,0,0,0,0,1,0
3587613,0,0,0,0,0,0,0,0
3587620,0,0,0,0,0,0,0,1
3588141,0,0,0,0,0,0,1,1
3588149,0,0,0,0,0,0,1,0
3588666,0,0,0,0,0,0,0,0
3588673,0,0,0,0,0,0,0,1
3589194,0,0,0,0,0,0,1,1
3589202,0,0,0,0,0,0,1,0
3589718,0,0,0,0,0,0,0,0
3589726,0,0,0,0,0,0,0,1
3590246,0,0,0,0,0,0,1,1
3590255,0,0,0,0,0,0,1,0
3590772,0,0,0,0,0,0,0,0
3590780,0,0,0,0,0,0,0,1
3591300,0,0,0,0,0,0,1,1
3591308,0,0,0,0,0,0,1,0
3591825,0,0,0,0,0,0,0,0
3591833,0,0,0,0,0,0,0,1
3592354,0,0,0,0,0,0,1,1
3592361,0,0,0,0,0,0,1,0
3592878,0,0,0,0,0,0,0,0
3592886,0,0,0,0,0,0,0,1
3593407,0,0,0,0,0,0,1,1
3593416,0,0,0,0,0,0,1,0
3593933,0,0,0,0,0,0,0,0
3593941,0,0,0,0,0,0,0,1
3594462,0,0,0,0,0,0,1,1
3594470,0,0,0,0,0,0,1,0
3594987,0,0,0,0,0,0,0,0
3594994,0,0,0,0,0,0,0,1
3595515,0,0,0,0,0,0,1,1
3595523,0,0,0,0,0,0,1,0
3596041,0,0,0,0,0,0,0,0
3596049,0,0,0,0,0,0,0,1
3596570,0,0,0,0,0,0,1,1
3596578,0,0,0,0,0,0,1,0
3597095,0,0,0,0,0,0,0,0
3597103,0,0,0,0,0,0,0,1
3597623,0,0,0,0,0,0,1,1
3597632,0,0,0,0,0,0,1,0
3598147,0,0,0,0,0,0,0,0
3598155,0,0,0,0,0,0,0,1
3598675,0,0,0,0,0,0,1,1
3598684,0,0,0,0,0,0,1,0
3599200,0,0,0,0,0,0,0,0
3599208,0,0,0,0,0,0,0,1
3599729,0,0,0,0,0,0,1,1
3599737,0,0,0,0,0,0,1,0
3600253,0,0,0,0,0,0,0,0
3600261,0,0,0,0,0,0,0,1
3600782,0,0,0,0,0,0,1,1
3600789,0,0,0,0,0,0,1,0
3601306,0,0,0,0,0,0,0,0
3601314,0,0,0,0,0,0,0,1
3601835,0,0,0,0,0,0,1,1
3601843,0,0,0,0,0,0,1,0
3602360,0,0,0,0,0,0,0,0
3602369,0,0,0,0,0,0,0,1
3602890,0,0,0,0,0,0,1,1
3602898,0,0,0,0,0,0,1,0
3603414,0,0,0,0,0,0,0,0
3603421,0,0,0,0,0,0,0,1
3603942,0,0,0,0,0,0,1,1
3603950,0,0,0,0,0,0,1,0
3604467,0,0,0,0,0,0,0,0
3604475,0,0,0,0,0,0,0,1
3604996,0,0,0,0,0,0,1,1
3605005,0,0,0,0,0,0,1,0
3605521,0,0,0,0,0,0,0,0
3605529,0,0,0,0,0,0,0,1
3606049,0,0,0,0,0,0,1,1
3606057,0,0,0,0,0,0,1,0
3606575,0,0,0,0,0,0,0,0
3606582,0,0,0,0,0,0,0,1
3607103,0,0,0,0,0,0,1,1
3607111,0,0,0,0,0,0,1,0
3607629,0,0,0,0,0,0,0,0
3607636,0,0,0,0,0,0,0,1
3608158,0,0,0,0,0,0,1,1
3608166,0,0,0,0,0,0,1,0
3608682,0,0,0,0,0,0,0,0
3608690,0,0,0,0,0,0,0,1
3609211,0,0,0,0,0,0,1,1
3609219,0,0,0,0,0,0,1,0
3609736,0,0,0,0,0,0,0,0
3609744,0,0,0,0,0,0,0,1
3610265,0,0,0,0,0,0,1,1
3610273,0,0,0,0,0,0,1,0
3610789,0,0,0,0,0,0,0,0
3610797,0,0,0,0,0,0,0,1
3611318,0,0,0,0,0,0,1,1
3611326,0,0,0,0,0,0,1,0
3611842,0,0,0,0,0,0,0,0
3611850,0,0,0,0,0,0,0,1
3612371,0,0,0,0,0,0,1,1
3612378,0,0,0,0,0,0,1,0
3612896,0,0,0,0,0,0,0,0
3612903,0,0,0,0,0,0,0,1
3613425,0,0,0,0,0,0,1,1
3613433,0,0,0,0,0,0,1,0
3613950,0,0,0,0,0,0,0,0
3613957,0,0,0,0,0,0,0,1
3614477,0,0,0,0,0,0,1,1
3614485,0,0,0,0,0,0,1,0
3615002,0,0,0,0,0,0,0,0
3615010,0,0,0,0,0,0,0,1
3615531,0,0,0,0,0,0,1,1
3615539,0,0,0,0,0,0,1,0
3616055,0,0,0,0,0,0,0,0
3616063,0,0,0,0,0,0,0,1
3616584,0,0,0,0,0,0,1,1
3616592,0,0,0,0,0,0,1,0
3617109,0,0,0,0,0,0,0,0
3617117,0,0,0,0,0,0,0,1
3617638,0,0,0,0,0,0,1,1
3617646,0,0,0,0,0,0,1,0
3618163,0,0,0,0,0,0,0,0
3618171,0,0,0,0,0,0,0,1
3618692,0,0,0,0,0,0,1,1
3618700,0,0,0,0,0,0,1,0
3619216,0,0,0,0,0,0,0,0
3619224,0,0,0,0,0,0,0,1
3619745,0,0,0,0,0,0,1,1
3619753,0,0,0,0,0,0,1,0
3620269,0,0,0,0,0,0,0,0
3620277,0,0,0,0,0,0,0,1
3620799,0,0,0,0,0,0,1,1
3620807,0,0,0,0,0,0,1,0
3621323,0,0,0,0,0,0,0,0
3621331,0,0,0,0,0,0,0,1
3621852,0,0,0,0,0,0,1,1
3621860,0,0,0,0,0,0,1,0
3622378,0,0,0,0,0,0,0,0
3622385,0,0,0,0,0,0,0,1
3622905,0,0,0,0,0,0,1,1
3622914,0,0,0,0,0,0,1,0
3623430,0,0,0,0,0,0,0,0
3623438,0,0,0,0,0,0,0,1
3623959,0,0,0,0,0,0,1,1
3623967,0,0,0,0,0,0,1,0
3624483,0,0,0,0,0,0,0,0
3624490,0,0,0,0,0,0,0,1
3625011,0,0,0,0,0,0,1,1
3625019,0,0,0,0,0,0,1,0
3625536,0,0,0,0,0,0,0,0
3625544,0,0,0,0,0,0,0,1
3626064,0,0,0,0,0,0,1,1
3626072,0,0,0,0,0,0,1,0
3626588,0,0,0,0,0,0,0,0
3626596,0,0,0,0,0,0,0,1
3627116,0,0,0,0,0,0,1,1
3627124,0,0,0,0,0,0,1,0
3627641,0,0,0,0,0,0,0,0
3627649,0,0,0,0,0,0,0,1
3628169,0,0,0,0,0,0,1,1
3628177,0,0,0,0,0,0,1,0
3628693,0,0,0,0,0,0,0,0
3628701,0,0,0,0,0,0,0,1
3629221,0,0,0,0,0,0,1,1
3629229,0,0,0,0,0,0,1,0
3629745,0,0,0,0,0,0,0,0
3629753,0,0,0,0,0,0,0,1
3630273,0,0,0,0,0,0,1,1
3630281,0,0,0,0,0,0,1,0
3630797,0,0,0,0,0,0,0,0
3630805,0,0,0,0,0,0,0,1
3631326,0,0,0,0,0,0,1,1
3631334,0,0,0,0,0,0,1,0
3631851,0,0,0,0,0,0,0,0
3631859,0,0,0,0,0,0,0,1
3632379,0,0,0,0,0,0,1,1
3632387,0,0,0,0,0,0,1,0
3632904,0,0,0,0,0,0,0,0
3632911,0,0,0,0,0,0,0,1
3633432,0,0,0,0,0,0,1,1
3633440,0,0,0,0,0,0,1,0
3633957,0,0,0,0,0,0,0,0
3633965,0,0,0,0,0,0,0,1
3634485,0,0,0,0,0,0,1,1
3634493,0,0,0,0,0,0,1,0
3635010,0,0,0,0,0,0,0,0
3635018,0,0,0,0,0,0,0,1
3635538,0,0,0,0,0,0,1,1
3635546,0,0,0,0,0,0,1,0
3636063,0,0,0,0,0,0,0,0
3636071,0,0,0,0,0,0,0,1
3636591,0,0,0,0,0,0,1,1
3636599,0,0,0,0,0,0,1,0
3637116,0,0,0,0,0,0,0,0
3637124,0,0,0,0,0,0,0,1
3637645,0,0,0,0,0,0,1,1
3637653,0,0,0,0,0,0,1,0
3638170,0,0,0,0,0,0,0,0
3638177,0,0,0,0,0,0,0,1
3638698,0,0,0,0,0,0,1,1
3638706,0,0,0,0,0,0,1,0
3639223,0,0,0,0,0,0,0,0
3639231,0,0,0,0,0,0,0,1
3639752,0,0,0,0,0,0,1,1
3639760,0,0,0,0,0,0,1,0
3640277,0,0,0,0,0,0,0,0
3640285,0,0,0,0,0,0,0,1
3640805,0,0,0,0,0,0,1,1
3640813,0,0,0,0,0,0,1,0
3641330,0,0,0,0,0,0,0,0
3641338,0,0,0,0,0,0,0,1
3641859,0,0,0,0,0,0,1,1
3641867,0,0,0,0,0,0,1,0
3642385,0,0,0,0,0,0,0,0
3642393,0,0,0,0,0,0,0,1
3642915,0,0,0,0,0,0,1,1
3642922,0,0,0,0,0,0,1,0
3643440,0,0,0,0,0,0,0,0
3643447,0,0,0,0,0,0,0,1
3643968,0,0,0,0,0,0,1,1
3643976,0,0,0,0,0,0,1,0
3644492,0,0,0,0,0,0,0,0
3644500,0,0,0,0,0,0,0,1
3645022,0,0,0,0,0,0,1,1
3645030,0,0,0,0,0,0,1,0
3645546,0,0,0,0,0,0,0,0
3645554,0,0,0,0,0,0,0,1
3646074,0,0,0,0,0,0,1,1
3646082,0,0,0,0,0,0,1,0
3646599,0,0,0,0,0,0,0,0
3646607,0,0,0,0,0,0,0,1
3647128,0,0,0,0,0,0,1,1
3647136,0,0,0,0,0,0,1,0
3647652,0,0,0,0,0,0,0,0
3647659,0,0,0,0,0,0,0,1
3648180,0,0,0,0,0,0,1,1
3648188,0,0,0,0,0,0,1,0
3648706,0,0,0,0,0,0,0,0
3648714,0,0,0,0,0,0,0,1
3649234,0,0,0,0,0,0,1,1
3649242,0,0,0,0,0,0,1,0
3649759,0,0,0,0,0,0,0,0
3649766,0,0,0,0,0,0,0,1
3650287,0,0,0,0,0,0,1,1
3650295,0,0,0,0,0,0,1,0
3650813,0,0,0,0,0,0,0,0
3650821,0,0,0,0,0,0,0,1
3651341,0,0,0,0,0,0,1,1
3651349,0,0,0,0,0,0,1,0
3651866,0,0,0,0,0,0,0,0
3651874,0,0,0,0,0,0,0,1
3652395,0,0,0,0,0,0,1,1
3652403,0,0,0,0,0,0,1,0
3652920,0,0,0,0,0,0,0,0
3652928,0,0,0,0,0,0,0,1
3653450,0,0,0,0,0,0,1,1
3653458,0,0,0,0,0,0,1,0
3653975,0,0,0,0,0,0,0,0
3653983,0,0,0,0,0,0,0,1
3654504,0,0,0,0,0,0,1,1
3654512,0,0,0,0,0,0,1,0
3655029,0,0,0,0,0,0,0,0
3655037,0,0,0,0,0,0,0,1
3655557,0,0,0,0,0,0,1,1
3655565,0,0,0,0,0,0,1,0
3656082,0,0,0,0,0,0,0,0
3656089,0,0,0,0,0,0,0,1
3656610,0,0,0,0,0,0,1,1
3656618,0,0,0,0,0,0,1,0
3657135,0,0,0,0,0,0,0,0
3657143,0,0,0,0,0,0,0,1
3657664,0,0,0,0,0,0,1,1
3657672,0,0,0,0,0,0,1,0
3658189,0,0,0,0,0,0,0,0
3658197,0,0,0,0,0,0,0,1
3658718,0,0,0,0,0,0,1,1
3658726,0,0,0,0,0,0,1,0
3659243,0,0,0,0,0,0,0,0
3659250,0,0,0,0,0,0,0,1
3659771,0,0,0,0,0,0,1,1
3659779,0,0,0,0,0,0,1,0
3660295,0,0,0,0,0,0,0,0
3660302,0,0,0,0,0,0,0,1
3660823,0,0,0,0,0,0,1,1
3660831,0,0,0,0,0,0,1,0
3661347,0,0,0,0,0,0,0,0
3661355,0,0,0,0,0,0,0,1
3661875,0,0,0,0,0,0,1,1
3661883,0,0,0,0,0,0,1,0
3662399,0,0,0,0,0,0,0,0
3662407,0,0,0,0,0,0,0,1
3662927,0,0,0,0,0,0,1,1
3662935,0,0,0,0,0,0,1,0
3663452,0,0,0,0,0,0,0,0
3663460,0,0,0,0,0,0,0,1
3663980,0,0,0,0,0,0,1,1
3663988,0,0,0,0,0,0,1,0
3664504,0,0,0,0,0,0,0,0
3664512,0,0,0,0,0,0,0,1
3665032,0,0,0,0,0,0,1,1
3665040,0,0,0,0,0,0,1,0
3665557,0,0,0,0,0,0,0,0
3665564,0,0,0,0,0,0,0,1
3666085,0,0,0,0,0,0,1,1
3666093,0,0,0,0,0,0,1,0
3666610,0,0,0,0,0,0,0,0
3666617,0,0,0,0,0,0,0,1
3667139,0,0,0,0,0,0,1,1
3667147,0,0,0,0,0,0,1,0
3667663,0,0,0,0,0,0,0,0
3667671,0,0,0,0,0,0,0,1
3668192,0,0,0,0,0,0,1,1
3668200,0,0,0,0,0,0,1,0
3668717,0,0,0,0,0,0,0,0
3668725,0,0,0,0,0,0,0,1
3669246,0,0,0,0,0,0,1,1
3669254,0,0,0,0,0,0,1,0
3669771,0,0,0,0,0,0,0,0
3669778,0,0,0,0,0,0,0,1
3670300,0,0,0,0,0,0,1,1
3670308,0,0,0,0,0,0,1,0
3670824,0,0,0,0,0,0,0,0
3670832,0,0,0,0,0,0,0,1
3671352,0,0,0,0,0,0,1,1
3671360,0,0,0,0,0,0,1,0
3671877,0,0,0,0,0,0,0,0
3671885,0,0,0,0,0,0,0,1
3672406,0,0,0,0,0,0,1,1
3672414,0,0,0,0,0,0,1,0
3672931,0,0,0,0,0,0,0,0
3672939,0,0,0,0,0,0,0,1
3673459,0,0,0,0,0,0,1,1
3673467,0,0,0,0,0,0,1,0
3673985,0,0,0,0,0,0,0,0
3673992,0,0,0,0,0,0,0,1
3674513,0,0,0,0,0,0,1,1
3674521,0,0,0,0,0,0,1,0
3675038,0,0,0,0,0,0,0,0
3675045,0,0,0,0,0,0,0,1
3675566,0,0,0,0,0,0,1,1
3675574,0,0,0,0,0,0,1,0
3676091,0,0,0,0,0,0,0,0
3676099,0,0,0,0,0,0,0,1
3676620,0,0,0,0,0,0,1,1
3676628,0,0,0,0,0,0,1,0
3677144,0,0,0,0,0,0,0,0
3677152,0,0,0,0,0,0,0,1
3677673,0,0,0,0,0,0,1,1
3677681,0,0,0,0,0,0,1,0
3678199,0,0,0,0,0,0,0,0
3678207,0,0,0,0,0,0,0,1
3678728,0,0,0,0,0,0,1,1
3678736,0,0,0,0,0,0,1,0
3679254,0,0,0,0,0,0,0,0
3679262,0,0,0,0,0,0,0,1
3679781,0,0,0,0,0,0,1,1
3679789,0,0,0,0,0,0,1,0
3680307,0,0,0,0,0,0,0,0
3680315,0,0,0,0,0,0,0,1
3680835,0,0,0,0,0,0,1,1
3680843,0,0,0,0,0,0,1,0
3681360,0,0,0,0,0,0,0,0
3681368,0,0,0,0,0,0,0,1
3681889,0,0,0,0,0,0,1,1
3681897,0,0,0,0,0,0,1,0
3682414,0,0,0,0,0,0,0,0
3682421,0,0,0,0,0,0,0,1
3682942,0,0,0,0,0,0,1,1
3682950,0,0,0,0,0,0,1,0
3683467,0,0,0,0,0,0,0,0
3683474,0,0,0,0,0,0,0,1
3683996,0,0,0,0,0,0,1,1
3684003,0,0,0,0,0,0,1,0
3684520,0,0,0,0,0,0,0,0
3684528,0,0,0,0,0,0,0,1
3685048,0,0,0,0,0,0,1,1
3685057,0,0,0,0,0,0,1,0
3685574,0,0,0,0,0,0,0,0
3685582,0,0,0,0,0,0,0,1
3686103,0,0,0,0,0,0,1,1
3686111,0,0,0,0,0,0,1,0
3686627,0,0,0,0,0,0,0,0
3686635,0,0,0,0,0,0,0,1
3687156,0,0,0,0,0,0,1,1
3687164,0,0,0,0,0,0,1,0
3687681,0,0,0,0,0,0,0,0
3687689,0,0,0,0,0,0,0,1
3688210,0,0,0,0,0,0,1,1
3688218,0,0,0,0,0,0,1,0
3688734,0,0,0,0,0,0,0,0
3688742,0,0,0,0,0,0,0,1
3689263,0,0,0,0,0,0,1,1
3689271,0,0,0,0,0,0,1,0
3689788,0,0,0,0,0,0,0,0
3689796,0,0,0,0,0,0,0,1
3690316,0,0,0,0,0,0,1,1
3690325,0,0,0,0,0,0,1,0
3690842,0,0,0,0,0,0,0,0
3690849,0,0,0,0,0,0,0,1
3691370,0,0,0,0,0,0,1,1
3691378,0,0,0,0,0,0,1,0
3691895,0,0,0,0,0,0,0,0
3691902,0,0,0,0,0,0,0,1
3692422,0,0,0,0,0,0,1,1
3692431,0,0,0,0,0,0,1,0
3692949,0,0,0,0,0,0,0,0
3692956,0,0,0,0,0,0,0,1
3693476,0,0,0,0,0,0,1,1
3693485,0,0,0,0,0,0,1,0
3694001,0,0,0,0,0,0,0,0
3694009,0,0,0,0,0,0,0,1
3694530,0,0,0,0,0,0,1,1
3694538,0,0,0,0,0,0,1,0
3695054,0,0,0,0,0,0,0,0
3695062,0,0,0,0,0,0,0,1
3695582,0,0,0,0,0,0,1,1
3695590,0,0,0,0,0,0,1,0
3696105,0,0,0,0,0,0,0,0
3696113,0,0,0,0,0,0,0,1
3696634,0,0,0,0,0,0,1,1
3696642,0,0,0,0,0,0,1,0
3697159,0,0,0,0,0,0,0,0
3697167,0,0,0,0,0,0,0,1
3697687,0,0,0,0,0,0,1,1
3697695,0,0,0,0,0,0,1,0
3698213,0,0,0,0,0,0,0,0
3698221,0,0,0,0,0,0,0,1
3698742,0,0,0,0,0,0,1,1
3698750,0,0,0,0,0,0,1,0
3699267,0,0,0,0,0,0,0,0
3699275,0,0,0,0,0,0,0,1
3699796,0,0,0,0,0,0,1,1
3699804,0,0,0,0,0,0,1,0
3700321,0,0,0,0,0,0,0,0
3700329,0,0,0,0,0,0,0,1
3700848,0,0,0,0,0,0,1,1
3700857,0,0,0,0,0,0,1,0
3701374,0,0,0,0,0,0,0,0
3701382,0,0,0,0,0,0,0,1
3701904,0,0,0,0,0,0,1,1
3701912,0,0,0,0,0,0,1,0
3702428,0,0,0,0,0,0,0,0
3702436,0,0,0,0,0,0,0,1
3702957,0,0,0,0,0,0,1,1
3702965,0,0,0,0,0,0,1,0
3703481,0,0,0,0,0,0,0,0
3703489,0,0,0,0,0,0,0,1
3704009,0,0,0,0,0,0,1,1
3704017,0,0,0,0,0,0,1,0
3704533,0,0,0,0,0,0,0,0
3704541,0,0,0,0,0,0,0,1
3705062,0,0,0,0,0,0,1,1
3705070,0,0,0,0,0,0,1,0
3705587,0,0,0,0,0,0,0,0
3705595,0,0,0,0,0,0,0,1
3706116,0,0,0,0,0,0,1,1
3706123,0,0,0,0,0,0,1,0
3706639,0,0,0,0,0,0,0,0
3706647,0,0,0,0,0,0,0,1
3707167,0,0,0,0,0,0,1,1
3707175,0,0,0,0,0,0,1,0
3707693,0,0,0,0,0,0,0,0
3707700,0,0,0,0,0,0,0,1
3708221,0,0,0,0,0,0,1,1
3708229,0,0,0,0,0,0,1,0
3708746,0,0,0,0,0,0,0,0
3708754,0,0,0,0,0,0,0,1
3709275,0,0,0,0,0,0,1,1
3709282,0,0,0,0,0,0,1,0
3709798,0,0,0,0,0,0,0,0
3709806,0,0,0,0,0,0,0,1
3710327,0,0,0,0,0,0,1,1
3710335,0,0,0,0,0,0,1,0
3710851,0,0,0,0,0,0,0,0
3710859,0,0,0,0,0,0,0,1
3711380,0,0,0,0,0,0,1,1
3711388,0,0,0,0,0,0,1,0
3711905,0,0,0,0,0,0,0,0
3711913,0,0,0,0,0,0,0,1
3712433,0,0,0,0,0,0,1,1
3712441,0,0,0,0,0,0,1,0
3712957,0,0,0,0,0,0,0,0
3712964,0,0,0,0,0,0,0,1
3713484,0,0,0,0,0,0,1,1
3713492,0,0,0,0,0,0,1,0
3714009,0,0,0,0,0,0,0,0
3714017,0,0,0,0,0,0,0,1
3714538,0,0,0,0,0,0,1,1
3714546,0,0,0,0,0,0,1,0
3715062,0,0,0,0,0,0,0,0
3715070,0,0,0,0,0,0,0,1
3715591,0,0,0,0,0,0,1,1
3715599,0,0,0,0,0,0,1,0
3716116,0,0,0,0,0,0,0,0
3716123,0,0,0,0,0,0,0,1
3716644,0,0,0,0,0,0,1,1
3716652,0,0,0,0,0,0,1,0
3717168,0,0,0,0,0,0,0,0
3717176,0,0,0,0,0,0,0,1
3717697,0,0,0,0,0,0,1,1
3717705,0,0,0,0,0,0,1,0
3718222,0,0,0,0,0,0,0,0
3718230,0,0,0,0,0,0,0,1
3718750,0,0,0,0,0,0,1,1
3718758,0,0,0,0,0,0,1,0
3719275,0,0,0,0,0,0,0,0
3719283,0,0,0,0,0,0,0,1
3719803,0,0,0,0,0,0,1,1
3719811,0,0,0,0,0,0,1,0
3720328,0,0,0,0,0,0,0,0
3720336,0,0,0,0,0,0,0,1
3720857,0,0,0,0,0,0,1,1
3720865,0,0,0,0,0,0,1,0
3721382,0,0,0,0,0,0,0,0
3721390,0,0,0,0,0,0,0,1
3721911,0,0,0,0,0,0,1,1
3721919,0,0,0,0,0,0,1,0
3722436,0,0,0,0,0,0,0,0
3722443,0,0,0,0,0,0,0,1
3722964,0,0,0,0,0,0,1,1
3722972,0,0,0,0,0,0,1,0
3723488,0,0,0,0,0,0,0,0
3723496,0,0,0,0,0,0,0,1
3724016,0,0,0,0,0,0,1,1
3724024,0,0,0,0,0,0,1,0
3724540,0,0,0,0,0,0,0,0
3724548,0,0,0,0,0,0,0,1
3725069,0,0,0,0,0,0,1,1
3725077,0,0,0,0,0,0,1,0
3725593,0,0,0,0,0,0,0,0
3725601,0,0,0,0,0,0,0,1
3726121,0,0,0,0,0,0,1,1
3726129,0,0,0,0,0,0,1,0
3726645,0,0,0,0,0,0,0,0
3726653,0,0,0,0,0,0,0,1
3727173,0,0,0,0,0,0,1,1
3727182,0,0,0,0,0,0,1,0
3727699,0,0,0,0,0,0,0,0
3727707,0,0,0,0,0,0,0,1
3728227,0,0,0,0,0,0,1,1
3728235,0,0,0,0,0,0,1,0
3728752,0,0,0,0,0,0,0,0
3728759,0,0,0,0,0,0,0,1
3729279,0,0,0,0,0,0,1,1
3729287,0,0,0,0,0,0,1,0
3729803,0,0,0,0,0,0,0,0
3729811,0,0,0,0,0,0,0,1
3730332,0,0,0,0,0,0,1,1
3730340,0,0,0,0,0,0,1,0
3730856,0,0,0,0,0,0,0,0
3730864,0,0,0,0,0,0,0,1
3731384,0,0,0,0,0,0,1,1
3731392,0,0,0,0,0,0,1,0
3731909,0,0,0,0,0,0,0,0
3731917,0,0,0,0,0,0,0,1
3732437,0,0,0,0,0,0,1,1
3732445,0,0,0,0,0,0,1,0
3732961,0,0,0,0,0,0,0,0
3732969,0,0,0,0,0,0,0,1
3733490,0,0,0,0,0,0,1,1
3733498,0,0,0,0,0,0,1,0
3734014,0,0,0,0,0,0,0,0
3734021,0,0,0,0,0,0,0,1
3734542,0,0,0,0,0,0,1,1
3734550,0,0,0,0,0,0,1,0
3735068,0,0,0,0,0,0,0,0
3735075,0,0,0,0,0,0,0,1
3735596,0,0,0,0,0,0,1,1
3735604,0,0,0,0,0,0,1,0
3736121,0,0,0,0,0,0,0,0
3736129,0,0,0,0,0,0,0,1
3736650,0,0,0,0,0,0,1,1
3736659,0,0,0,0,0,0,1,0
3737174,0,0,0,0,0,0,0,0
3737182,0,0,0,0,0,0,0,1
3737703,0,0,0,0,0,0,1,1
3737711,0,0,0,0,0,0,1,0
3738228,0,0,0,0,0,0,0,0
3738235,0,0,0,0,0,0,0,1
3738756,0,0,0,0,0,0,1,1
3738764,0,0,0,0,0,0,1,0
3739280,0,0,0,0,0,0,0,0
3739288,0,0,0,0,0,0,0,1
3739808,0,0,0,0,0,0,1,1
3739816,0,0,0,0,0,0,1,0
3740333,0,0,0,0,0,0,0,0
3740341,0,0,0,0,0,0,0,1
3740862,0,0,0,0,0,0,1,1
3740870,0,0,0,0,0,0,1,0
3741388,0,0,0,0,0,0,0,0
3741395,0,0,0,0,0,0,0,1
3741916,0,0,0,0,0,0,1,1
3741924,0,0,0,0,0,0,1,0
3742440,0,0,0,0,0,0,0,0
3742448,0,0,0,0,0,0,0,1
3742969,0,0,0,0,0,0,1,1
3742977,0,0,0,0,0,0,1,0
3743494,0,0,0,0,0,0,0,0
3743501,0,0,0,0,0,0,0,1
3744022,0,0,0,0,0,0,1,1
3744030,0,0,0,0,0,0,1,0
3744549,0,0,0,0,0,0,0,0
3744557,0,0,0,0,0,0,0,1
3745077,0,0,0,0,0,0,1,1
3745085,0,0,0,0,0,0,1,0
3745604,0,0,0,0,0,0,0,0
3745611,0,0,0,0,0,0,0,1
3746131,0,0,0,0,0,0,1,1
3746139,0,0,0,0,0,0,1,0
3746656,0,0,0,0,0,0,0,0
3746663,0,0,0,0,0,0,0,1
3747184,0,0,0,0,0,0,1,1
3747192,0,0,0,0,0,0,1,0
3747709,0,0,0,0,0,0,0,0
3747716,0,0,0,0,0,0,0,1
3748237,0,0,0,0,0,0,1,1
3748245,0,0,0,0,0,0,1,0
3748763,0,0,0,0,0,0,0,0
3748771,0,0,0,0,0,0,0,1
3749291,0,0,0,0,0,0,1,1
3749299,0,0,0,0,0,0,1,0
3749816,0,0,0,0,0,0,0,0
3749823,0,0,0,0,0,0,0,1
3750344,0,0,0,0,0,0,1,1
3750352,0,0,0,0,0,0,1,0
3750869,0,0,0,0,0,0,0,0
3750877,0,0,0,0,0,0,0,1
3751398,0,0,0,0,0,0,1,1
3751406,0,0,0,0,0,0,1,0
3751924,0,0,0,0,0,0,0,0
3751931,0,0,0,0,0,0,0,1
3752452,0,0,0,0,0,0,1,1
3752460,0,0,0,0,0,0,1,0
3752977,0,0,0,0,0,0,0,0
3752985,0,0,0,0,0,0,0,1
3753506,0,0,0,0,0,0,1,1
3753514,0,0,0,0,0,0,1,0
3754031,0,0,0,0,0,0,0,0
3754039,0,0,0,0,0,0,0,1
3754560,0,0,0,0,0,0,1,1
3754568,0,0,0,0,0,0,1,0
3755083,0,0,0,0,0,0,0,0
3755091,0,0,0,0,0,0,0,1
3755612,0,0,0,0,0,0,1,1
3755620,0,0,0,0,0,0,1,0
3756137,0,0,0,0,0,0,0,0
3756145,0,0,0,0,0,0,0,1
3756665,0,0,0,0,0,0,1,1
3756674,0,0,0,0,0,0,1,0
3757191,0,0,0,0,0,0,0,0
3757198,0,0,0,0,0,0,0,1
3757719,0,0,0,0,0,0,1,1
3757727,0,0,0,0,0,0,1,0
3758245,0,0,0,0,0,0,0,0
3758252,0,0,0,0,0,0,0,1
3758774,0,0,0,0,0,0,1,1
3758782,0,0,0,0,0,0,1,0
3759299,0,0,0,0,0,0,0,0
3759306,0,0,0,0,0,0,0,1
3759828,0,0,0,0,0,0,1,1
3759836,0,0,0,0,0,0,1,0
3760352,0,0,0,0,0,0,0,0
3760359,0,0,0,0,0,0,0,1
3760880,0,0,0,0,0,0,1,1
3760888,0,0,0,0,0,0,1,0
3761406,0,0,0,0,0,0,0,0
3761413,0,0,0,0,0,0,0,1
3761935,0,0,0,0,0,0,1,1
3761943,0,0,0,0,0,0,1,0
3762460,0,0,0,0,0,0,0,0
3762467,0,0,0,0,0,0,0,1
3762989,0,0,0,0,0,0,1,1
3762997,0,0,0,0,0,0,1,0
3763513,0,0,0,0,0,0,0,0
3763521,0,0,0,0,0,0,0,1
3764042,0,0,0,0,0,0,1,1
3764050,0,0,0,0,0,0,1,0
3764567,0,0,0,0,0,0,0,0
3764574,0,0,0,0,0,0,0,1
3765094,0,0,0,0,0,0,1,1
3765102,0,0,0,0,0,0,1,0
3765619,0,0,0,0,0,0,0,0
3765627,0,0,0,0,0,0,0,1
3766148,0,0,0,0,0,0,1,1
3766156,0,0,0,0,0,0,1,0
3766673,0,0,0,0,0,0,0,0
3766681,0,0,0,0,0,0,0,1
3767202,0,0,0,0,0,0,1,1
3767210,0,0,0,0,0,0,1,0
3767727,0,0,0,0,0,0,0,0
3767735,0,0,0,0,0,0,0,1
3768257,0,0,0,0,0,0,1,1
3768264,0,0,0,0,0,0,1,0
3768781,0,0,0,0,0,0,0,0
3768789,0,0,0,0,0,0,0,1
3769310,0,0,0,0,0,0,1,1
3769318,0,0,0,0,0,0,1,0
3769835,0,0,0,0,0,0,0,0
3769843,0,0,0,0,0,0,0,1
3770363,0,0,0,0,0,0,1,1
3770371,0,0,0,0,0,0,1,0
3770888,0,0,0,0,0,0,0,0
3770896,0,0,0,0,0,0,0,1
3771417,0,0,0,0,0,0,1,1
3771425,0,0,0,0,0,0,1,0
3771941,0,0,0,0,0,0,0,0
3771949,0,0,0,0,0,0,0,1
3772470,0,0,0,0,0,0,1,1
3772478,0,0,0,0,0,0,1,0
3772995,0,0,0,0,0,0,0,0
3773003,0,0,0,0,0,0,0,1
3773524,0,0,0,0,0,0,1,1
3773532,0,0,0,0,0,0,1,0
3774049,0,0,0,0,0,0,0,0
3774057,0,0,0,0,0,0,0,1
3774577,0,0,0,0,0,0,1,1
3774585,0,0,0,0,0,0,1,0
3775102,0,0,0,0,0,0,0,0
3775110,0,0,0,0,0,0,0,1
3775631,0,0,0,0,0,0,1,1
3775639,0,0,0,0,0,0,1,0
3776156,0,0,0,0,0,0,0,0
3776163,0,0,0,0,0,0,0,1
3776685,0,0,0,0,0,0,1,1
3776692,0,0,0,0,0,0,1,0
3777208,0,0,0,0,0,0,0,0
3777215,0,0,0,0,0,0,0,1
3777736,0,0,0,0,0,0,1,1
3777744,0,0,0,0,0,0,1,0
3778262,0,0,0,0,0,0,0,0
3778270,0,0,0,0,0,0,0,1
3778790,0,0,0,0,0,0,1,1
3778798,0,0,0,0,0,0,1,0
3779314,0,0,0,0,0,0,0,0
3779322,0,0,0,0,0,0,0,1
3779842,0,0,0,0,0,0,1,1
3779850,0,0,0,0,0,0,1,0
3780367,0,0,0,0,0,0,0,0
3780375,0,0,0,0,0,0,0,1
3780895,0,0,0,0,0,0,1,1
3780904,0,0,0,0,0,0,1,0
3781420,0,0,0,0,0,0,0,0
3781428,0,0,0,0,0,0,0,1
3781948,0,0,0,0,0,0,1,1
3781956,0,0,0,0,0,0,1,0
3782474,0,0,0,0,0,0,0,0
3782481,0,0,0,0,0,0,0,1
3783003,0,0,0,0,0,0,1,1
3783011,0,0,0,0,0,0,1,0
3783528,0,0,0,0,0,0,0,0
3783535,0,0,0,0,0,0,0,1
3784057,0,0,0,0,0,0,1,1
3784065,0,0,0,0,0,0,1,0
3784582,0,0,0,0,0,0,0,0
3784590,0,0,0,0,0,0,0,1
3785111,0,0,0,0,0,0,1,1
3785119,0,0,0,0,0,0,1,0
3785636,0,0,0,0,0,0,0,0
3785644,0,0,0,0,0,0,0,1
3786164,0,0,0,0,0,0,1,1
3786173,0,0,0,0,0,0,1,0
3786690,0,0,0,0,0,0,0,0
3786698,0,0,0,0,0,0,0,1
3787219,0,0,0,0,0,0,1,1
3787227,0,0,0,0,0,0,1,0
3787744,0,0,0,0,0,0,0,0
3787751,0,0,0,0,0,0,0,1
3788272,0,0,0,0,0,0,1,1
3788280,0,0,0,0,0,0,1,0
3788797,0,0,0,0,0,0,0,0
3788805,0,0,0,0,0,0,0,1
3789326,0,0,0,0,0,0,1,1
3789334,0,0,0,0,0,0,1,0
3789850,0,0,0,0,0,0,0,0
3789858,0,0,0,0,0,0,0,1
3790378,0,0,0,0,0,0,1,1
3790386,0,0,0,0,0,0,1,0
3790902,0,0,0,0,0,0,0,0
3790909,0,0,0,0,0,0,0,1
3791430,0,0,0,0,0,0,1,1
3791438,0,0,0,0,0,0,1,0
3791955,0,0,0,0,0,0,0,0
3791963,0,0,0,0,0,0,0,1
3792483,0,0,0,0,0,0,1,1
3792491,0,0,0,0,0,0,1,0
3793009,0,0,0,0,0,0,0,0
3793017,0,0,0,0,0,0,0,1
3793537,0,0,0,0,0,0,1,1
3793545,0,0,0,0,0,0,1,0
3794063,0,0,0,0,0,0,0,0
3794071,0,0,0,0,0,0,0,1
3794591,0,0,0,0,0,0,1,1
3794600,0,0,0,0,0,0,1,0
3795115,0,0,0,0,0,0,0,0
3795123,0,0,0,0,0,0,0,1
3795644,0,0,0,0,0,0,1,1
3795652,0,0,0,0,0,0,1,0
3796169,0,0,0,0,0,0,0,0
3796176,0,0,0,0,0,0,0,1
3796697,0,0,0,0,0,0,1,1
3796705,0,0,0,0,0,0,1,0
3797222,0,0,0,0,0,0,0,0
3797229,0,0,0,0,0,0,0,1
3797750,0,0,0,0,0,0,1,1
3797758,0,0,0,0,0,0,1,0
3798274,0,0,0,0,0,0,0,0
3798282,0,0,0,0,0,0,0,1
3798802,0,0,0,0,0,0,1,1
3798810,0,0,0,0,0,0,1,0
3799326,0,0,0,0,0,0,0,0
3799334,0,0,0,0,0,0,0,1
3799854,0,0,0,0,0,0,1,1
3799862,0,0,0,0,0,0,1,0
3800379,0,0,0,0,0,0,0,0
3800387,0,0,0,0,0,0,0,1
3800907,0,0,0,0,0,0,1,1
3800915,0,0,0,0,0,0,1,0
3801433,0,0,0,0,0,0,0,0
3801441,0,0,0,0,0,0,0,1
3801961,0,0,0,0,0,0,1,1
3801970,0,0,0,0,0,0,1,0
3802488,0,0,0,0,0,0,0,0
3802495,0,0,0,0,0,0,0,1
3803017,0,0,0,0,0,0,1,1
3803025,0,0,0,0,0,0,1,0
3803541,0,0,0,0,0,0,0,0
3803549,0,0,0,0,0,0,0,1
3804070,0,0,0,0,0,0,1,1
3804078,0,0,0,0,0,0,1,0
3804595,0,0,0,0,0,0,0,0
3804602,0,0,0,0,0,0,0,1
3805123,0,0,0,0,0,0,1,1
3805131,0,0,0,0,0,0,1,0
3805647,0,0,0,0,0,0,0,0
3805655,0,0,0,0,0,0,0,1
3806176,0,0,0,0,0,0,1,1
3806184,0,0,0,0,0,0,1,0
3806700,0,0,0,0,0,0,0,0
3806708,0,0,0,0,0,0,0,1
3807229,0,0,0,0,0,0,1,1
3807237,0,0,0,0,0,0,1,0
3807755,0,0,0,0,0,0,0,0
3807763,0,0,0,0,0,0,0,1
3808284,0,0,0,0,0,0,1,1
3808292,0,0,0,0,0,0,1,0
3808809,0,0,0,0,0,0,0,0
3808816,0,0,0,0,0,0,0,1
3809337,0,0,0,0,0,0,1,1
3809345,0,0,0,0,0,0,1,0
3809862,0,0,0,0,0,0,0,0
3809869,0,0,0,0,0,0,0,1
3810390,0,0,0,0,0,0,1,1
3810398,0,0,0,0,0,0,1,0
3810916,0,0,0,0,0,0,0,0
3810924,0,0,0,0,0,0,0,1
3811444,0,0,0,0,0,0,1,1
3811452,0,0,0,0,0,0,1,0
3811969,0,0,0,0,0,0,0,0
3811977,0,0,0,0,0,0,0,1
3812498,0,0,0,0,0,0,1,1
3812506,0,0,0,0,0,0,1,0
3813023,0,0,0,0,0,0,0,0
3813031,0,0,0,0,0,0,0,1
3813551,0,0,0,0,0,0,1,1
3813559,0,0,0,0,0,0,1,0
3814077,0,0,0,0,0,0,0,0
3814084,0,0,0,0,0,0,0,1
3814605,0,0,0,0,0,0,1,1
3814613,0,0,0,0,0,0,1,0
3815131,0,0,0,0,0,0,0,0
3815139,0,0,0,0,0,0,0,1
3815660,0,0,0,0,0,0,1,1
3815668,0,0,0,0,0,0,1,0
3816184,0,0,0,0,0,0,0,0
3816192,0,0,0,0,0,0,0,1
3816712,0,0,0,0,0,0,1,1
3816720,0,0,0,0,0,0,1,0
3817236,0,0,0,0,0,0,0,0
3817244,0,0,0,0,0,0,0,1
3817764,0,0,0,0,0,0,1,1
3817772,0,0,0,0,0,0,1,0
3818290,0,0,0,0,0,0,0,0
3818298,0,0,0,0,0,0,0,1
3818819,0,0,0,0,0,0,1,1
3818827,0,0,0,0,0,0,1,0
3819344,0,0,0,0,0,0,0,0
3819352,0,0,0,0,0,0,0,1
3819872,0,0,0,0,0,0,1,1
3819880,0,0,0,0,0,0,1,0
3820397,0,0,0,0,0,0,0,0
3820405,0,0,0,0,0,0,0,1
3820926,0,0,0,0,0,0,1,1
3820934,0,0,0,0,0,0,1,0
3821451,0,0,0,0,0,0,0,0
3821458,0,0,0,0,0,0,0,1
3821980,0,0,0,0,0,0,1,1
3821988,0,0,0,0,0,0,1,0
3822505,0,0,0,0,0,0,0,0
3822513,0,0,0,0,0,0,0,1
3823033,0,0,0,0,0,0,1,1
3823041,0,0,0,0,0,0,1,0
3823558,0,0,0,0,0,0,0,0
3823566,0,0,0,0,0,0,0,1
3824087,0,0,0,0,0,0,1,1
3824096,0,0,0,0,0,0,1,0
3824613,0,0,0,0,0,0,0,0
3824621,0,0,0,0,0,0,0,1
3825142,0,0,0,0,0,0,1,1
3825150,0,0,0,0,0,0,1,0
3825667,0,0,0,0,0,0,0,0
3825675,0,0,0,0,0,0,0,1
3826196,0,0,0,0,0,0,1,1
3826204,0,0,0,0,0,0,1,0
3826720,0,0,0,0,0,0,0,0
3826728,0,0,0,0,0,0,0,1
3827247,0,0,0,0,0,0,1,1
3827255,0,0,0,0,0,0,1,0
3827773,0,0,0,0,0,0,0,0
3827780,0,0,0,0,0,0,0,1
3828302,0,0,0,0,0,0,1,1
3828310,0,0,0,0,0,0,1,0
3828827,0,0,0,0,0,0,0,0
3828835,0,0,0,0,0,0,0,1
3829356,0,0,0,0,0,0,1,1
3829364,0,0,0,0,0,0,1,0
3829880,0,0,0,0,0,0,0,0
3829888,0,0,0,0,0,0,0,1
3830409,0,0,0,0,0,0,1,1
3830417,0,0,0,0,0,0,1,0
3830933,0,0,0,0,0,0,0,0
3830941,0,0,0,0,0,0,0,1
3831462,0,0,0,0,0,0,1,1
3831470,0,0,0,0,0,0,1,0
3831987,0,0,0,0,0,0,0,0
3831995,0,0,0,0,0,0,0,1
3832516,0,0,0,0,0,0,1,1
3832524,0,0,0,0,0,0,1,0
3833041,0,0,0,0,0,0,0,0
3833049,0,0,0,0,0,0,0,1
3833569,0,0,0,0,0,0,1,1
3833577,0,0,0,0,0,0,1,0
3834094,0,0,0,0,0,0,0,0
3834102,0,0,0,0,0,0,0,1
3834622,0,0,0,0,0,0,1,1
3834630,0,0,0,0,0,0,1,0
3835147,0,0,0,0,0,0,0,0
3835155,0,0,0,0,0,0,0,1
3835676,0,0,0,0,0,0,1,1
3835684,0,0,0,0,0,0,1,0
3836201,0,0,0,0,0,0,0,0
3836209,0,0,0,0,0,0,0,1
3836730,0,0,0,0,0,0,1,1
3836738,0,0,0,0,0,0,1,0
3837255,0,0,0,0,0,0,0,0
3837262,0,0,0,0,0,0,0,1
3837783,0,0,0,0,0,0,1,1
3837790,0,0,0,0,0,0,1,0
3838308,0,0,0,0,0,0,0,0
3838316,0,0,0,0,0,0,0,1
3838837,0,0,0,0,0,0,1,1
3838844,0,0,0,0,0,0,1,0
3839361,0,0,0,0,0,0,0,0
3839368,0,0,0,0,0,0,0,1
3839889,0,0,0,0,0,0,1,1
3839897,0,0,0,0,0,0,1,0
3840414,0,0,0,0,0,0,0,0
3840421,0,0,0,0,0,0,0,1
3840942,0,0,0,0,0,0,1,1
3840950,0,0,0,0,0,0,1,0
3841466,0,0,0,0,0,0,0,0
3841474,0,0,0,0,0,0,0,1
3841995,0,0,0,0,0,0,1,1
3842003,0,0,0,0,0,0,1,0
3842518,0,0,0,0,0,0,0,0
3842526,0,0,0,0,0,0,0,1
3843047,0,0,0,0,0,0,1,1
3843055,0,0,0,0,0,0,1,0
3843572,0,0,0,0,0,0,0,0
3843579,0,0,0,0,0,0,0,1
3844100,0,0,0,0,0,0,1,1
3844108,0,0,0,0,0,0,1,0
3844625,0,0,0,0,0,0,0,0
3844633,0,0,0,0,0,0,0,1
3845154,0,0,0,0,0,0,1,1
3845162,0,0,0,0,0,0,1,0
3845679,0,0,0,0,0,0,0,0
3845687,0,0,0,0,0,0,0,1
3846207,0,0,0,0,0,0,1,1
3846215,0,0,0,0,0,0,1,0
3846732,0,0,0,0,0,0,0,0
3846740,0,0,0,0,0,0,0,1
3847261,0,0,0,0,0,0,1,1
3847269,0,0,0,0,0,0,1,0
3847786,0,0,0,0,0,0,0,0
3847793,0,0,0,0,0,0,0,1
3848314,0,0,0,0,0,0,1,1
3848322,0,0,0,0,0,0,1,0
3848839,0,0,0,0,0,0,0,0
3848847,0,0,0,0,0,0,0,1
3849368,0,0,0,0,0,0,1,1
3849376,0,0,0,0,0,0,1,0
3849893,0,0,0,0,0,0,0,0
3849900,0,0,0,0,0,0,0,1
3850421,0,0,0,0,0,0,1,1
3850429,0,0,0,0,0,0,1,0
3850946,0,0,0,0,0,0,0,0
3850954,0,0,0,0,0,0,0,1
3851475,0,0,0,0,0,0,1,1
3851483,0,0,0,0,0,0,1,0
3852000,0,0,0,0,0,0,0,0
3852008,0,0,0,0,0,0,0,1
3852528,0,0,0,0,0,0,1,1
3852536,0,0,0,0,0,0,1,0
3853053,0,0,0,0,0,0,0,0
3853061,0,0,0,0,0,0,0,1
3853581,0,0,0,0,0,0,1,1
3853589,0,0,0,0,0,0,1,0
3854106,0,0,0,0,0,0,0,0
3854114,0,0,0,0,0,0,0,1
3854635,0,0,0,0,0,0,1,1
3854643,0,0,0,0,0,0,1,0
3855159,0,0,0,0,0,0,0,0
3855167,0,0,0,0,0,0,0,1
3855687,0,0,0,0,0,0,1,1
3855695,0,0,0,0,0,0,1,0
3856212,0,0,0,0,0,0,0,0
3856220,0,0,0,0,0,0,0,1
3856741,0,0,0,0,0,0,1,1
3856749,0,0,0,0,0,0,1,0
3857265,0,0,0,0,0,0,0,0
3857273,0,0,0,0,0,0,0,1
3857793,0,0,0,0,0,0,1,1
3857801,0,0,0,0,0,0,1,0
3858317,0,0,0,0,0,0,0,0
3858325,0,0,0,0,0,0,0,1
3858845,0,0,0,0,0,0,1,1
3858853,0,0,0,0,0,0,1,0
3859371,0,0,0,0,0,0,0,0
3859379,0,0,0,0,0,0,0,1
3859899,0,0,0,0,0,0,1,1
3859907,0,0,0,0,0,0,1,0
3860424,0,0,0,0,0,0,0,0
3860432,0,0,0,0,0,0,0,1
3860952,0,0,0,0,0,0,1,1
3860961,0,0,0,0,0,0,1,0
3861479,0,0,0,0,0,0,0,0
3861487,0,0,0,0,0,0,0,1
3862008,0,0,0,0,0,0,1,1
3862016,0,0,0,0,0,0,1,0
3862533,0,0,0,0,0,0,0,0
3862541,0,0,0,0,0,0,0,1
3863062,0,0,0,0,0,0,1,1
3863070,0,0,0,0,0,0,1,0
3863586,0,0,0,0,0,0,0,0
3863594,0,0,0,0,0,0,0,1
3864114,0,0,0,0,0,0,1,1
3864122,0,0,0,0,0,0,1,0
3864639,0,0,0,0,0,0,0,0
3864647,0,0,0,0,0,0,0,1
3865167,0,0,0,0,0,0,1,1
3865175,0,0,0,0,0,0,1,0
3865691,0,0,0,0,0,0,0,0
3865699,0,0,0,0,0,0,0,1
3866219,0,0,0,0,0,0,1,1
3866227,0,0,0,0,0,0,1,0
3866744,0,0,0,0,0,0,0,0
3866752,0,0,0,0,0,0,0,1
3867273,0,0,0,0,0,0,1,1
3867281,0,0,0,0,0,0,1,0
3867797,0,0,0,0,0,0,0,0
3867805,0,0,0,0,0,0,0,1
3868326,0,0,0,0,0,0,1,1
3868333,0,0,0,0,0,0,1,0
3868850,0,0,0,0,0,0,0,0
3868858,0,0,0,0,0,0,0,1
3869379,0,0,0,0,0,0,1,1
3869387,0,0,0,0,0,0,1,0
3869905,0,0,0,0,0,0,0,0
3869913,0,0,0,0,0,0,0,1
3870433,0,0,0,0,0,0,1,1
3870441,0,0,0,0,0,0,1,0
3870958,0,0,0,0,0,0,0,0
3870966,0,0,0,0,0,0,0,1
3871487,0,0,0,0,0,0,1,1
3871495,0,0,0,0,0,0,1,0
3872012,0,0,0,0,0,0,0,0
3872020,0,0,0,0,0,0,0,1
3872540,0,0,0,0,0,0,1,1
3872548,0,0,0,0,0,0,1,0
3873065,0,0,0,0,0,0,0,0
3873072,0,0,0,0,0,0,0,1
3873593,0,0,0,0,0,0,1,1
3873601,0,0,0,0,0,0,1,0
3874118,0,0,0,0,0,0,0,0
3874126,0,0,0,0,0,0,0,1
3874647,0,0,0,0,0,0,1,1
3874655,0,0,0,0,0,0,1,0
3875172,0,0,0,0,0,0,0,0
3875180,0,0,0,0,0,0,0,1
3875702,0,0,0,0,0,0,1,1
3875710,0,0,0,0,0,0,1,0
3876227,0,0,0,0,0,0,0,0
3876235,0,0,0,0,0,0,0,1
3876756,0,0,0,0,0,0,1,1
3876764,0,0,0,0,0,0,1,0
3877281,0,0,0,0,0,0,0,0
3877288,0,0,0,0,0,0,0,1
3877808,0,0,0,0,0,0,1,1
3877816,0,0,0,0,0,0,1,0
3878332,0,0,0,0,0,0,0,0
3878340,0,0,0,0,0,0,0,1
3878860,0,0,0,0,0,0,1,1
3878868,0,0,0,0,0,0,1,0
3879386,0,0,0,0,0,0,0,0
3879394,0,0,0,0,0,0,0,1
3879914,0,0,0,0,0,0,1,1
3879922,0,0,0,0,0,0,1,0
3880440,0,0,0,0,0,0,0,0
3880448,0,0,0,0,0,0,0,1
3880969,0,0,0,0,0,0,1,1
3880977,0,0,0,0,0,0,1,0
3881494,0,0,0,0,0,0,0,0
3881502,0,0,0,0,0,0,0,1
3882022,0,0,0,0,0,0,1,1
3882030,0,0,0,0,0,0,1,0
3882548,0,0,0,0,0,0,0,0
3882555,0,0,0,0,0,0,0,1
3883076,0,0,0,0,0,0,1,1
3883084,0,0,0,0,0,0,1,0
3883600,0,0,0,0,0,0,0,0
3883607,0,0,0,0,0,0,0,1
3884128,0,0,0,0,0,0,1,1
3884136,0,0,0,0,0,0,1,0
3884652,0,0,0,0,0,0,0,0
3884660,0,0,0,0,0,0,0,1
3885181,0,0,0,0,0,0,1,1
3885189,0,0,0,0,0,0,1,0
3885705,0,0,0,0,0,0,0,0
3885713,0,0,0,0,0,0,0,1
3886234,0,0,0,0,0,0,1,1
3886242,0,0,0,0,0,0,1,0
3886759,0,0,0,0,0,0,0,0
3886767,0,0,0,0,0,0,0,1
3887287,0,0,0,0,0,0,1,1
3887295,0,0,0,0,0,0,1,0
3887812,0,0,0,0,0,0,0,0
3887820,0,0,0,0,0,0,0,1
3888341,0,0,0,0,0,0,1,1
3888349,0,0,0,0,0,0,1,0
3888865,0,0,0,0,0,0,0,0
3888873,0,0,0,0,0,0,0,1
3889393,0,0,0,0,0,0,1,1
3889401,0,0,0,0,0,0,1,0
3889919,0,0,0,0,0,0,0,0
3889926,0,0,0,0,0,0,0,1
3890447,0,0,0,0,0,0,1,1
3890455,0,0,0,0,0,0,1,0
3890972,0,0,0,0,0,0,0,0
3890980,0,0,0,0,0,0,0,1
3891499,0,0,0,0,0,0,1,1
3891507,0,0,0,0,0,0,1,0
3892024,0,0,0,0,0,0,0,0
3892032,0,0,0,0,0,0,0,1
3892552,0,0,0,0,0,0,1,1
3892560,0,0,0,0,0,0,1,0
3893076,0,0,0,0,0,0,0,0
3893083,0,0,0,0,0,0,0,1
3893605,0,0,0,0,0,0,1,1
3893612,0,0,0,0,0,0,1,0
3894128,0,0,0,0,0,0,0,0
3894136,0,0,0,0,0,0,0,1
3894656,0,0,0,0,0,0,1,1
3894664,0,0,0,0,0,0,1,0
3895181,0,0,0,0,0,0,0,0
3895189,0,0,0,0,0,0,0,1
3895709,0,0,0,0,0,0,1,1
3895717,0,0,0,0,0,0,1,0
3896233,0,0,0,0,0,0,0,0
3896241,0,0,0,0,0,0,0,1
3896761,0,0,0,0,0,0,1,1
3896770,0,0,0,0,0,0,1,0
3897286,0,0,0,0,0,0,0,0
3897293,0,0,0,0,0,0,0,1
3897814,0,0,0,0,0,0,1,1
3897822,0,0,0,0,0,0,1,0
3898340,0,0,0,0,0,0,0,0
3898348,0,0,0,0,0,0,0,1
3898869,0,0,0,0,0,0,1,1
3898877,0,0,0,0,0,0,1,0
3899393,0,0,0,0,0,0,0,0
3899401,0,0,0,0,0,0,0,1
3899922,0,0,0,0,0,0,1,1
3899930,0,0,0,0,0,0,1,0
3900446,0,0,0,0,0,0,0,0
3900454,0,0,0,0,0,0,0,1
3900974,0,0,0,0,0,0,1,1
3900983,0,0,0,0,0,0,1,0
3901498,0,0,0,0,0,0,0,0
3901506,0,0,0,0,0,0,0,1
3902027,0,0,0,0,0,0,1,1
3902035,0,0,0,0,0,0,1,0
3902552,0,0,0,0,0,0,0,0
3902560,0,0,0,0,0,0,0,1
3903081,0,0,0,0,0,0,1,1
3903089,0,0,0,0,0,0,1,0
3903606,0,0,0,0,0,0,0,0
3903614,0,0,0,0,0,0,0,1
3904135,0,0,0,0,0,0,1,1
3904143,0,0,0,0,0,0,1,0
3904660,0,0,0,0,0,0,0,0
3904668,0,0,0,0,0,0,0,1
3905189,0,0,0,0,0,0,1,1
3905197,0,0,0,0,0,0,1,0
3905714,0,0,0,0,0,0,0,0
3905722,0,0,0,0,0,0,0,1
3906242,0,0,0,0,0,0,1,1
3906250,0,0,0,0,0,0,1,0
3906767,0,0,0,0,0,0,0,0
3906775,0,0,0,0,0,0,0,1
3907295,0,0,0,0,0,0,1,1
3907303,0,0,0,0,0,0,1,0
3907821,0,0,0,0,0,0,0,0
3907829,0,0,0,0,0,0,0,1
3908350,0,0,0,0,0,0,1,1
3908357,0,0,0,0,0,0,1,0
3908875,0,0,0,0,0,0,0,0
3908882,0,0,0,0,0,0,0,1
3909404,0,0,0,0,0,0,1,1
3909412,0,0,0,0,0,0,1,0
3909929,0,0,0,0,0,0,0,0
3909937,0,0,0,0,0,0,0,1
3910457,0,0,0,0,0,0,1,1
3910465,0,0,0,0,0,0,1,0
3910982,0,0,0,0,0,0,0,0
3910990,0,0,0,0,0,0,0,1
3911511,0,0,0,0,0,0,1,1
3911519,0,0,0,0,0,0,1,0
3912036,0,0,0,0,0,0,0,0
3912044,0,0,0,0,0,0,0,1
3912565,0,0,0,0,0,0,1,1
3912573,0,0,0,0,0,0,1,0
3913090,0,0,0,0,0,0,0,0
3913098,0,0,0,0,0,0,0,1
3913618,0,0,0,0,0,0,1,1
3913626,0,0,0,0,0,0,1,0
3914144,0,0,0,0,0,0,0,0
3914152,0,0,0,0,0,0,0,1
3914673,0,0,0,0,0,0,1,1
3914680,0,0,0,0,0,0,1,0
3915197,0,0,0,0,0,0,0,0
3915204,0,0,0,0,0,0,0,1
3915725,0,0,0,0,0,0,1,1
3915733,0,0,0,0,0,0,1,0
3916249,0,0,0,0,0,0,0,0
3916257,0,0,0,0,0,0,0,1
3916777,0,0,0,0,0,0,1,1
3916785,0,0,0,0,0,0,1,0
3917304,0,0,0,0,0,0,0,0
3917312,0,0,0,0,0,0,0,1
3917832,0,0,0,0,0,0,1,1
3917840,0,0,0,0,0,0,1,0
3918357,0,0,0,0,0,0,0,0
3918365,0,0,0,0,0,0,0,1
3918885,0,0,0,0,0,0,1,1
3918894,0,0,0,0,0,0,1,0
3919411,0,0,0,0,0,0,0,0
3919419,0,0,0,0,0,0,0,1
3919940,0,0,0,0,0,0,1,1
3919947,0,0,0,0,0,0,1,0
3920464,0,0,0,0,0,0,0,0
3920472,0,0,0,0,0,0,0,1
3920993,0,0,0,0,0,0,1,1
3921001,0,0,0,0,0,0,1,0
3921518,0,0,0,0,0,0,0,0
3921525,0,0,0,0,0,0,0,1
3922047,0,0,0,0,0,0,1,1
3922055,0,0,0,0,0,0,1,0
3922572,0,0,0,0,0,0,0,0
3922580,0,0,0,0,0,0,0,1
3923101,0,0,0,0,0,0,1,1
3923109,0,0,0,0,0,0,1,0
3923626,0,0,0,0,0,0,0,0
3923634,0,0,0,0,0,0,0,1
3924154,0,0,0,0,0,0,1,1
3924163,0,0,0,0,0,0,1,0
3924680,0,0,0,0,0,0,0,0
3924687,0,0,0,0,0,0,0,1
3925208,0,0,0,0,0,0,1,1
3925216,0,0,0,0,0,0,1,0
3925733,0,0,0,0,0,0,0,0
3925741,0,0,0,0,0,0,0,1
3926261,0,0,0,0,0,0,1,1
3926269,0,0,0,0,0,0,1,0
3926785,0,0,0,0,0,0,0,0
3926793,0,0,0,0,0,0,0,1
3927313,0,0,0,0,0,0,1,1
3927321,0,0,0,0,0,0,1,0
3927837,0,0,0,0,0,0,0,0
3927845,0,0,0,0,0,0,0,1
3928365,0,0,0,0,0,0,1,1
3928373,0,0,0,0,0,0,1,0
3928890,0,0,0,0,0,0,0,0
3928898,0,0,0,0,0,0,0,1
3929418,0,0,0,0,0,0,1,1
3929426,0,0,0,0,0,0,1,0
3929944,0,0,0,0,0,0,0,0
3929951,0,0,0,0,0,0,0,1
3930473,0,0,0,0,0,0,1,1
3930480,0,0,0,0,0,0,1,0
3930998,0,0,0,0,0,0,0,0
3931006,0,0,0,0,0,0,0,1
3931526,0,0,0,0,0,0,1,1
3931534,0,0,0,0,0,0,1,0
3932051,0,0,0,0,0,0,0,0
3932058,0,0,0,0,0,0,0,1
3932579,0,0,0,0,0,0,1,1
3932586,0,0,0,0,0,0,1,0
3933102,0,0,0,0,0,0,0,0
3933110,0,0,0,0,0,0,0,1
3933630,0,0,0,0,0,0,1,1
3933639,0,0,0,0,0,0,1,0
3934156,0,0,0,0,0,0,0,0
3934164,0,0,0,0,0,0,0,1
3934685,0,0,0,0,0,0,1,1
3934693,0,0,0,0,0,0,1,0
3935210,0,0,0,0,0,0,0,0
3935217,0,0,0,0,0,0,0,1
3935737,0,0,0,0,0,0,1,1
3935746,0,0,0,0,0,0,1,0
3936263,0,0,0,0,0,0,0,0
3936270,0,0,0,0,0,0,0,1
3936792,0,0,0,0,0,0,1,1
3936799,0,0,0,0,0,0,1,0
3937316,0,0,0,0,0,0,0,0
3937324,0,0,0,0,0,0,0,1
3937845,0,0,0,0,0,0,1,1
3937853,0,0,0,0,0,0,1,0
3938370,0,0,0,0,0,0,0,0
3938378,0,0,0,0,0,0,0,1
3938899,0,0,0,0,0,0,1,1
3938907,0,0,0,0,0,0,1,0
3939423,0,0,0,0,0,0,0,0
3939430,0,0,0,0,0,0,0,1
3939951,0,0,0,0,0,0,1,1
3939959,0,0,0,0,0,0,1,0
3940476,0,0,0,0,0,0,0,0
3940484,0,0,0,0,0,0,0,1
3941005,0,0,0,0,0,0,1,1
3941013,0,0,0,0,0,0,1,0
3941529,0,0,0,0,0,0,0,0
3941536,0,0,0,0,0,0,0,1
3942057,0,0,0,0,0,0,1,1
3942065,0,0,0,0,0,0,1,0
3942581,0,0,0,0,0,0,0,0
3942589,0,0,0,0,0,0,0,1
3943110,0,0,0,0,0,0,1,1
3943117,0,0,0,0,0,0,1,0
3943634,0,0,0,0,0,0,0,0
3943642,0,0,0,0,0,0,0,1
3944162,0,0,0,0,0,0,1,1
3944170,0,0,0,0,0,0,1,0
3944687,0,0,0,0,0,0,0,0
3944694,0,0,0,0,0,0,0,1
3945216,0,0,0,0,0,0,1,1
3945223,0,0,0,0,0,0,1,0
3945740,0,0,0,0,0,0,0,0
3945748,0,0,0,0,0,0,0,1
3946268,0,0,0,0,0,0,1,1
3946276,0,0,0,0,0,0,1,0
3946793,0,0,0,0,0,0,0,0
3946801,0,0,0,0,0,0,0,1
3947321,0,0,0,0,0,0,1,1
3947329,0,0,0,0,0,0,1,0
3947845,0,0,0,0,0,0,0,0
3947853,0,0,0,0,0,0,0,1
3948373,0,0,0,0,0,0,1,1
3948381,0,0,0,0,0,0,1,0
3948897,0,0,0,0,0,0,0,0
3948905,0,0,0,0,0,0,0,1
3949426,0,0,0,0,0,0,1,1
3949434,0,0,0,0,0,0,1,0
3949951,0,0,0,0,0,0,0,0
3949958,0,0,0,0,0,0,0,1
3950480,0,0,0,0,0,0,1,1
3950488,0,0,0,0,0,0,1,0
3951005,0,0,0,0,0,0,0,0
3951012,0,0,0,0,0,0,0,1
3951533,0,0,0,0,0,0,1,1
3951541,0,0,0,0,0,0,1,0
3952058,0,0,0,0,0,0,0,0
3952066,0,0,0,0,0,0,0,1
3952586,0,0,0,0,0,0,1,1
3952594,0,0,0,0,0,0,1,0
3953111,0,0,0,0,0,0,0,0
3953118,0,0,0,0,0,0,0,1
3953638,0,0,0,0,0,0,1,1
3953646,0,0,0,0,0,0,1,0
3954163,0,0,0,0,0,0,0,0
3954171,0,0,0,0,0,0,0,1
3954692,0,0,0,0,0,0,1,1
3954700,0,0,0,0,0,0,1,0
3955217,0,0,0,0,0,0,0,0
3955225,0,0,0,0,0,0,0,1
3955745,0,0,0,0,0,0,1,1
3955753,0,0,0,0,0,0,1,0
3956270,0,0,0,0,0,0,0,0
3956278,0,0,0,0,0,0,0,1
3956799,0,0,0,0,0,0,1,1
3956807,0,0,0,0,0,0,1,0
3957324,0,0,0,0,0,0,0,0
3957332,0,0,0,0,0,0,0,1
3957853,0,0,0,0,0,0,1,1
3957861,0,0,0,0,0,0,1,0
3958378,0,0,0,0,0,0,0,0
3958385,0,0,0,0,0,0,0,1
3958905,0,0,0,0,0,0,1,1
3958913,0,0,0,0,0,0,1,0
3959430,0,0,0,0,0,0,0,0
3959438,0,0,0,0,0,0,0,1
3959959,0,0,0,0,0,0,1,1
3959967,0,0,0,0,0,0,1,0
3960484,0,0,0,0,0,0,0,0
3960492,0,0,0,0,0,0,0,1
3961012,0,0,0,0,0,0,1,1
3961020,0,0,0,0,0,0,1,0
3961536,0,0,0,0,0,0,0,0
3961544,0,0,0,0,0,0,0,1
3962063,0,0,0,0,0,0,1,1
3962072,0,0,0,0,0,0,1,0
3962588,0,0,0,0,0,0,0,0
3962596,0,0,0,0,0,0,0,1
3963116,0,0,0,0,0,0,1,1
3963125,0,0,0,0,0,0,1,0
3963641,0,0,0,0,0,0,0,0
3963649,0,0,0,0,0,0,0,1
3964170,0,0,0,0,0,0,1,1
3964178,0,0,0,0,0,0,1,0
3964695,0,0,0,0,0,0,0,0
3964703,0,0,0,0,0,0,0,1
3965224,0,0,0,0,0,0,1,1
3965232,0,0,0,0,0,0,1,0
3965749,0,0,0,0,0,0,0,0
3965757,0,0,0,0,0,0,0,1
3966277,0,0,0,0,0,0,1,1
3966285,0,0,0,0,0,0,1,0
3966802,0,0,0,0,0,0,0,0
3966811,0,0,0,0,0,0,0,1
3967332,0,0,0,0,0,0,1,1
3967340,0,0,0,0,0,0,1,0
3967856,0,0,0,0,0,0,0,0
3967864,0,0,0,0,0,0,0,1
3968385,0,0,0,0,0,0,1,1
3968393,0,0,0,0,0,0,1,0
3968910,0,0,0,0,0,0,0,0
3968918,0,0,0,0,0,0,0,1
3969439,0,0,0,0,0,0,1,1
3969446,0,0,0,0,0,0,1,0
3969964,0,0,0,0,0,0,0,0
3969972,0,0,0,0,0,0,0,1
3970493,0,0,0,0,0,0,1,1
3970500,0,0,0,0,0,0,1,0
3971017,0,0,0,0,0,0,0,0
3971024,0,0,0,0,0,0,0,1
3971545,0,0,0,0,0,0,1,1
3971553,0,0,0,0,0,0,1,0
3972070,0,0,0,0,0,0,0,0
3972078,0,0,0,0,0,0,0,1
3972599,0,0,0,0,0,0,1,1
3972606,0,0,0,0,0,0,1,0
3973123,0,0,0,0,0,0,0,0
3973131,0,0,0,0,0,0,0,1
3973652,0,0,0,0,0,0,1,1
3973660,0,0,0,0,0,0,1,0
3974177,0,0,0,0,0,0,0,0
3974185,0,0,0,0,0,0,0,1
3974706,0,0,0,0,0,0,1,1
3974714,0,0,0,0,0,0,1,0
3975232,0,0,0,0,0,0,0,0
3975239,0,0,0,0,0,0,0,1
3975761,0,0,0,0,0,0,1,1
3975769,0,0,0,0,0,0,1,0
3976286,0,0,0,0,0,0,0,0
3976294,0,0,0,0,0,0,0,1
3976815,0,0,0,0,0,0,1,1
3976824,0,0,0,0,0,0,1,0
3977340,0,0,0,0,0,0,0,0
3977348,0,0,0,0,0,0,0,1
3977869,0,0,0,0,0,0,1,1
3977877,0,0,0,0,0,0,1,0
3978394,0,0,0,0,0,0,0,0
3978401,0,0,0,0,0,0,0,1
3978923,0,0,0,0,0,0,1,1
3978931,0,0,0,0,0,0,1,0
3979447,0,0,0,0,0,0,0,0
3979455,0,0,0,0,0,0,0,1
3979976,0,0,0,0,0,0,1,1
3979984,0,0,0,0,0,0,1,0
3980501,0,0,0,0,0,0,0,0
3980509,0,0,0,0,0,0,0,1
3981029,0,0,0,0,0,0,1,1
3981037,0,0,0,0,0,0,1,0
3981554,0,0,0,0,0,0,0,0
3981562,0,0,0,0,0,0,0,1
3982082,0,0,0,0,0,0,1,1
3982090,0,0,0,0,0,0,1,0
3982606,0,0,0,0,0,0,0,0
3982614,0,0,0,0,0,0,0,1
3983134,0,0,0,0,0,0,1,1
3983142,0,0,0,0,0,0,1,0
3983659,0,0,0,0,0,0,0,0
3983667,0,0,0,0,0,0,0,1
3984187,0,0,0,0,0,0,1,1
3984195,0,0,0,0,0,0,1,0
3984712,0,0,0,0,0,0,0,0
3984719,0,0,0,0,0,0,0,1
3985241,0,0,0,0,0,0,1,1
3985249,0,0,0,0,0,0,1,0
3985766,0,0,0,0,0,0,0,0
3985774,0,0,0,0,0,0,0,1
3986295,0,0,0,0,0,0,1,1
3986303,0,0,0,0,0,0,1,0
3986820,0,0,0,0,0,0,0,0
3986828,0,0,0,0,0,0,0,1
3987348,0,0,0,0,0,0,1,1
3987356,0,0,0,0,0,0,1,0
3987873,0,0,0,0,0,0,0,0
3987880,0,0,0,0,0,0,0,1
3988400,0,0,0,0,0,0,1,1
3988408,0,0,0,0,0,0,1,0
3988924,0,0,0,0,0,0,0,0
3988932,0,0,0,0,0,0,0,1
3989453,0,0,0,0,0,0,1,1
3989461,0,0,0,0,0,0,1,0
3989978,0,0,0,0,0,0,0,0
3989985,0,0,0,0,0,0,0,1
3990507,0,0,0,0,0,0,1,1
3990514,0,0,0,0,0,0,1,0
3991031,0,0,0,0,0,0,0,0
3991038,0,0,0,0,0,0,0,1
3991559,0,0,0,0,0,0,1,1
3991567,0,0,0,0,0,0,1,0
3992084,0,0,0,0,0,0,0,0
3992092,0,0,0,0,0,0,0,1
3992611,0,0,0,0,0,0,1,1
3992619,0,0,0,0,0,0,1,0
3993136,0,0,0,0,0,0,0,0
3993144,0,0,0,0,0,0,0,1
3993665,0,0,0,0,0,0,1,1
3993673,0,0,0,0,0,0,1,0
3994190,0,0,0,0,0,0,0,0
3994198,0,0,0,0,0,0,0,1
3994718,0,0,0,0,0,0,1,1
3994726,0,0,0,0,0,0,1,0
3995243,0,0,0,0,0,0,0,0
3995251,0,0,0,0,0,0,0,1
3995771,0,0,0,0,0,0,1,1
3995779,0,0,0,0,0,0,1,0
3996297,0,0,0,0,0,0,0,0
3996305,0,0,0,0,0,0,0,1
3996826,0,0,0,0,0,0,1,1
3996834,0,0,0,0,0,0,1,0
3997351,0,0,0,0,0,0,0,0
3997359,0,0,0,0,0,0,0,1
3997880,0,0,0,0,0,0,1,1
3997888,0,0,0,0,0,0,1,0
3998405,0,0,0,0,0,0,0,0
3998413,0,0,0,0,0,0,0,1
3998935,0,0,0,0,0,0,1,1
3998942,0,0,0,0,0,0,1,0
3999459,0,0,0,0,0,0,0,0
3999466,0,0,0,0,0,0,0,1
3999987,0,0,0,0,0,0,1,1
3999996,0,0,0,0,0,0,1,0
4000513,0,0,0,0,0,0,0,0
4000520,0,0,0,0,0,0,0,1
4001041,0,0,0,0,0,0,1,1
4001049,0,0,0,0,0,0,1,0
4001565,0,0,0,0,0,0,0,0
4001573,0,0,0,0,0,0,0,1
4002093,0,0,0,0,0,0,1,1
4002101,0,0,0,0,0,0,1,0
4002618,0,0,0,0,0,0,0,0
4002625,0,0,0,0,0,0,0,1
4003147,0,0,0,0,0,0,1,1
4003154,0,0,0,0,0,0,1,0
4003671,0,0,0,0,0,0,0,0
4003679,0,0,0,0,0,0,0,1
4004200,0,0,0,0,0,0,1,1
4004208,0,0,0,0,0,0,1,0
4004726,0,0,0,0,0,0,0,0
4004733,0,0,0,0,0,0,0,1
4005254,0,0,0,0,0,0,1,1
4005262,0,0,0,0,0,0,1,0
4005780,0,0,0,0,0,0,0,0
4005788,0,0,0,0,0,0,0,1
4006308,0,0,0,0,0,0,1,1
4006316,0,0,0,0,0,0,1,0
4006833,0,0,0,0,0,0,0,0
4006840,0,0,0,0,0,0,0,1
4007360,0,0,0,0,0,0,1,1
4007368,0,0,0,0,0,0,1,0
4007884,0,0,0,0,0,0,0,0
4007892,0,0,0,0,0,0,0,1
4008412,0,0,0,0,0,0,1,1
4008420,0,0,0,0,0,0,1,0
4008937,0,0,0,0,0,0,0,0
4008944,0,0,0,0,0,0,0,1
4009465,0,0,0,0,0,0,1,1
4009473,0,0,0,0,0,0,1,0
4009991,0,0,0,0,0,0,0,0
4009999,0,0,0,0,0,0,0,1
4010520,0,0,0,0,0,0,1,1
4010528,0,0,0,0,0,0,1,0
4011045,0,0,0,0,0,0,0,0
4011053,0,0,0,0,0,0,0,1
4011574,0,0,0,0,0,0,1,1
4011582,0,0,0,0,0,0,1,0
4012099,0,0,0,0,0,0,0,0
4012107,0,0,0,0,0,0,0,1
4012627,0,0,0,0,0,0,1,1
4012635,0,0,0,0,0,0,1,0
4013153,0,0,0,0,0,0,0,0
4013160,0,0,0,0,0,0,0,1
4013681,0,0,0,0,0,0,1,1
4013689,0,0,0,0,0,0,1,0
4014207,0,0,0,0,0,0,0,0
4014215,0,0,0,0,0,0,0,1
4014736,0,0,0,0,0,0,1,1
4014744,0,0,0,0,0,0,1,0
4015260,0,0,0,0,0,0,0,0
4015268,0,0,0,0,0,0,0,1
4015788,0,0,0,0,0,0,1,1
4015796,0,0,0,0,0,0,1,0
4016313,0,0,0,0,0,0,0,0
4016321,0,0,0,0,0,0,0,1
4016842,0,0,0,0,0,0,1,1
4016850,0,0,0,0,0,0,1,0
4017367,0,0,0,0,0,0,0,0
4017375,0,0,0,0,0,0,0,1
4017896,0,0,0,0,0,0,1,1
4017904,0,0,0,0,0,0,1,0
4018419,0,0,0,0,0,0,0,0
4018427,0,0,0,0,0,0,0,1
4018947,0,0,0,0,0,0,1,1
4018956,0,0,0,0,0,0,1,0
4019472,0,0,0,0,0,0,0,0
4019480,0,0,0,0,0,0,0,1
4020000,0,0,0,0,0,0,1,1
4020008,0,0,0,0,0,0,1,0
4020526,0,0,0,0,0,0,0,0
4020533,0,0,0,0,0,0,0,1
4021054,0,0,0,0,0,0,1,1
4021062,0,0,0,0,0,0,1,0
4021580,0,0,0,0,0,0,0,0
4021587,0,0,0,0,0,0,0,1
4022108,0,0,0,0,0,0,1,1
4022116,0,0,0,0,0,0,1,0
4022633,0,0,0,0,0,0,0,0
4022640,0,0,0,0,0,0,0,1
4023162,0,0,0,0,0,0,1,1
4023169,0,0,0,0,0,0,1,0
4023685,0,0,0,0,0,0,0,0
4023692,0,0,0,0,0,0,0,1
4024213,0,0,0,0,0,0,1,1
4024222,0,0,0,0,0,0,1,0
4024738,0,0,0,0,0,0,0,0
4024746,0,0,0,0,0,0,0,1
4025266,0,0,0,0,0,0,1,1
4025274,0,0,0,0,0,0,1,0
4025790,0,0,0,0,0,0,0,0
4025797,0,0,0,0,0,0,0,1
4026319,0,0,0,0,0,0,1,1
4026327,0,0,0,0,0,0,1,0
4026844,0,0,0,0,0,0,0,0
4026851,0,0,0,0,0,0,0,1
4027372,0,0,0,0,0,0,1,1
4027380,0,0,0,0,0,0,1,0
4027898,0,0,0,0,0,0,0,0
4027905,0,0,0,0,0,0,0,1
4028426,0,0,0,0,0,0,1,1
4028434,0,0,0,0,0,0,1,0
4028952,0,0,0,0,0,0,0,0
4028960,0,0,0,0,0,0,0,1
4029481,0,0,0,0,0,0,1,1
4029489,0,0,0,0,0,0,1,0
4030006,0,0,0,0,0,0,0,0
4030014,0,0,0,0,0,0,0,1
4030535,0,0,0,0,0,0,1,1
4030543,0,0,0,0,0,0,1,0
4031061,0,0,0,0,0,0,0,0
4031069,0,0,0,0,0,0,0,1
4031589,0,0,0,0,0,0,1,1
4031597,0,0,0,0,0,0,1,0
4032115,0,0,0,0,0,0,0,0
4032123,0,0,0,0,0,0,0,1
4032643,0,0,0,0,0,0,1,1
4032651,0,0,0,0,0,0,1,0
4033168,0,0,0,0,0,0,0,0
4033176,0,0,0,0,0,0,0,1
4033696,0,0,0,0,0,0,1,1
4033704,0,0,0,0,0,0,1,0
4034220,0,0,0,0,0,0,0,0
4034228,0,0,0,0,0,0,0,1
4034749,0,0,0,0,0,0,1,1
4034757,0,0,0,0,0,0,1,0
4035273,0,0,0,0,0,0,0,0
4035281,0,0,0,0,0,0,0,1
4035802,0,0,0,0,0,0,1,1
4035810,0,0,0,0,0,0,1,0
4036327,0,0,0,0,0,0,0,0
4036336,0,0,0,0,0,0,0,1
4036856,0,0,0,0,0,0,1,1
4036864,0,0,0,0,0,0,1,0
4037380,0,0,0,0,0,0,0,0
4037388,0,0,0,0,0,0,0,1
4037909,0,0,0,0,0,0,1,1
4037917,0,0,0,0,0,0,1,0
4038434,0,0,0,0,0,0,0,0
4038441,0,0,0,0,0,0,0,1
4038962,0,0,0,0,0,0,1,1
4038970,0,0,0,0,0,0,1,0
4039486,0,0,0,0,0,0,0,0
4039494,0,0,0,0,0,0,0,1
4040014,0,0,0,0,0,0,1,1
4040022,0,0,0,0,0,0,1,0
4040538,0,0,0,0,0,0,0,0
4040546,0,0,0,0,0,0,0,1
4041067,0,0,0,0,0,0,1,1
4041075,0,0,0,0,0,0,1,0
4041592,0,0,0,0,0,0,0,0
4041599,0,0,0,0,0,0,0,1
4042120,0,0,0,0,0,0,1,1
4042128,0,0,0,0,0,0,1,0
4042645,0,0,0,0,0,0,0,0
4042653,0,0,0,0,0,0,0,1
4043173,0,0,0,0,0,0,1,1
4043181,0,0,0,0,0,0,1,0
4043698,0,0,0,0,0,0,0,0
4043705,0,0,0,0,0,0,0,1
4044227,0,0,0,0,0,0,1,1
4044234,0,0,0,0,0,0,1,0
4044752,0,0,0,0,0,0,0,0
4044759,0,0,0,0,0,0,0,1
4045280,0,0,0,0,0,0,1,1
4045287,0,0,0,0,0,0,1,0
4045804,0,0,0,0,0,0,0,0
4045811,0,0,0,0,0,0,0,1
4046333,0,0,0,0,0,0,1,1
4046341,0,0,0,0,0,0,1,0
4046857,0,0,0,0,0,0,0,0
4046865,0,0,0,0,0,0,0,1
4047386,0,0,0,0,0,0,1,1
4047394,0,0,0,0,0,0,1,0
4047910,0,0,0,0,0,0,0,0
4047918,0,0,0,0,0,0,0,1
4048438,0,0,0,0,0,0,1,1
4048447,0,0,0,0,0,0,1,0
4048964,0,0,0,0,0,0,0,0
4048972,0,0,0,0,0,0,0,1
4049494,0,0,0,0,0,0,1,1
4049503,0,0,0,0,0,0,1,0
4050018,0,0,0,0,0,0,0,0
4050026,0,0,0,0,0,0,0,1
4050546,0,0,0,0,0,0,1,1
4050554,0,0,0,0,0,0,1,0
4051072,0,0,0,0,0,0,0,0
4051079,0,0,0,0,0,0,0,1
4051600,0,0,0,0,0,0,1,1
4051608,0,0,0,0,0,0,1,0
4052125,0,0,0,0,0,0,0,0
4052133,0,0,0,0,0,0,0,1
4052654,0,0,0,0,0,0,1,1
4052662,0,0,0,0,0,0,1,0
4053177,0,0,0,0,0,0,0,0
4053185,0,0,0,0,0,0,0,1
4053706,0,0,0,0,0,0,1,1
4053714,0,0,0,0,0,0,1,0
4054230,0,0,0,0,0,0,0,0
4054237,0,0,0,0,0,0,0,1
4054758,0,0,0,0,0,0,1,1
4054766,0,0,0,0,0,0,1,0
4055282,0,0,0,0,0,0,0,0
4055290,0,0,0,0,0,0,0,1
4055811,0,0,0,0,0,0,1,1
4055818,0,0,0,0,0,0,1,0
4056335,0,0,0,0,0,0,0,0
4056343,0,0,0,0,0,0,0,1
4056864,0,0,0,0,0,0,1,1
4056872,0,0,0,0,0,0,1,0
4057389,0,0,0,0,0,0,0,0
4057397,0,0,0,0,0,0,0,1
4057918,0,0,0,0,0,0,1,1
4057926,0,0,0,0,0,0,1,0
4058442,0,0,0,0,0,0,0,0
4058450,0,0,0,0,0,0,0,1
4058971,0,0,0,0,0,0,1,1
4058979,0,0,0,0,0,0,1,0
4059495,0,0,0,0,0,0,0,0
4059503,0,0,0,0,0,0,0,1
4060023,0,0,0,0,0,0,1,1
4060031,0,0,0,0,0,0,1,0
4060547,0,0,0,0,0,0,0,0
4060555,0,0,0,0,0,0,0,1
4061076,0,0,0,0,0,0,1,1
4061083,0,0,0,0,0,0,1,0
4061600,0,0,0,0,0,0,0,0
4061608,0,0,0,0,0,0,0,1
4062129,0,0,0,0,0,0,1,1
4062136,0,0,0,0,0,0,1,0
4062652,0,0,0,0,0,0,0,0
4062660,0,0,0,0,0,0,0,1
4063180,0,0,0,0,0,0,1,1
4063188,0,0,0,0,0,0,1,0
4063705,0,0,0,0,0,0,0,0
4063713,0,0,0,0,0,0,0,1
4064234,0,0,0,0,0,0,1,1
4064241,0,0,0,0,0,0,1,0
4064758,0,0,0,0,0,0,0,0
4064766,0,0,0,0,0,0,0,1
4065287,0,0,0,0,0,0,1,1
4065295,0,0,0,0,0,0,1,0
4065812,0,0,0,0,0,0,0,0
4065820,0,0,0,0,0,0,0,1
4066341,0,0,0,0,0,0,1,1
4066349,0,0,0,0,0,0,1,0
4066865,0,0,0,0,0,0,0,0
4066873,0,0,0,0,0,0,0,1
4067394,0,0,0,0,0,0,1,1
4067402,0,0,0,0,0,0,1,0
4067918,0,0,0,0,0,0,0,0
4067926,0,0,0,0,0,0,0,1
4068447,0,0,0,0,0,0,1,1
4068455,0,0,0,0,0,0,1,0
4068972,0,0,0,0,0,0,0,0
4068979,0,0,0,0,0,0,0,1
4069501,0,0,0,0,0,0,1,1
4069509,0,0,0,0,0,0,1,0
4070026,0,0,0,0,0,0,0,0
4070034,0,0,0,0,0,0,0,1
4070553,0,0,0,0,0,0,1,1
4070562,0,0,0,0,0,0,1,0
4071078,0,0,0,0,0,0,0,0
4071086,0,0,0,0,0,0,0,1
4071605,0,0,0,0,0,0,1,1
4071613,0,0,0,0,0,0,1,0
4072130,0,0,0,0,0,0,0,0
4072138,0,0,0,0,0,0,0,1
4072659,0,0,0,0,0,0,1,1
4072667,0,0,0,0,0,0,1,0
4073183,0,0,0,0,0,0,0,0
4073191,0,0,0,0,0,0,0,1
4073710,0,0,0,0,0,0,1,1
4073718,0,0,0,0,0,0,1,0
4074235,0,0,0,0,0,0,0,0
4074243,0,0,0,0,0,0,0,1
4074763,0,0,0,0,0,0,1,1
4074771,0,0,0,0,0,0,1,0
4075289,0,0,0,0,0,0,0,0
4075297,0,0,0,0,0,0,0,1
4075818,0,0,0,0,0,0,1,1
4075826,0,0,0,0,0,0,1,0
4076343,0,0,0,0,0,0,0,0
4076351,0,0,0,0,0,0,0,1
4076871,0,0,0,0,0,0,1,1
4076879,0,0,0,0,0,0,1,0
4077395,0,0,0,0,0,0,0,0
4077403,0,0,0,0,0,0,0,1
4077923,0,0,0,0,0,0,1,1
4077931,0,0,0,0,0,0,1,0
4078449,0,0,0,0,0,0,0,0
4078456,0,0,0,0,0,0,0,1
4078977,0,0,0,0,0,0,1,1
4078985,0,0,0,0,0,0,1,0
4079502,0,0,0,0,0,0,0,0
4079510,0,0,0,0,0,0,0,1
4080030,0,0,0,0,0,0,1,1
4080038,0,0,0,0,0,0,1,0
4080554,0,0,0,0,0,0,0,0
4080562,0,0,0,0,0,0,0,1
4081082,0,0,0,0,0,0,1,1
4081090,0,0,0,0,0,0,1,0
4081608,0,0,0,0,0,0,0,0
4081616,0,0,0,0,0,0,0,1
4082136,0,0,0,0,0,0,1,1
4082144,0,0,0,0,0,0,1,0
4082662,0,0,0,0,0,0,0,0
4082670,0,0,0,0,0,0,0,1
4083192,0,0,0,0,0,0,1,1
4083200,0,0,0,0,0,0,1,0
4083717,0,0,0,0,0,0,0,0
4083725,0,0,0,0,0,0,0,1
4084246,0,0,0,0,0,0,1,1
4084254,0,0,0,0,0,0,1,0
4084770,0,0,0,0,0,0,0,0
4084778,0,0,0,0,0,0,0,1
4085298,0,0,0,0,0,0,1,1
4085306,0,0,0,0,0,0,1,0
4085824,0,0,0,0,0,0,0,0
4085832,0,0,0,0,0,0,0,1
4086352,0,0,0,0,0,0,1,1
4086361,0,0,0,0,0,0,1,0
4086878,0,0,0,0,0,0,0,0
4086886,0,0,0,0,0,0,0,1
4087407,0,0,0,0,0,0,1,1
4087415,0,0,0,0,0,0,1,0
4087931,0,0,0,0,0,0,0,0
4087939,0,0,0,0,0,0,0,1
4088459,0,0,0,0,0,0,1,1
4088467,0,0,0,0,0,0,1,0
4088983,0,0,0,0,0,0,0,0
4088991,0,0,0,0,0,0,0,1
4089512,0,0,0,0,0,0,1,1
4089520,0,0,0,0,0,0,1,0
4090037,0,0,0,0,0,0,0,0
4090045,0,0,0,0,0,0,0,1
4090566,0,0,0,0,0,0,1,1
4090574,0,0,0,0,0,0,1,0
4091091,0,0,0,0,0,0,0,0
4091098,0,0,0,0,0,0,0,1
4091619,0,0,0,0,0,0,1,1
4091627,0,0,0,0,0,0,1,0
4092143,0,0,0,0,0,0,0,0
4092151,0,0,0,0,0,0,0,1
4092672,0,0,0,0,0,0,1,1
4092680,0,0,0,0,0,0,1,0
4093196,0,0,0,0,0,0,0,0
4093203,0,0,0,0,0,0,0,1
4093724,0,0,0,0,0,0,1,1
4093732,0,0,0,0,0,0,1,0
4094249,0,0,0,0,0,0,0,0
4094257,0,0,0,0,0,0,0,1
4094777,0,0,0,0,0,0,1,1
4094786,0,0,0,0,0,0,1,0
4095302,0,0,0,0,0,0,0,0
4095310,0,0,0,0,0,0,0,1
4095831,0,0,0,0,0,0,1,1
4095839,0,0,0,0,0,0,1,0
4096354,0,0,0,0,0,0,0,0
4096362,0,0,0,0,0,0,0,1
4096883,0,0,0,0,0,0,1,1
4096891,0,0,0,0,0,0,1,0
4097408,0,0,0,0,0,0,0,0
4097416,0,0,0,0,0,0,0,1
4097936,0,0,0,0,0,0,1,1
4097944,0,0,0,0,0,0,1,0
4098461,0,0,0,0,0,0,0,0
4098468,0,0,0,0,0,0,0,1
4098989,0,0,0,0,0,0,1,1
4098997,0,0,0,0,0,0,1,0
4099514,0,0,0,0,0,0,0,0
4099522,0,0,0,0,0,0,0,1
4100042,0,0,0,0,0,0,1,1
4100050,0,0,0,0,0,0,1,0
4100567,0,0,0,0,0,0,0,0
4100574,0,0,0,0,0,0,0,1
4101095,0,0,0,0,0,0,1,1
4101102,0,0,0,0,0,0,1,0
4101619,0,0,0,0,0,0,0,0
4101627,0,0,0,0,0,0,0,1
4102147,0,0,0,0,0,0,1,1
4102156,0,0,0,0,0,0,1,0
4102671,0,0,0,0,0,0,0,0
4102679,0,0,0,0,0,0,0,1
4103199,0,0,0,0,0,0,1,1
4103207,0,0,0,0,0,0,1,0
4103723,0,0,0,0,0,0,0,0
4103731,0,0,0,0,0,0,0,1
4104252,0,0,0,0,0,0,1,1
4104260,0,0,0,0,0,0,1,0
4104776,0,0,0,0,0,0,0,0
4104784,0,0,0,0,0,0,0,1
4105305,0,0,0,0,0,0,1,1
4105313,0,0,0,0,0,0,1,0
4105829,0,0,0,0,0,0,0,0
4105837,0,0,0,0,0,0,0,1
4106358,0,0,0,0,0,0,1,1
4106366,0,0,0,0,0,0,1,0
4106882,0,0,0,0,0,0,0,0
4106890,0,0,0,0,0,0,0,1
4107411,0,0,0,0,0,0,1,1
4107419,0,0,0,0,0,0,1,0
4107937,0,0,0,0,0,0,0,0
4107944,0,0,0,0,0,0,0,1
4108465,0,0,0,0,0,0,1,1
4108473,0,0,0,0,0,0,1,0
4108990,0,0,0,0,0,0,0,0
4108997,0,0,0,0,0,0,0,1
4109518,0,0,0,0,0,0,1,1
4109526,0,0,0,0,0,0,1,0
4110043,0,0,0,0,0,0,0,0
4110051,0,0,0,0,0,0,0,1
4110572,0,0,0,0,0,0,1,1
4110580,0,0,0,0,0,0,1,0
4111098,0,0,0,0,0,0,0,0
4111106,0,0,0,0,0,0,0,1
4111627,0,0,0,0,0,0,1,1
4111635,0,0,0,0,0,0,1,0
4112151,0,0,0,0,0,0,0,0
4112159,0,0,0,0,0,0,0,1
4112679,0,0,0,0,0,0,1,1
4112687,0,0,0,0,0,0,1,0
4113204,0,0,0,0,0,0,0,0
4113212,0,0,0,0,0,0,0,1
4113733,0,0,0,0,0,0,1,1
4113741,0,0,0,0,0,0,1,0
4114259,0,0,0,0,0,0,0,0
4114266,0,0,0,0,0,0,0,1
4114787,0,0,0,0,0,0,1,1
4114795,0,0,0,0,0,0,1,0
4115311,0,0,0,0,0,0,0,0
4115319,0,0,0,0,0,0,0,1
4115839,0,0,0,0,0,0,1,1
4115847,0,0,0,0,0,0,1,0
4116364,0,0,0,0,0,0,0,0
4116372,0,0,0,0,0,0,0,1
4116892,0,0,0,0,0,0,1,1
4116900,0,0,0,0,0,0,1,0
4117418,0,0,0,0,0,0,0,0
4117426,0,0,0,0,0,0,0,1
4117947,0,0,0,0,0,0,1,1
4117954,0,0,0,0,0,0,1,0
4118471,0,0,0,0,0,0,0,0
4118478,0,0,0,0,0,0,0,1
4118999,0,0,0,0,0,0,1,1
4119007,0,0,0,0,0,0,1,0
4119523,0,0,0,0,0,0,0,0
4119531,0,0,0,0,0,0,0,1
4120051,0,0,0,0,0,0,1,1
4120059,0,0,0,0,0,0,1,0
4120576,0,0,0,0,0,0,0,0
4120583,0,0,0,0,0,0,0,1
4121103,0,0,0,0,0,0,1,1
4121111,0,0,0,0,0,0,1,0
4121629,0,0,0,0,0,0,0,0
4121637,0,0,0,0,0,0,0,1
4122157,0,0,0,0,0,0,1,1
4122165,0,0,0,0,0,0,1,0
4122682,0,0,0,0,0,0,0,0
4122689,0,0,0,0,0,0,0,1
4123210,0,0,0,0,0,0,1,1
4123218,0,0,0,0,0,0,1,0
4123734,0,0,0,0,0,0,0,0
4123742,0,0,0,0,0,0,0,1
4124263,0,0,0,0,0,0,1,1
4124271,0,0,0,0,0,0,1,0
4124786,0,0,0,0,0,0,0,0
4124794,0,0,0,0,0,0,0,1
4125315,0,0,0,0,0,0,1,1
4125323,0,0,0,0,0,0,1,0
4125841,0,0,0,0,0,0,0,0
4125849,0,0,0,0,0,0,0,1
4126370,0,0,0,0,0,0,1,1
4126378,0,0,0,0,0,0,1,0
4126894,0,0,0,0,0,0,0,0
4126902,0,0,0,0,0,0,0,1
4127423,0,0,0,0,0,0,1,1
4127431,0,0,0,0,0,0,1,0
4127947,0,0,0,0,0,0,0,0
4127955,0,0,0,0,0,0,0,1
4128475,0,0,0,0,0,0,1,1
4128483,0,0,0,0,0,0,1,0
4129000,0,0,0,0,0,0,0,0
4129008,0,0,0,0,0,0,0,1
4129529,0,0,0,0,0,0,1,1
4129537,0,0,0,0,0,0,1,0
4130054,0,0,0,0,0,0,0,0
4130061,0,0,0,0,0,0,0,1
4130582,0,0,0,0,0,0,1,1
4130589,0,0,0,0,0,0,1,0
4131106,0,0,0,0,0,0,0,0
4131114,0,0,0,0,0,0,0,1
4131634,0,0,0,0,0,0,1,1
4131642,0,0,0,0,0,0,1,0
4132158,0,0,0,0,0,0,0,0
4132166,0,0,0,0,0,0,0,1
4132687,0,0,0,0,0,0,1,1
4132695,0,0,0,0,0,0,1,0
4133211,0,0,0,0,0,0,0,0
4133219,0,0,0,0,0,0,0,1
4133739,0,0,0,0,0,0,1,1
4133747,0,0,0,0,0,0,1,0
4134264,0,0,0,0,0,0,0,0
4134272,0,0,0,0,0,0,0,1
4134792,0,0,0,0,0,0,1,1
4134800,0,0,0,0,0,0,1,0
4135316,0,0,0,0,0,0,0,0
4135324,0,0,0,0,0,0,0,1
4135844,0,0,0,0,0,0,1,1
4135852,0,0,0,0,0,0,1,0
4136368,0,0,0,0,0,0,0,0
4136376,0,0,0,0,0,0,0,1
4136896,0,0,0,0,0,0,1,1
4136904,0,0,0,0,0,0,1,0
4137421,0,0,0,0,0,0,0,0
4137429,0,0,0,0,0,0,0,1
4137950,0,0,0,0,0,0,1,1
4137959,0,0,0,0,0,0,1,0
4138476,0,0,0,0,0,0,0,0
4138483,0,0,0,0,0,0,0,1
4139004,0,0,0,0,0,0,1,1
4139012,0,0,0,0,0,0,1,0
4139528,0,0,0,0,0,0,0,0
4139536,0,0,0,0,0,0,0,1
4140056,0,0,0,0,0,0,1,1
4140064,0,0,0,0,0,0,1,0
4140582,0,0,0,0,0,0,0,0
4140590,0,0,0,0,0,0,0,1
4141111,0,0,0,0,0,0,1,1
4141118,0,0,0,0,0,0,1,0
4141635,0,0,0,0,0,0,0,0
4141643,0,0,0,0,0,0,0,1
4142163,0,0,0,0,0,0,1,1
4142171,0,0,0,0,0,0,1,0
4142688,0,0,0,0,0,0,0,0
4142696,0,0,0,0,0,0,0,1
4143217,0,0,0,0,0,0,1,1
4143225,0,0,0,0,0,0,1,0
4143742,0,0,0,0,0,0,0,0
4143750,0,0,0,0,0,0,0,1
4144270,0,0,0,0,0,0,1,1
4144278,0,0,0,0,0,0,1,0
4144794,0,0,0,0,0,0,0,0
4144802,0,0,0,0,0,0,0,1
4145323,0,0,0,0,0,0,1,1
4145331,0,0,0,0,0,0,1,0
4145848,0,0,0,0,0,0,0,0
4145856,0,0,0,0,0,0,0,1
4146377,0,0,0,0,0,0,1,1
4146385,0,0,0,0,0,0,1,0
4146902,0,0,0,0,0,0,0,0
4146910,0,0,0,0,0,0,0,1
4147431,0,0,0,0,0,0,1,1
4147439,0,0,0,0,0,0,1,0
4147956,0,0,0,0,0,0,0,0
4147964,0,0,0,0,0,0,0,1
4148486,0,0,0,0,0,0,1,1
4148493,0,0,0,0,0,0,1,0
4149010,0,0,0,0,0,0,0,0
4149017,0,0,0,0,0,0,0,1
4149538,0,0,0,0,0,0,1,1
4149546,0,0,0,0,0,0,1,0
4150063,0,0,0,0,0,0,0,0
4150071,0,0,0,0,0,0,0,1
4150591,0,0,0,0,0,0,1,1
4150599,0,0,0,0,0,0,1,0
4151115,0,0,0,0,0,0,0,0
4151123,0,0,0,0,0,0,0,1
4151643,0,0,0,0,0,0,1,1
4151651,0,0,0,0,0,0,1,0
4152168,0,0,0,0,0,0,0,0
4152175,0,0,0,0,0,0,0,1
4152696,0,0,0,0,0,0,1,1
4152704,0,0,0,0,0,0,1,0
4153221,0,0,0,0,0,0,0,0
4153229,0,0,0,0,0,0,0,1
4153749,0,0,0,0,0,0,1,1
4153757,0,0,0,0,0,0,1,0
4154273,0,0,0,0,0,0,0,0
4154281,0,0,0,0,0,0,0,1
4154802,0,0,0,0,0,0,1,1
4154810,0,0,0,0,0,0,1,0
4155326,0,0,0,0,0,0,0,0
4155334,0,0,0,0,0,0,0,1
4155854,0,0,0,0,0,0,1,1
4155862,0,0,0,0,0,0,1,0
4156379,0,0,0,0,0,0,0,0
4156387,0,0,0,0,0,0,0,1
4156907,0,0,0,0,0,0,1,1
4156915,0,0,0,0,0,0,1,0
4157431,0,0,0,0,0,0,0,0
4157439,0,0,0,0,0,0,0,1
4157960,0,0,0,0,0,0,1,1
4157968,0,0,0,0,0,0,1,0
4158485,0,0,0,0,0,0,0,0
4158492,0,0,0,0,0,0,0,1
4159013,0,0,0,0,0,0,1,1
4159020,0,0,0,0,0,0,1,0
4159538,0,0,0,0,0,0,0,0
4159545,0,0,0,0,0,0,0,1
4160067,0,0,0,0,0,0,1,1
4160075,0,0,0,0,0,0,1,0
4160591,0,0,0,0,0,0,0,0
4160599,0,0,0,0,0,0,0,1
4161120,0,0,0,0,0,0,1,1
4161128,0,0,0,0,0,0,1,0
4161643,0,0,0,0,0,0,0,0
4161651,0,0,0,0,0,0,0,1
4162171,0,0,0,0,0,0,1,1
4162180,0,0,0,0,0,0,1,0
4162698,0,0,0,0,0,0,0,0
4162706,0,0,0,0,0,0,0,1
4163227,0,0,0,0,0,0,1,1
4163235,0,0,0,0,0,0,1,0
4163751,0,0,0,0,0,0,0,0
4163759,0,0,0,0,0,0,0,1
4164280,0,0,0,0,0,0,1,1
4164288,0,0,0,0,0,0,1,0
4164803,0,0,0,0,0,0,0,0
4164811,0,0,0,0,0,0,0,1
4165332,0,0,0,0,0,0,1,1
4165340,0,0,0,0,0,0,1,0
4165856,0,0,0,0,0,0,0,0
4165864,0,0,0,0,0,0,0,1
4166384,0,0,0,0,0,0,1,1
4166392,0,0,0,0,0,0,1,0
4166908,0,0,0,0,0,0,0,0
4166916,0,0,0,0,0,0,0,1
4167437,0,0,0,0,0,0,1,1
4167445,0,0,0,0,0,0,1,0
4167962,0,0,0,0,0,0,0,0
4167970,0,0,0,0,0,0,0,1
4168490,0,0,0,0,0,0,1,1
4168498,0,0,0,0,0,0,1,0
4169014,0,0,0,0,0,0,0,0
4169022,0,0,0,0,0,0,0,1
4169543,0,0,0,0,0,0,1,1
4169551,0,0,0,0,0,0,1,0
4170067,0,0,0,0,0,0,0,0
4170075,0,0,0,0,0,0,0,1
4170596,0,0,0,0,0,0,1,1
4170604,0,0,0,0,0,0,1,0
4171120,0,0,0,0,0,0,0,0
4171128,0,0,0,0,0,0,0,1
4171649,0,0,0,0,0,0,1,1
4171657,0,0,0,0,0,0,1,0
4172174,0,0,0,0,0,0,0,0
4172182,0,0,0,0,0,0,0,1
4172702,0,0,0,0,0,0,1,1
4172710,0,0,0,0,0,0,1,0
4173228,0,0,0,0,0,0,0,0
4173235,0,0,0,0,0,0,0,1
4173756,0,0,0,0,0,0,1,1
4173764,0,0,0,0,0,0,1,0
4174281,0,0,0,0,0,0,0,0
4174288,0,0,0,0,0,0,0,1
4174810,0,0,0,0,0,0,1,1
4174818,0,0,0,0,0,0,1,0
4175335,0,0,0,0,0,0,0,0
4175343,0,0,0,0,0,0,0,1
4175864,0,0,0,0,0,0,1,1
4175872,0,0,0,0,0,0,1,0
4176389,0,0,0,0,0,0,0,0
4176396,0,0,0,0,0,0,0,1
4176917,0,0,0,0,0,0,1,1
4176925,0,0,0,0,0,0,1,0
4177441,0,0,0,0,0,0,0,0
4177449,0,0,0,0,0,0,0,1
4177970,0,0,0,0,0,0,1,1
4177978,0,0,0,0,0,0,1,0
4178495,0,0,0,0,0,0,0,0
4178502,0,0,0,0,0,0,0,1
4179023,0,0,0,0,0,0,1,1
4179031,0,0,0,0,0,0,1,0
4179547,0,0,0,0,0,0,0,0
4179555,0,0,0,0,0,0,0,1
4180075,0,0,0,0,0,0,1,1
4180083,0,0,0,0,0,0,1,0
4180600,0,0,0,0,0,0,0,0
4180607,0,0,0,0,0,0,0,1
4181128,0,0,0,0,0,0,1,1
4181136,0,0,0,0,0,0,1,0
4181652,0,0,0,0,0,0,0,0
4181660,0,0,0,0,0,0,0,1
4182181,0,0,0,0,0,0,1,1
4182189,0,0,0,0,0,0,1,0
4182707,0,0,0,0,0,0,0,0
4182715,0,0,0,0,0,0,0,1
4183236,0,0,0,0,0,0,1,1
4183244,0,0,0,0,0,0,1,0
4183761,0,0,0,0,0,0,0,0
4183769,0,0,0,0,0,0,0,1
4184289,0,0,0,0,0,0,1,1
4184297,0,0,0,0,0,0,1,0
4184814,0,0,0,0,0,0,0,0
4184822,0,0,0,0,0,0,0,1
4185343,0,0,0,0,0,0,1,1
4185351,0,0,0,0,0,0,1,0
4185868,0,0,0,0,0,0,0,0
4185876,0,0,0,0,0,0,0,1
4186397,0,0,0,0,0,0,1,1
4186405,0,0,0,0,0,0,1,0
4186922,0,0,0,0,0,0,0,0
4186930,0,0,0,0,0,0,0,1
4187451,0,0,0,0,0,0,1,1
4187459,0,0,0,0,0,0,1,0
4187975,0,0,0,0,0,0,0,0
4187983,0,0,0,0,0,0,0,1
4188504,0,0,0,0,0,0,1,1
4188512,0,0,0,0,0,0,1,0
4189029,0,0,0,0,0,0,0,0
4189037,0,0,0,0,0,0,0,1
4189557,0,0,0,0,0,0,1,1
4189565,0,0,0,0,0,0,1,0
4190082,0,0,0,0,0,0,0,0
4190090,0,0,0,0,0,0,0,1
4190612,0,0,0,0,0,0,1,1
4190620,0,0,0,0,0,0,1,0
4191136,0,0,0,0,0,0,0,0
4191144,0,0,0,0,0,0,0,1
4191665,0,0,0,0,0,0,1,1
4191673,0,0,0,0,0,0,1,0
4192190,0,0,0,0,0,0,0,0
4192198,0,0,0,0,0,0,0,1
4192718,0,0,0,0,0,0,1,1
4192726,0,0,0,0,0,0,1,0
4193243,0,0,0,0,0,0,0,0
4193250,0,0,0,0,0,0,0,1
4193771,0,0,0,0,0,0,1,1
4193779,0,0,0,0,0,0,1,0
4194296,0,0,0,0,0,0,0,0
4194303,0,0,0,0,0,0,0,1
4194823,0,0,0,0,0,0,1,1
4194831,0,0,0,0,0,0,1,0
4195349,0,0,0,0,0,0,0,0
4195357,0,0,0,0,0,0,0,1
4195878,0,0,0,0,0,0,1,1
4195886,0,0,0,0,0,0,1,0
4196402,0,0,0,0,0,0,0,0
4196410,0,0,0,0,0,0,0,1
4196931,0,0,0,0,0,0,1,1
4196938,0,0,0,0,0,0,1,0
4197455,0,0,0,0,0,0,0,0
4197463,0,0,0,0,0,0,0,1
4197983,0,0,0,0,0,0,1,1
4197991,0,0,0,0,0,0,1,0
4198508,0,0,0,0,0,0,0,0
4198516,0,0,0,0,0,0,0,1
4199037,0,0,0,0,0,0,1,1
4199045,0,0,0,0,0,0,1,0
4199560,0,0,0,0,0,0,0,0
4199568,0,0,0,0,0,0,0,1
4200089,0,0,0,0,0,0,1,1
4200097,0,0,0,0,0,0,1,0
4200614,0,0,0,0,0,0,0,0
4200622,0,0,0,0,0,0,0,1
4201142,0,0,0,0,0,0,1,1
4201150,0,0,0,0,0,0,1,0
4201667,0,0,0,0,0,0,0,0
4201675,0,0,0,0,0,0,0,1
4202196,0,0,0,0,0,0,1,1
4202204,0,0,0,0,0,0,1,0
4202720,0,0,0,0,0,0,0,0
4202728,0,0,0,0,0,0,0,1
4203249,0,0,0,0,0,0,1,1
4203257,0,0,0,0,0,0,1,0
4203774,0,0,0,0,0,0,0,0
4203782,0,0,0,0,0,0,0,1
4204303,0,0,0,0,0,0,1,1
4204311,0,0,0,0,0,0,1,0
4204827,0,0,0,0,0,0,0,0
4204835,0,0,0,0,0,0,0,1
4205356,0,0,0,0,0,0,1,1
4205364,0,0,0,0,0,0,1,0
4205880,0,0,0,0,0,0,0,0
4205888,0,0,0,0,0,0,0,1
4206409,0,0,0,0,0,0,1,1
4206417,0,0,0,0,0,0,1,0
4206933,0,0,0,0,0,0,0,0
4206941,0,0,0,0,0,0,0,1
4207461,0,0,0,0,0,0,1,1
4207469,0,0,0,0,0,0,1,0
4207987,0,0,0,0,0,0,0,0
4207994,0,0,0,0,0,0,0,1
4208514,0,0,0,0,0,0,1,1
4208523,0,0,0,0,0,0,1,0
4209040,0,0,0,0,0,0,0,0
4209048,0,0,0,0,0,0,0,1
4209568,0,0,0,0,0,0,1,1
4209576,0,0,0,0,0,0,1,0
4210092,0,0,0,0,0,0,0,0
4210100,0,0,0,0,0,0,0,1
4210620,0,0,0,0,0,0,1,1
4210628,0,0,0,0,0,0,1,0
4211144,0,0,0,0,0,0,0,0
4211152,0,0,0,0,0,0,0,1
4211672,0,0,0,0,0,0,1,1
4211680,0,0,0,0,0,0,1,0
4212197,0,0,0,0,0,0,0,0
4212204,0,0,0,0,0,0,0,1
4212725,0,0,0,0,0,0,1,1
4212733,0,0,0,0,0,0,1,0
4213251,0,0,0,0,0,0,0,0
4213258,0,0,0,0,0,0,0,1
4213779,0,0,0,0,0,0,1,1
4213787,0,0,0,0,0,0,1,0
4214304,0,0,0,0,0,0,0,0
4214312,0,0,0,0,0,0,0,1
4214833,0,0,0,0,0,0,1,1
4214841,0,0,0,0,0,0,1,0
4215359,0,0,0,0,0,0,0,0
4215367,0,0,0,0,0,0,0,1
4215888,0,0,0,0,0,0,1,1
4215896,0,0,0,0,0,0,1,0
4216412,0,0,0,0,0,0,0,0
4216420,0,0,0,0,0,0,0,1
4216940,0,0,0,0,0,0,1,1
4216948,0,0,0,0,0,0,1,0
4217466,0,0,0,0,0,0,0,0
4217473,0,0,0,0,0,0,0,1
4217994,0,0,0,0,0,0,1,1
4218002,0,0,0,0,0,0,1,0
4218519,0,0,0,0,0,0,0,0
4218526,0,0,0,0,0,0,0,1
4219046,0,0,0,0,0,0,1,1
4219055,0,0,0,0,0,0,1,0
4219572,0,0,0,0,0,0,0,0
4219580,0,0,0,0,0,0,0,1
4220100,0,0,0,0,0,0,1,1
4220108,0,0,0,0,0,0,1,0
4220626,0,0,0,0,0,0,0,0
4220633,0,0,0,0,0,0,0,1
4221155,0,0,0,0,0,0,1,1
4221163,0,0,0,0,0,0,1,0
4221680,0,0,0,0,0,0,0,0
4221688,0,0,0,0,0,0,0,1
4222208,0,0,0,0,0,0,1,1
4222216,0,0,0,0,0,0,1,0
4222734,0,0,0,0,0,0,0,0
4222742,0,0,0,0,0,0,0,1
4223263,0,0,0,0,0,0,1,1
4223271,0,0,0,0,0,0,1,0
4223788,0,0,0,0,0,0,0,0
4223796,0,0,0,0,0,0,0,1
4224316,0,0,0,0,0,0,1,1
4224324,0,0,0,0,0,0,1,0
4224839,0,0,0,0,0,0,0,0
4224847,0,0,0,0,0,0,0,1
4225367,0,0,0,0,0,0,1,1
4225376,0,0,0,0,0,0,1,0
4225893,0,0,0,0,0,0,0,0
4225901,0,0,0,0,0,0,0,1
4226421,0,0,0,0,0,0,1,1
4226429,0,0,0,0,0,0,1,0
4226946,0,0,0,0,0,0,0,0
4226953,0,0,0,0,0,0,0,1
4227474,0,0,0,0,0,0,1,1
4227482,0,0,0,0,0,0,1,0
4227998,0,0,0,0,0,0,0,0
4228006,0,0,0,0,0,0,0,1
4228526,0,0,0,0,0,0,1,1
4228534,0,0,0,0,0,0,1,0
4229051,0,0,0,0,0,0,0,0
4229059,0,0,0,0,0,0,0,1
4229579,0,0,0,0,0,0,1,1
4229588,0,0,0,0,0,0,1,0
4230105,0,0,0,0,0,0,0,0
4230112,0,0,0,0,0,0,0,1
4230634,0,0,0,0,0,0,1,1
4230641,0,0,0,0,0,0,1,0
4231158,0,0,0,0,0,0,0,0
4231166,0,0,0,0,0,0,0,1
4231687,0,0,0,0,0,0,1,1
4231695,0,0,0,0,0,0,1,0
4232212,0,0,0,0,0,0,0,0
4232220,0,0,0,0,0,0,0,1
4232740,0,0,0,0,0,0,1,1
4232749,0,0,0,0,0,0,1,0
4233264,0,0,0,0,0,0,0,0
4233272,0,0,0,0,0,0,0,1
4233793,0,0,0,0,0,0,1,1
4233801,0,0,0,0,0,0,1,0
4234318,0,0,0,0,0,0,0,0
4234326,0,0,0,0,0,0,0,1
4234846,0,0,0,0,0,0,1,1
4234854,0,0,0,0,0,0,1,0
4235371,0,0,0,0,0,0,0,0
4235379,0,0,0,0,0,0,0,1
4235900,0,0,0,0,0,0,1,1
4235908,0,0,0,0,0,0,1,0
4236425,0,0,0,0,0,0,0,0
4236433,0,0,0,0,0,0,0,1
4236954,0,0,0,0,0,0,1,1
4236962,0,0,0,0,0,0,1,0
4237479,0,0,0,0,0,0,0,0
4237486,0,0,0,0,0,0,0,1
4238006,0,0,0,0,0,0,1,1
4238014,0,0,0,0,0,0,1,0
4238530,0,0,0,0,0,0,0,0
4238538,0,0,0,0,0,0,0,1
4239058,0,0,0,0,0,0,1,1
4239067,0,0,0,0,0,0,1,0
4239583,0,0,0,0,0,0,0,0
4239591,0,0,0,0,0,0,0,1
4240110,0,0,0,0,0,0,1,1
4240118,0,0,0,0,0,0,1,0
4240635,0,0,0,0,0,0,0,0
4240642,0,0,0,0,0,0,0,1
4241163,0,0,0,0,0,0,1,1
4241171,0,0,0,0,0,0,1,0
4241688,0,0,0,0,0,0,0,0
4241695,0,0,0,0,0,0,0,1
4242216,0,0,0,0,0,0,1,1
4242223,0,0,0,0,0,0,1,0
4242740,0,0,0,0,0,0,0,0
4242748,0,0,0,0,0,0,0,1
4243269,0,0,0,0,0,0,1,1
4243277,0,0,0,0,0,0,1,0
4243794,0,0,0,0,0,0,0,0
4243802,0,0,0,0,0,0,0,1
4244323,0,0,0,0,0,0,1,1
4244331,0,0,0,0,0,0,1,0
4244848,0,0,0,0,0,0,0,0
4244856,0,0,0,0,0,0,0,1
4245376,0,0,0,0,0,0,1,1
4245384,0,0,0,0,0,0,1,0
4245902,0,0,0,0,0,0,0,0
4245909,0,0,0,0,0,0,0,1
4246430,0,0,0,0,0,0,1,1
4246438,0,0,0,0,0,0,1,0
4246953,0,0,0,0,0,0,0,0
4246961,0,0,0,0,0,0,0,1
4247482,0,0,0,0,0,0,1,1
4247490,0,0,0,0,0,0,1,0
4248007,0,0,0,0,0,0,0,0
4248015,0,0,0,0,0,0,0,1
4248535,0,0,0,0,0,0,1,1
4248543,0,0,0,0,0,0,1,0
4249059,0,0,0,0,0,0,0,0
4249067,0,0,0,0,0,0,0,1
4249588,0,0,0,0,0,0,1,1
4249596,0,0,0,0,0,0,1,0
4250112,0,0,0,0,0,0,0,0
4250120,0,0,0,0,0,0,0,1
4250640,0,0,0,0,0,0,1,1
4250649,0,0,0,0,0,0,1,0
4251166,0,0,0,0,0,0,0,0
4251173,0,0,0,0,0,0,0,1
4251693,0,0,0,0,0,0,1,1
4251701,0,0,0,0,0,0,1,0
4252220,0,0,0,0,0,0,0,0
4252227,0,0,0,0,0,0,0,1
4252748,0,0,0,0,0,0,1,1
4252756,0,0,0,0,0,0,1,0
4253272,0,0,0,0,0,0,0,0
4253280,0,0,0,0,0,0,0,1
4253801,0,0,0,0,0,0,1,1
4253809,0,0,0,0,0,0,1,0
4254325,0,0,0,0,0,0,0,0
4254332,0,0,0,0,0,0,0,1
4254853,0,0,0,0,0,0,1,1
4254861,0,0,0,0,0,0,1,0
4255378,0,0,0,0,0,0,0,0
4255386,0,0,0,0,0,0,0,1
4255907,0,0,0,0,0,0,1,1
4255915,0,0,0,0,0,0,1,0
4256432,0,0,0,0,0,0,0,0
4256440,0,0,0,0,0,0,0,1
4256961,0,0,0,0,0,0,1,1
4256969,0,0,0,0,0,0,1,0
4257486,0,0,0,0,0,0,0,0
4257494,0,0,0,0,0,0,0,1
4258014,0,0,0,0,0,0,1,1
4258022,0,0,0,0,0,0,1,0
4258538,0,0,0,0,0,0,0,0
4258546,0,0,0,0,0,0,0,1
4259067,0,0,0,0,0,0,1,1
4259075,0,0,0,0,0,0,1,0
4259592,0,0,0,0,0,0,0,0
4259600,0,0,0,0,0,0,0,1
4260120,0,0,0,0,0,0,1,1
4260128,0,0,0,0,0,0,1,0
4260645,0,0,0,0,0,0,0,0
4260653,0,0,0,0,0,0,0,1
4261175,0,0,0,0,0,0,1,1
4261183,0,0,0,0,0,0,1,0
4261701,0,0,0,0,0,0,0,0
4261709,0,0,0,0,0,0,0,1
4262229,0,0,0,0,0,0,1,1
4262237,0,0,0,0,0,0,1,0
4262753,0,0,0,0,0,0,0,0
4262761,0,0,0,0,0,0,0,1
4263282,0,0,0,0,0,0,1,1
4263290,0,0,0,0,0,0,1,0
4263806,0,0,0,0,0,0,0,0
4263814,0,0,0,0,0,0,0,1
4264334,0,0,0,0,0,0,1,1
4264342,0,0,0,0,0,0,1,0
4264859,0,0,0,0,0,0,0,0
4264866,0,0,0,0,0,0,0,1
4265387,0,0,0,0,0,0,1,1
4265395,0,0,0,0,0,0,1,0
4265911,0,0,0,0,0,0,0,0
4265919,0,0,0,0,0,0,0,1
4266440,0,0,0,0,0,0,1,1
4266448,0,0,0,0,0,0,1,0
4266964,0,0,0,0,0,0,0,0
4266972,0,0,0,0,0,0,0,1
4267493,0,0,0,0,0,0,1,1
4267502,0,0,0,0,0,0,1,0
4268019,0,0,0,0,0,0,0,0
4268026,0,0,0,0,0,0,0,1
4268547,0,0,0,0,0,0,1,1
4268555,0,0,0,0,0,0,1,0
4269074,0,0,0,0,0,0,0,0
4269081,0,0,0,0,0,0,0,1
4269603,0,0,0,0,0,0,1,1
4269611,0,0,0,0,0,0,1,0
4270127,0,0,0,0,0,0,0,0
4270135,0,0,0,0,0,0,0,1
4270655,0,0,0,0,0,0,1,1
4270663,0,0,0,0,0,0,1,0
4271180,0,0,0,0,0,0,0,0
4271187,0,0,0,0,0,0,0,1
4271707,0,0,0,0,0,0,1,1
4271715,0,0,0,0,0,0,1,0
4272233,0,0,0,0,0,0,0,0
4272241,0,0,0,0,0,0,0,1
4272761,0,0,0,0,0,0,1,1
4272770,0,0,0,0,0,0,1,0
4273286,0,0,0,0,0,0,0,0
4273294,0,0,0,0,0,0,0,1
4273815,0,0,0,0,0,0,1,1
4273823,0,0,0,0,0,0,1,0
4274338,0,0,0,0,0,0,0,0
4274346,0,0,0,0,0,0,0,1
4274866,0,0,0,0,0,0,1,1
4274874,0,0,0,0,0,0,1,0
4275392,0,0,0,0,0,0,0,0
4275399,0,0,0,0,0,0,0,1
4275920,0,0,0,0,0,0,1,1
4275928,0,0,0,0,0,0,1,0
4276444,0,0,0,0,0,0,0,0
4276452,0,0,0,0,0,0,0,1
4276973,0,0,0,0,0,0,1,1
4276981,0,0,0,0,0,0,1,0
4277498,0,0,0,0,0,0,0,0
4277506,0,0,0,0,0,0,0,1
4278027,0,0,0,0,0,0,1,1
4278035,0,0,0,0,0,0,1,0
4278552,0,0,0,0,0,0,0,0
4278560,0,0,0,0,0,0,0,1
4279080,0,0,0,0,0,0,1,1
4279088,0,0,0,0,0,0,1,0
4279604,0,0,0,0,0,0,0,0
4279612,0,0,0,0,0,0,0,1
4280132,0,0,0,0,0,0,1,1
4280140,0,0,0,0,0,0,1,0
4280658,0,0,0,0,0,0,0,0
4280665,0,0,0,0,0,0,0,1
4281185,0,0,0,0,0,0,1,1
4281193,0,0,0,0,0,0,1,0
4281710,0,0,0,0,0,0,0,0
4281718,0,0,0,0,0,0,0,1
4282239,0,0,0,0,0,0,1,1
4282247,0,0,0,0,0,0,1,0
4282765,0,0,0,0,0,0,0,0
4282773,0,0,0,0,0,0,0,1
4283294,0,0,0,0,0,0,1,1
4283302,0,0,0,0,0,0,1,0
4283819,0,0,0,0,0,0,0,0
4283827,0,0,0,0,0,0,0,1
4284347,0,0,0,0,0,0,1,1
4284355,0,0,0,0,0,0,1,0
4284872,0,0,0,0,0,0,0,0
4284880,0,0,0,0,0,0,0,1
4285400,0,0,0,0,0,0,1,1
4285408,0,0,0,0,0,0,1,0
4285924,0,0,0,0,0,0,0,0
4285932,0,0,0,0,0,0,0,1
4286452,0,0,0,0,0,0,1,1
4286460,0,0,0,0,0,0,1,0
4286977,0,0,0,0,0,0,0,0
4286984,0,0,0,0,0,0,0,1
4287505,0,0,0,0,0,0,1,1
4287513,0,0,0,0,0,0,1,0
4288029,0,0,0,0,0,0,0,0
4288037,0,0,0,0,0,0,0,1
4288557,0,0,0,0,0,0,1,1
4288565,0,0,0,0,0,0,1,0
4289082,0,0,0,0,0,0,0,0
4289090,0,0,0,0,0,0,0,1
4289611,0,0,0,0,0,0,1,1
4289619,0,0,0,0,0,0,1,0
4290136,0,0,0,0,0,0,0,0
4290143,0,0,0,0,0,0,0,1
4290665,0,0,0,0,0,0,1,1
4290673,0,0,0,0,0,0,1,0
4291190,0,0,0,0,0,0,0,0
4291197,0,0,0,0,0,0,0,1
4291719,0,0,0,0,0,0,1,1
4291727,0,0,0,0,0,0,1,0
4292242,0,0,0,0,0,0,0,0
4292250,0,0,0,0,0,0,0,1
4292770,0,0,0,0,0,0,1,1
4292779,0,0,0,0,0,0,1,0
4293296,0,0,0,0,0,0,0,0
4293304,0,0,0,0,0,0,0,1
4293824,0,0,0,0,0,0,1,1
4293832,0,0,0,0,0,0,1,0
4294349,0,0,0,0,0,0,0,0
4294356,0,0,0,0,0,0,0,1
4294877,0,0,0,0,0,0,1,1
4294885,0,0,0,0,0,0,1,0
4295402,0,0,0,0,0,0,0,0
4295409,0,0,0,0,0,0,0,1
4295930,0,0,0,0,0,0,1,1
4295938,0,0,0,0,0,0,1,0
4296453,0,0,0,0,0,0,0,0
4296461,0,0,0,0,0,0,0,1
4296982,0,0,0,0,0,0,1,1
4296990,0,0,0,0,0,0,1,0
4297507,0,0,0,0,0,0,0,0
4297515,0,0,0,0,0,0,0,1
4298036,0,0,0,0,0,0,1,1
4298044,0,0,0,0,0,0,1,0
4298561,0,0,0,0,0,0,0,0
4298568,0,0,0,0,0,0,0,1
4299089,0,0,0,0,0,0,1,1
4299097,0,0,0,0,0,0,1,0
4299614,0,0,0,0,0,0,0,0
4299622,0,0,0,0,0,0,0,1
4300141,0,0,0,0,0,0,1,1
4300149,0,0,0,0,0,0,1,0
4300666,0,0,0,0,0,0,0,0
4300674,0,0,0,0,0,0,0,1
4301195,0,0,0,0,0,0,1,1
4301203,0,0,0,0,0,0,1,0
4301721,0,0,0,0,0,0,0,0
4301729,0,0,0,0,0,0,0,1
4302251,0,0,0,0,0,0,1,1
4302258,0,0,0,0,0,0,1,0
4302775,0,0,0,0,0,0,0,0
4302783,0,0,0,0,0,0,0,1
4303303,0,0,0,0,0,0,1,1
4303311,0,0,0,0,0,0,1,0
4303828,0,0,0,0,0,0,0,0
4303836,0,0,0,0,0,0,0,1
4304357,0,0,0,0,0,0,1,1
4304365,0,0,0,0,0,0,1,0
4304883,0,0,0,0,0,0,0,0
4304890,0,0,0,0,0,0,0,1
4305411,0,0,0,0,0,0,1,1
4305419,0,0,0,0,0,0,1,0
4305937,0,0,0,0,0,0,0,0
4305944,0,0,0,0,0,0,0,1
4306465,0,0,0,0,0,0,1,1
4306473,0,0,0,0,0,0,1,0
4306989,0,0,0,0,0,0,0,0
4306997,0,0,0,0,0,0,0,1
4307517,0,0,0,0,0,0,1,1
4307525,0,0,0,0,0,0,1,0
4308041,0,0,0,0,0,0,0,0
4308049,0,0,0,0,0,0,0,1
4308569,0,0,0,0,0,0,1,1
4308577,0,0,0,0,0,0,1,0
4309095,0,0,0,0,0,0,0,0
4309102,0,0,0,0,0,0,0,1
4309624,0,0,0,0,0,0,1,1
4309632,0,0,0,0,0,0,1,0
4310148,0,0,0,0,0,0,0,0
4310156,0,0,0,0,0,0,0,1
4310677,0,0,0,0,0,0,1,1
4310684,0,0,0,0,0,0,1,0
4311200,0,0,0,0,0,0,0,0
4311208,0,0,0,0,0,0,0,1
4311728,0,0,0,0,0,0,1,1
4311736,0,0,0,0,0,0,1,0
4312253,0,0,0,0,0,0,0,0
4312261,0,0,0,0,0,0,0,1
4312782,0,0,0,0,0,0,1,1
4312790,0,0,0,0,0,0,1,0
4313307,0,0,0,0,0,0,0,0
4313315,0,0,0,0,0,0,0,1
4313836,0,0,0,0,0,0,1,1
4313844,0,0,0,0,0,0,1,0
4314360,0,0,0,0,0,0,0,0
4314368,0,0,0,0,0,0,0,1
4314889,0,0,0,0,0,0,1,1
4314897,0,0,0,0,0,0,1,0
4315413,0,0,0,0,0,0,0,0
4315420,0,0,0,0,0,0,0,1
4315941,0,0,0,0,0,0,1,1
4315949,0,0,0,0,0,0,1,0
4316466,0,0,0,0,0,0,0,0
4316473,0,0,0,0,0,0,0,1
4316995,0,0,0,0,0,0,1,1
4317003,0,0,0,0,0,0,1,0
4317518,0,0,0,0,0,0,0,0
4317526,0,0,0,0,0,0,0,1
4318047,0,0,0,0,0,0,1,1
4318055,0,0,0,0,0,0,1,0
4318572,0,0,0,0,0,0,0,0
4318580,0,0,0,0,0,0,0,1
4319100,0,0,0,0,0,0,1,1
4319108,0,0,0,0,0,0,1,0
4319624,0,0,0,0,0,0,0,0
4319631,0,0,0,0,0,0,0,1
4320152,0,0,0,0,0,0,1,1
4320159,0,0,0,0,0,0,1,0
4320676,0,0,0,0,0,0,0,0
4320684,0,0,0,0,0,0,0,1
4321206,0,0,0,0,0,0,1,1
4321214,0,0,0,0,0,0,1,0
4321729,0,0,0,0,0,0,0,0
4321737,0,0,0,0,0,0,0,1
4322258,0,0,0,0,0,0,1,1
4322266,0,0,0,0,0,0,1,0
4322782,0,0,0,0,0,0,0,0
4322790,0,0,0,0,0,0,0,1
4323310,0,0,0,0,0,0,1,1
4323318,0,0,0,0,0,0,1,0
4323835,0,0,0,0,0,0,0,0
4323842,0,0,0,0,0,0,0,1
4324363,0,0,0,0,0,0,1,1
4324372,0,0,0,0,0,0,1,0
4324889,0,0,0,0,0,0,0,0
4324896,0,0,0,0,0,0,0,1
4325417,0,0,0,0,0,0,1,1
4325425,0,0,0,0,0,0,1,0
4325943,0,0,0,0,0,0,0,0
4325952,0,0,0,0,0,0,0,1
4326473,0,0,0,0,0,0,1,1
4326480,0,0,0,0,0,0,1,0
4326997,0,0,0,0,0,0,0,0
4327005,0,0,0,0,0,0,0,1
4327525,0,0,0,0,0,0,1,1
4327534,0,0,0,0,0,0,1,0
4328049,0,0,0,0,0,0,0,0
4328057,0,0,0,0,0,0,0,1
4328578,0,0,0,0,0,0,1,1
4328585,0,0,0,0,0,0,1,0
4329102,0,0,0,0,0,0,0,0
4329109,0,0,0,0,0,0,0,1
4329629,0,0,0,0,0,0,1,1
4329637,0,0,0,0,0,0,1,0
4330154,0,0,0,0,0,0,0,0
4330163,0,0,0,0,0,0,0,1
4330683,0,0,0,0,0,0,1,1
4330691,0,0,0,0,0,0,1,0
4331207,0,0,0,0,0,0,0,0
4331215,0,0,0,0,0,0,0,1
4331735,0,0,0,0,0,0,1,1
4331744,0,0,0,0,0,0,1,0
4332261,0,0,0,0,0,0,0,0
4332269,0,0,0,0,0,0,0,1
4332790,0,0,0,0,0,0,1,1
4332798,0,0,0,0,0,0,1,0
4333315,0,0,0,0,0,0,0,0
4333323,0,0,0,0,0,0,0,1
4333844,0,0,0,0,0,0,1,1
4333852,0,0,0,0,0,0,1,0
4334368,0,0,0,0,0,0,0,0
4334376,0,0,0,0,0,0,0,1
4334897,0,0,0,0,0,0,1,1
4334905,0,0,0,0,0,0,1,0
4335421,0,0,0,0,0,0,0,0
4335429,0,0,0,0,0,0,0,1
4335949,0,0,0,0,0,0,1,1
4335957,0,0,0,0,0,0,1,0
4336475,0,0,0,0,0,0,0,0
4336483,0,0,0,0,0,0,0,1
4337004,0,0,0,0,0,0,1,1
4337012,0,0,0,0,0,0,1,0
4337528,0,0,0,0,0,0,0,0
4337535,0,0,0,0,0,0,0,1
4338056,0,0,0,0,0,0,1,1
4338064,0,0,0,0,0,0,1,0
4338582,0,0,0,0,0,0,0,0
4338589,0,0,0,0,0,0,0,1
4339110,0,0,0,0,0,0,1,1
4339118,0,0,0,0,0,0,1,0
4339634,0,0,0,0,0,0,0,0
4339642,0,0,0,0,0,0,0,1
4340162,0,0,0,0,0,0,1,1
4340170,0,0,0,0,0,0,1,0
4340686,0,0,0,0,0,0,0,0
4340694,0,0,0,0,0,0,0,1
4341215,0,0,0,0,0,0,1,1
4341224,0,0,0,0,0,0,1,0
4341740,0,0,0,0,0,0,0,0
4341748,0,0,0,0,0,0,0,1
4342269,0,0,0,0,0,0,1,1
4342277,0,0,0,0,0,0,1,0
4342794,0,0,0,0,0,0,0,0
4342802,0,0,0,0,0,0,0,1
4343322,0,0,0,0,0,0,1,1
4343330,0,0,0,0,0,0,1,0
4343847,0,0,0,0,0,0,0,0
4343855,0,0,0,0,0,0,0,1
4344375,0,0,0,0,0,0,1,1
4344383,0,0,0,0,0,0,1,0
4344899,0,0,0,0,0,0,0,0
4344907,0,0,0,0,0,0,0,1
4345427,0,0,0,0,0,0,1,1
4345435,0,0,0,0,0,0,1,0
4345952,0,0,0,0,0,0,0,0
4345960,0,0,0,0,0,0,0,1
4346481,0,0,0,0,0,0,1,1
4346489,0,0,0,0,0,0,1,0
4347006,0,0,0,0,0,0,0,0
4347013,0,0,0,0,0,0,0,1
4347534,0,0,0,0,0,0,1,1
4347542,0,0,0,0,0,0,1,0
4348059,0,0,0,0,0,0,0,0
4348066,0,0,0,0,0,0,0,1
4348587,0,0,0,0,0,0,1,1
4348595,0,0,0,0,0,0,1,0
4349112,0,0,0,0,0,0,0,0
4349119,0,0,0,0,0,0,0,1
4349641,0,0,0,0,0,0,1,1
4349649,0,0,0,0,0,0,1,0
4350165,0,0,0,0,0,0,0,0
4350173,0,0,0,0,0,0,0,1
4350693,0,0,0,0,0,0,1,1
4350702,0,0,0,0,0,0,1,0
4351219,0,0,0,0,0,0,0,0
4351226,0,0,0,0,0,0,0,1
4351747,0,0,0,0,0,0,1,1
4351755,0,0,0,0,0,0,1,0
4352270,0,0,0,0,0,0,0,0
4352278,0,0,0,0,0,0,0,1
4352799,0,0,0,0,0,0,1,1
4352807,0,0,0,0,0,0,1,0
4353323,0,0,0,0,0,0,0,0
4353331,0,0,0,0,0,0,0,1
4353852,0,0,0,0,0,0,1,1
4353860,0,0,0,0,0,0,1,0
4354377,0,0,0,0,0,0,0,0
4354384,0,0,0,0,0,0,0,1
4354904,0,0,0,0,0,0,1,1
4354912,0,0,0,0,0,0,1,0
4355429,0,0,0,0,0,0,0,0
4355437,0,0,0,0,0,0,0,1
4355957,0,0,0,0,0,0,1,1
4355965,0,0,0,0,0,0,1,0
4356483,0,0,0,0,0,0,0,0
4356490,0,0,0,0,0,0,0,1
4357011,0,0,0,0,0,0,1,1
4357019,0,0,0,0,0,0,1,0
4357535,0,0,0,0,0,0,0,0
4357543,0,0,0,0,0,0,0,1
4358064,0,0,0,0,0,0,1,1
4358072,0,0,0,0,0,0,1,0
4358589,0,0,0,0,0,0,0,0
4358596,0,0,0,0,0,0,0,1
4359116,0,0,0,0,0,0,1,1
4359125,0,0,0,0,0,0,1,0
4359642,0,0,0,0,0,0,0,0
4359650,0,0,0,0,0,0,0,1
4360170,0,0,0,0,0,0,1,1
4360178,0,0,0,0,0,0,1,0
4360695,0,0,0,0,0,0,0,0
4360703,0,0,0,0,0,0,0,1
4361223,0,0,0,0,0,0,1,1
4361231,0,0,0,0,0,0,1,0
4361748,0,0,0,0,0,0,0,0
4361755,0,0,0,0,0,0,0,1
4362277,0,0,0,0,0,0,1,1
4362285,0,0,0,0,0,0,1,0
4362801,0,0,0,0,0,0,0,0
4362809,0,0,0,0,0,0,0,1
4363330,0,0,0,0,0,0,1,1
4363338,0,0,0,0,0,0,1,0
4363856,0,0,0,0,0,0,0,0
4363864,0,0,0,0,0,0,0,1
4364386,0,0,0,0,0,0,1,1
4364394,0,0,0,0,0,0,1,0
4364910,0,0,0,0,0,0,0,0
4364918,0,0,0,0,0,0,0,1
4365439,0,0,0,0,0,0,1,1
4365447,0,0,0,0,0,0,1,0
4365964,0,0,0,0,0,0,0,0
4365971,0,0,0,0,0,0,0,1
4366491,0,0,0,0,0,0,1,1
4366499,0,0,0,0,0,0,1,0
4367016,0,0,0,0,0,0,0,0
4367024,0,0,0,0,0,0,0,1
4367545,0,0,0,0,0,0,1,1
4367553,0,0,0,0,0,0,1,0
4368069,0,0,0,0,0,0,0,0
4368076,0,0,0,0,0,0,0,1
4368597,0,0,0,0,0,0,1,1
4368605,0,0,0,0,0,0,1,0
4369121,0,0,0,0,0,0,0,0
4369129,0,0,0,0,0,0,0,1
4369649,0,0,0,0,0,0,1,1
4369657,0,0,0,0,0,0,1,0
4370175,0,0,0,0,0,0,0,0
4370183,0,0,0,0,0,0,0,1
4370703,0,0,0,0,0,0,1,1
4370712,0,0,0,0,0,0,1,0
4371229,0,0,0,0,0,0,0,0
4371236,0,0,0,0,0,0,0,1
4371757,0,0,0,0,0,0,1,1
4371765,0,0,0,0,0,0,1,0
4372282,0,0,0,0,0,0,0,0
4372290,0,0,0,0,0,0,0,1
4372811,0,0,0,0,0,0,1,1
4372819,0,0,0,0,0,0,1,0
4373336,0,0,0,0,0,0,0,0
4373344,0,0,0,0,0,0,0,1
4373865,0,0,0,0,0,0,1,1
4373873,0,0,0,0,0,0,1,0
4374390,0,0,0,0,0,0,0,0
4374397,0,0,0,0,0,0,0,1
4374918,0,0,0,0,0,0,1,1
4374926,0,0,0,0,0,0,1,0
4375443,0,0,0,0,0,0,0,0
4375450,0,0,0,0,0,0,0,1
4375971,0,0,0,0,0,0,1,1
4375979,0,0,0,0,0,0,1,0
4376496,0,0,0,0,0,0,0,0
4376503,0,0,0,0,0,0,0,1
4377024,0,0,0,0,0,0,1,1
4377032,0,0,0,0,0,0,1,0
4377549,0,0,0,0,0,0,0,0
4377557,0,0,0,0,0,0,0,1
4378077,0,0,0,0,0,0,1,1
4378086,0,0,0,0,0,0,1,0
4378603,0,0,0,0,0,0,0,0
4378611,0,0,0,0,0,0,0,1
4379131,0,0,0,0,0,0,1,1
4379139,0,0,0,0,0,0,1,0
4379656,0,0,0,0,0,0,0,0
4379664,0,0,0,0,0,0,0,1
4380184,0,0,0,0,0,0,1,1
4380192,0,0,0,0,0,0,1,0
4380709,0,0,0,0,0,0,0,0
4380716,0,0,0,0,0,0,0,1
4381237,0,0,0,0,0,0,1,1
4381245,0,0,0,0,0,0,1,0
4381761,0,0,0,0,0,0,0,0
4381769,0,0,0,0,0,0,0,1
4382289,0,0,0,0,0,0,1,1
4382297,0,0,0,0,0,0,1,0
4382814,0,0,0,0,0,0,0,0
4382822,0,0,0,0,0,0,0,1
4383343,0,0,0,0,0,0,1,1
4383350,0,0,0,0,0,0,1,0
4383868,0,0,0,0,0,0,0,0
4383875,0,0,0,0,0,0,0,1
4384395,0,0,0,0,0,0,1,1
4384403,0,0,0,0,0,0,1,0
4384919,0,0,0,0,0,0,0,0
4384927,0,0,0,0,0,0,0,1
4385448,0,0,0,0,0,0,1,1
4385456,0,0,0,0,0,0,1,0
4385973,0,0,0,0,0,0,0,0
4385980,0,0,0,0,0,0,0,1
4386502,0,0,0,0,0,0,1,1
4386510,0,0,0,0,0,0,1,0
4387027,0,0,0,0,0,0,0,0
4387035,0,0,0,0,0,0,0,1
4387556,0,0,0,0,0,0,1,1
4387564,0,0,0,0,0,0,1,0
4388080,0,0,0,0,0,0,0,0
4388088,0,0,0,0,0,0,0,1
4388608,0,0,0,0,0,0,1,1
4388616,0,0,0,0,0,0,1,0
4389133,0,0,0,0,0,0,0,0
4389140,0,0,0,0,0,0,0,1
4389660,0,0,0,0,0,0,1,1
4389668,0,0,0,0,0,0,1,0
4390185,0,0,0,0,0,0,0,0
4390193,0,0,0,0,0,0,0,1
4390713,0,0,0,0,0,0,1,1
4390721,0,0,0,0,0,0,1,0
4391238,0,0,0,0,0,0,0,0
4391246,0,0,0,0,0,0,0,1
4391767,0,0,0,0,0,0,1,1
4391775,0,0,0,0,0,0,1,0
4392292,0,0,0,0,0,0,0,0
4392300,0,0,0,0,0,0,0,1
4392821,0,0,0,0,0,0,1,1
4392829,0,0,0,0,0,0,1,0
4393345,0,0,0,0,0,0,0,0
4393353,0,0,0,0,0,0,0,1
4393874,0,0,0,0,0,0,1,1
4393882,0,0,0,0,0,0,1,0
4394399,0,0,0,0,0,0,0,0
4394406,0,0,0,0,0,0,0,1
4394927,0,0,0,0,0,0,1,1
4394935,0,0,0,0,0,0,1,0
4395451,0,0,0,0,0,0,0,0
4395459,0,0,0,0,0,0,0,1
4395980,0,0,0,0,0,0,1,1
4395988,0,0,0,0,0,0,1,0
4396504,0,0,0,0,0,0,0,0
4396512,0,0,0,0,0,0,0,1
4397032,0,0,0,0,0,0,1,1
4397040,0,0,0,0,0,0,1,0
4397558,0,0,0,0,0,0,0,0
4397566,0,0,0,0,0,0,0,1
4398086,0,0,0,0,0,0,1,1
4398094,0,0,0,0,0,0,1,0
4398611,0,0,0,0,0,0,0,0
4398619,0,0,0,0,0,0,0,1
4399139,0,0,0,0,0,0,1,1
4399147,0,0,0,0,0,0,1,0
4399665,0,0,0,0,0,0,0,0
4399673,0,0,0,0,0,0,0,1
4400194,0,0,0,0,0,0,1,1
4400202,0,0,0,0,0,0,1,0
4400718,0,0,0,0,0,0,0,0
4400726,0,0,0,0,0,0,0,1
4401246,0,0,0,0,0,0,1,1
4401254,0,0,0,0,0,0,1,0
4401772,0,0,0,0,0,0,0,0
4401780,0,0,0,0,0,0,0,1
4402301,0,0,0,0,0,0,1,1
4402309,0,0,0,0,0,0,1,0
4402827,0,0,0,0,0,0,0,0
4402834,0,0,0,0,0,0,0,1
4403356,0,0,0,0,0,0,1,1
4403365,0,0,0,0,0,0,1,0
4403881,0,0,0,0,0,0,0,0
4403889,0,0,0,0,0,0,0,1
4404410,0,0,0,0,0,0,1,1
4404418,0,0,0,0,0,0,1,0
4404935,0,0,0,0,0,0,0,0
4404943,0,0,0,0,0,0,0,1
4405463,0,0,0,0,0,0,1,1
4405471,0,0,0,0,0,0,1,0
4405988,0,0,0,0,0,0,0,0
4405996,0,0,0,0,0,0,0,1
4406517,0,0,0,0,0,0,1,1
4406525,0,0,0,0,0,0,1,0
4407042,0,0,0,0,0,0,0,0
4407050,0,0,0,0,0,0,0,1
4407571,0,0,0,0,0,0,1,1
4407579,0,0,0,0,0,0,1,0
4408095,0,0,0,0,0,0,0,0
4408103,0,0,0,0,0,0,0,1
4408624,0,0,0,0,0,0,1,1
4408632,0,0,0,0,0,0,1,0
4409147,0,0,0,0,0,0,0,0
4409155,0,0,0,0,0,0,0,1
4409676,0,0,0,0,0,0,1,1
4409684,0,0,0,0,0,0,1,0
4410201,0,0,0,0,0,0,0,0
4410209,0,0,0,0,0,0,0,1
4410730,0,0,0,0,0,0,1,1
4410738,0,0,0,0,0,0,1,0
4411255,0,0,0,0,0,0,0,0
4411263,0,0,0,0,0,0,0,1
4411783,0,0,0,0,0,0,1,1
4411791,0,0,0,0,0,0,1,0
4412309,0,0,0,0,0,0,0,0
4412316,0,0,0,0,0,0,0,1
4412839,0,0,0,0,0,0,1,1
4412847,0,0,0,0,0,0,1,0
4413364,0,0,0,0,0,0,0,0
4413372,0,0,0,0,0,0,0,1
4413893,0,0,0,0,0,0,1,1
4413901,0,0,0,0,0,0,1,0
4414419,0,0,0,0,0,0,0,0
4414426,0,0,0,0,0,0,0,1
4414947,0,0,0,0,0,0,1,1
4414955,0,0,0,0,0,0,1,0
4415472,0,0,0,0,0,0,0,0
4415479,0,0,0,0,0,0,0,1
4416000,0,0,0,0,0,0,1,1
4416008,0,0,0,0,0,0,1,0
4416525,0,0,0,0,0,0,0,0
4416532,0,0,0,0,0,0,0,1
4417053,0,0,0,0,0,0,1,1
4417061,0,0,0,0,0,0,1,0
4417579,0,0,0,0,0,0,0,0
4417587,0,0,0,0,0,0,0,1
4418108,0,0,0,0,0,0,1,1
4418116,0,0,0,0,0,0,1,0
4418633,0,0,0,0,0,0,0,0
4418642,0,0,0,0,0,0,0,1
4419162,0,0,0,0,0,0,1,1
4419170,0,0,0,0,0,0,1,0
4419688,0,0,0,0,0,0,0,0
4419696,0,0,0,0,0,0,0,1
4420216,0,0,0,0,0,0,1,1
4420224,0,0,0,0,0,0,1,0
4420740,0,0,0,0,0,0,0,0
4420748,0,0,0,0,0,0,0,1
4421268,0,0,0,0,0,0,1,1
4421276,0,0,0,0,0,0,1,0
4421793,0,0,0,0,0,0,0,0
4421801,0,0,0,0,0,0,0,1
4422323,0,0,0,0,0,0,1,1
4422331,0,0,0,0,0,0,1,0
4422848,0,0,0,0,0,0,0,0
4422856,0,0,0,0,0,0,0,1
4423377,0,0,0,0,0,0,1,1
4423385,0,0,0,0,0,0,1,0
4423901,0,0,0,0,0,0,0,0
4423909,0,0,0,0,0,0,0,1
4424429,0,0,0,0,0,0,1,1
4424437,0,0,0,0,0,0,1,0
4424956,0,0,0,0,0,0,0,0
4424963,0,0,0,0,0,0,0,1
4425484,0,0,0,0,0,0,1,1
4425492,0,0,0,0,0,0,1,0
4426008,0,0,0,0,0,0,0,0
4426016,0,0,0,0,0,0,0,1
4426536,0,0,0,0,0,0,1,1
4426544,0,0,0,0,0,0,1,0
4427060,0,0,0,0,0,0,0,0
4427068,0,0,0,0,0,0,0,1
4427588,0,0,0,0,0,0,1,1
4427596,0,0,0,0,0,0,1,0
4428113,0,0,0,0,0,0,0,0
4428121,0,0,0,0,0,0,0,1
4428642,0,0,0,0,0,0,1,1
4428650,0,0,0,0,0,0,1,0
4429167,0,0,0,0,0,0,0,0
4429175,0,0,0,0,0,0,0,1
4429696,0,0,0,0,0,0,1,1
4429704,0,0,0,0,0,0,1,0
4430221,0,0,0,0,0,0,0,0
4430228,0,0,0,0,0,0,0,1
4430748,0,0,0,0,0,0,1,1
4430756,0,0,0,0,0,0,1,0
4431273,0,0,0,0,0,0,0,0
4431281,0,0,0,0,0,0,0,1
4431802,0,0,0,0,0,0,1,1
4431810,0,0,0,0,0,0,1,0
4432327,0,0,0,0,0,0,0,0
4432335,0,0,0,0,0,0,0,1
4432856,0,0,0,0,0,0,1,1
4432864,0,0,0,0,0,0,1,0
4433381,0,0,0,0,0,0,0,0
4433389,0,0,0,0,0,0,0,1
4433911,0,0,0,0,0,0,1,1
4433919,0,0,0,0,0,0,1,0
4434436,0,0,0,0,0,0,0,0
4434444,0,0,0,0,0,0,0,1
4434965,0,0,0,0,0,0,1,1
4434973,0,0,0,0,0,0,1,0
4435489,0,0,0,0,0,0,0,0
4435497,0,0,0,0,0,0,0,1
4436017,0,0,0,0,0,0,1,1
4436025,0,0,0,0,0,0,1,0
4436542,0,0,0,0,0,0,0,0
4436549,0,0,0,0,0,0,0,1
4437070,0,0,0,0,0,0,1,1
4437078,0,0,0,0,0,0,1,0
4437595,0,0,0,0,0,0,0,0
4437602,0,0,0,0,0,0,0,1
4438123,0,0,0,0,0,0,1,1
4438131,0,0,0,0,0,0,1,0
4438647,0,0,0,0,0,0,0,0
4438655,0,0,0,0,0,0,0,1
4439175,0,0,0,0,0,0,1,1
4439183,0,0,0,0,0,0,1,0
4439701,0,0,0,0,0,0,0,0
4439708,0,0,0,0,0,0,0,1
4440229,0,0,0,0,0,0,1,1
4440237,0,0,0,0,0,0,1,0
4440755,0,0,0,0,0,0,0,0
4440763,0,0,0,0,0,0,0,1
4441284,0,0,0,0,0,0,1,1
4441292,0,0,0,0,0,0,1,0
4441808,0,0,0,0,0,0,0,0
4441816,0,0,0,0,0,0,0,1
4442337,0,0,0,0,0,0,1,1
4442345,0,0,0,0,0,0,1,0
4442860,0,0,0,0,0,0,0,0
4442868,0,0,0,0,0,0,0,1
4443388,0,0,0,0,0,0,1,1
4443396,0,0,0,0,0,0,1,0
4443913,0,0,0,0,0,0,0,0
4443921,0,0,0,0,0,0,0,1
4444440,0,0,0,0,0,0,1,1
4444448,0,0,0,0,0,0,1,0
4444965,0,0,0,0,0,0,0,0
4444973,0,0,0,0,0,0,0,1
4445493,0,0,0,0,0,0,1,1
4445501,0,0,0,0,0,0,1,0
4446019,0,0,0,0,0,0,0,0
4446027,0,0,0,0,0,0,0,1
4446548,0,0,0,0,0,0,1,1
4446556,0,0,0,0,0,0,1,0
4447072,0,0,0,0,0,0,0,0
4447080,0,0,0,0,0,0,0,1
4447601,0,0,0,0,0,0,1,1
4447609,0,0,0,0,0,0,1,0
4448126,0,0,0,0,0,0,0,0
4448135,0,0,0,0,0,0,0,1
4448656,0,0,0,0,0,0,1,1
4448664,0,0,0,0,0,0,1,0
4449180,0,0,0,0,0,0,0,0
4449188,0,0,0,0,0,0,0,1
4449709,0,0,0,0,0,0,1,1
4449717,0,0,0,0,0,0,1,0
4450233,0,0,0,0,0,0,0,0
4450241,0,0,0,0,0,0,0,1
4450762,0,0,0,0,0,0,1,1
4450770,0,0,0,0,0,0,1,0
4451287,0,0,0,0,0,0,0,0
4451294,0,0,0,0,0,0,0,1
4451815,0,0,0,0,0,0,1,1
4451823,0,0,0,0,0,0,1,0
4452339,0,0,0,0,0,0,0,0
4452346,0,0,0,0,0,0,0,1
4452867,0,0,0,0,0,0,1,1
4452875,0,0,0,0,0,0,1,0
4453392,0,0,0,0,0,0,0,0
4453399,0,0,0,0,0,0,0,1
4453921,0,0,0,0,0,0,1,1
4453928,0,0,0,0,0,0,1,0
4454444,0,0,0,0,0,0,0,0
4454451,0,0,0,0,0,0,0,1
4454972,0,0,0,0,0,0,1,1
4454980,0,0,0,0,0,0,1,0
4455496,0,0,0,0,0,0,0,0
4455504,0,0,0,0,0,0,0,1
4456025,0,0,0,0,0,0,1,1
4456033,0,0,0,0,0,0,1,0
4456549,0,0,0,0,0,0,0,0
4456557,0,0,0,0,0,0,0,1
4457078,0,0,0,0,0,0,1,1
4457086,0,0,0,0,0,0,1,0
4457604,0,0,0,0,0,0,0,0
4457611,0,0,0,0,0,0,0,1
4458132,0,0,0,0,0,0,1,1
4458140,0,0,0,0,0,0,1,0
4458657,0,0,0,0,0,0,0,0
4458664,0,0,0,0,0,0,0,1
4459186,0,0,0,0,0,0,1,1
4459194,0,0,0,0,0,0,1,0
4459709,0,0,0,0,0,0,0,0
4459717,0,0,0,0,0,0,0,1
4460237,0,0,0,0,0,0,1,1
4460245,0,0,0,0,0,0,1,0
4460762,0,0,0,0,0,0,0,0
4460770,0,0,0,0,0,0,0,1
4461291,0,0,0,0,0,0,1,1
4461299,0,0,0,0,0,0,1,0
4461816,0,0,0,0,0,0,0,0
4461824,0,0,0,0,0,0,0,1
4462345,0,0,0,0,0,0,1,1
4462353,0,0,0,0,0,0,1,0
4462868,0,0,0,0,0,0,0,0
4462876,0,0,0,0,0,0,0,1
4463397,0,0,0,0,0,0,1,1
4463405,0,0,0,0,0,0,1,0
4463922,0,0,0,0,0,0,0,0
4463930,0,0,0,0,0,0,0,1
4464451,0,0,0,0,0,0,1,1
4464459,0,0,0,0,0,0,1,0
4464976,0,0,0,0,0,0,0,0
4464984,0,0,0,0,0,0,0,1
4465504,0,0,0,0,0,0,1,1
4465512,0,0,0,0,0,0,1,0
4466029,0,0,0,0,0,0,0,0
4466037,0,0,0,0,0,0,0,1
4466558,0,0,0,0,0,0,1,1
4466566,0,0,0,0,0,0,1,0
4467083,0,0,0,0,0,0,0,0
4467090,0,0,0,0,0,0,0,1
4467611,0,0,0,0,0,0,1,1
4467619,0,0,0,0,0,0,1,0
4468137,0,0,0,0,0,0,0,0
4468145,0,0,0,0,0,0,0,1
4468666,0,0,0,0,0,0,1,1
4468674,0,0,0,0,0,0,1,0
4469190,0,0,0,0,0,0,0,0
4469198,0,0,0,0,0,0,0,1
4469719,0,0,0,0,0,0,1,1
4469727,0,0,0,0,0,0,1,0
4470244,0,0,0,0,0,0,0,0
4470252,0,0,0,0,0,0,0,1
4470772,0,0,0,0,0,0,1,1
4470780,0,0,0,0,0,0,1,0
4471297,0,0,0,0,0,0,0,0
4471304,0,0,0,0,0,0,0,1
4471826,0,0,0,0,0,0,1,1
4471834,0,0,0,0,0,0,1,0
4472351,0,0,0,0,0,0,0,0
4472359,0,0,0,0,0,0,0,1
4472879,0,0,0,0,0,0,1,1
4472887,0,0,0,0,0,0,1,0
4473404,0,0,0,0,0,0,0,0
4473412,0,0,0,0,0,0,0,1
4473932,0,0,0,0,0,0,1,1
4473940,0,0,0,0,0,0,1,0
4474457,0,0,0,0,0,0,0,0
4474465,0,0,0,0,0,0,0,1
4474986,0,0,0,0,0,0,1,1
4474994,0,0,0,0,0,0,1,0
4475510,0,0,0,0,0,0,0,0
4475518,0,0,0,0,0,0,0,1
4476038,0,0,0,0,0,0,1,1
4476046,0,0,0,0,0,0,1,0
4476562,0,0,0,0,0,0,0,0
4476570,0,0,0,0,0,0,0,1
4477091,0,0,0,0,0,0,1,1
4477099,0,0,0,0,0,0,1,0
4477615,0,0,0,0,0,0,0,0
4477623,0,0,0,0,0,0,0,1
4478143,0,0,0,0,0,0,1,1
4478151,0,0,0,0,0,0,1,0
4478668,0,0,0,0,0,0,0,0
4478676,0,0,0,0,0,0,0,1
4479196,0,0,0,0,0,0,1,1
4479205,0,0,0,0,0,0,1,0
4479722,0,0,0,0,0,0,0,0
4479729,0,0,0,0,0,0,0,1
4480250,0,0,0,0,0,0,1,1
4480258,0,0,0,0,0,0,1,0
4480774,0,0,0,0,0,0,0,0
4480782,0,0,0,0,0,0,0,1
4481303,0,0,0,0,0,0,1,1
4481311,0,0,0,0,0,0,1,0
4481827,0,0,0,0,0,0,0,0
4481836,0,0,0,0,0,0,0,1
4482356,0,0,0,0,0,0,1,1
4482364,0,0,0,0,0,0,1,0
4482881,0,0,0,0,0,0,0,0
4482889,0,0,0,0,0,0,0,1
4483409,0,0,0,0,0,0,1,1
4483417,0,0,0,0,0,0,1,0
4483932,0,0,0,0,0,0,0,0
4483940,0,0,0,0,0,0,0,1
4484461,0,0,0,0,0,0,1,1
4484469,0,0,0,0,0,0,1,0
4484986,0,0,0,0,0,0,0,0
4484993,0,0,0,0,0,0,0,1
4485513,0,0,0,0,0,0,1,1
4485521,0,0,0,0,0,0,1,0
4486038,0,0,0,0,0,0,0,0
4486046,0,0,0,0,0,0,0,1
4486568,0,0,0,0,0,0,1,1
4486576,0,0,0,0,0,0,1,0
4487092,0,0,0,0,0,0,0,0
4487100,0,0,0,0,0,0,0,1
4487621,0,0,0,0,0,0,1,1
4487629,0,0,0,0,0,0,1,0
4488146,0,0,0,0,0,0,0,0
4488153,0,0,0,0,0,0,0,1
4488674,0,0,0,0,0,0,1,1
4488682,0,0,0,0,0,0,1,0
4489198,0,0,0,0,0,0,0,0
4489206,0,0,0,0,0,0,0,1
4489727,0,0,0,0,0,0,1,1
4489735,0,0,0,0,0,0,1,0
4490252,0,0,0,0,0,0,0,0
4490259,0,0,0,0,0,0,0,1
4490780,0,0,0,0,0,0,1,1
4490788,0,0,0,0,0,0,1,0
4491305,0,0,0,0,0,0,0,0
4491313,0,0,0,0,0,0,0,1
4491834,0,0,0,0,0,0,1,1
4491842,0,0,0,0,0,0,1,0
4492358,0,0,0,0,0,0,0,0
4492366,0,0,0,0,0,0,0,1
4492887,0,0,0,0,0,0,1,1
4492895,0,0,0,0,0,0,1,0
4493411,0,0,0,0,0,0,0,0
4493419,0,0,0,0,0,0,0,1
4493939,0,0,0,0,0,0,1,1
4493948,0,0,0,0,0,0,1,0
4494465,0,0,0,0,0,0,0,0
4494473,0,0,0,0,0,0,0,1
4494994,0,0,0,0,0,0,1,1
4495002,0,0,0,0,0,0,1,0
4495518,0,0,0,0,0,0,0,0
4495526,0,0,0,0,0,0,0,1
4496046,0,0,0,0,0,0,1,1
4496054,0,0,0,0,0,0,1,0
4496570,0,0,0,0,0,0,0,0
4496577,0,0,0,0,0,0,0,1
4497098,0,0,0,0,0,0,1,1
4497106,0,0,0,0,0,0,1,0
4497623,0,0,0,0,0,0,0,0
4497630,0,0,0,0,0,0,0,1
4498150,0,0,0,0,0,0,1,1
4498158,0,0,0,0,0,0,1,0
4498676,0,0,0,0,0,0,0,0
4498684,0,0,0,0,0,0,0,1
4499204,0,0,0,0,0,0,1,1
4499212,0,0,0,0,0,0,1,0
4499729,0,0,0,0,0,0,0,0
4499737,0,0,0,0,0,0,0,1
4500258,0,0,0,0,0,0,1,1
4500266,0,0,0,0,0,0,1,0
4500782,0,0,0,0,0,0,0,0
4500790,0,0,0,0,0,0,0,1
4501311,0,0,0,0,0,0,1,1
4501319,0,0,0,0,0,0,1,0
4501835,0,0,0,0,0,0,0,0
4501843,0,0,0,0,0,0,0,1
4502364,0,0,0,0,0,0,1,1
4502372,0,0,0,0,0,0,1,0
4502887,0,0,0,0,0,0,0,0
4502895,0,0,0,0,0,0,0,1
4503416,0,0,0,0,0,0,1,1
4503424,0,0,0,0,0,0,1,0
4503941,0,0,0,0,0,0,0,0
4503949,0,0,0,0,0,0,0,1
4504470,0,0,0,0,0,0,1,1
4504478,0,0,0,0,0,0,1,0
4504995,0,0,0,0,0,0,0,0
4505003,0,0,0,0,0,0,0,1
4505523,0,0,0,0,0,0,1,1
4505531,0,0,0,0,0,0,1,0
4506048,0,0,0,0,0,0,0,0
4506055,0,0,0,0,0,0,0,1
4506577,0,0,0,0,0,0,1,1
4506585,0,0,0,0,0,0,1,0
4507103,0,0,0,0,0,0,0,0
4507110,0,0,0,0,0,0,0,1
4507631,0,0,0,0,0,0,1,1
4507639,0,0,0,0,0,0,1,0
4508156,0,0,0,0,0,0,0,0
4508164,0,0,0,0,0,0,0,1
4508685,0,0,0,0,0,0,1,1
4508693,0,0,0,0,0,0,1,0
4509210,0,0,0,0,0,0,0,0
4509218,0,0,0,0,0,0,0,1
4509739,0,0,0,0,0,0,1,1
4509747,0,0,0,0,0,0,1,0
4510264,0,0,0,0,0,0,0,0
4510272,0,0,0,0,0,0,0,1
4510793,0,0,0,0,0,0,1,1
4510801,0,0,0,0,0,0,1,0
4511317,0,0,0,0,0,0,0,0
4511325,0,0,0,0,0,0,0,1
4511845,0,0,0,0,0,0,1,1
4511853,0,0,0,0,0,0,1,0
4512370,0,0,0,0,0,0,0,0
4512377,0,0,0,0,0,0,0,1
4512898,0,0,0,0,0,0,1,1
4512906,0,0,0,0,0,0,1,0
4513423,0,0,0,0,0,0,0,0
4513431,0,0,0,0,0,0,0,1
4513951,0,0,0,0,0,0,1,1
4513959,0,0,0,0,0,0,1,0
4514476,0,0,0,0,0,0,0,0
4514484,0,0,0,0,0,0,0,1
4515004,0,0,0,0,0,0,1,1
4515013,0,0,0,0,0,0,1,0
4515530,0,0,0,0,0,0,0,0
4515538,0,0,0,0,0,0,0,1
4516059,0,0,0,0,0,0,1,1
4516068,0,0,0,0,0,0,1,0
4516583,0,0,0,0,0,0,0,0
4516591,0,0,0,0,0,0,0,1
4517111,0,0,0,0,0,0,1,1
4517119,0,0,0,0,0,0,1,0
4517636,0,0,0,0,0,0,0,0
4517644,0,0,0,0,0,0,0,1
4518166,0,0,0,0,0,0,1,1
4518174,0,0,0,0,0,0,1,0
4518691,0,0,0,0,0,0,0,0
4518698,0,0,0,0,0,0,0,1
4519219,0,0,0,0,0,0,1,1
4519227,0,0,0,0,0,0,1,0
4519744,0,0,0,0,0,0,0,0
4519752,0,0,0,0,0,0,0,1
4520273,0,0,0,0,0,0,1,1
4520281,0,0,0,0,0,0,1,0
4520798,0,0,0,0,0,0,0,0
4520806,0,0,0,0,0,0,0,1
4521327,0,0,0,0,0,0,1,1
4521335,0,0,0,0,0,0,1,0
4521852,0,0,0,0,0,0,0,0
4521860,0,0,0,0,0,0,0,1
4522381,0,0,0,0,0,0,1,1
4522389,0,0,0,0,0,0,1,0
4522906,0,0,0,0,0,0,0,0
4522914,0,0,0,0,0,0,0,1
4523435,0,0,0,0,0,0,1,1
4523443,0,0,0,0,0,0,1,0
4523959,0,0,0,0,0,0,0,0
4523967,0,0,0,0,0,0,0,1
4524487,0,0,0,0,0,0,1,1
4524496,0,0,0,0,0,0,1,0
4525012,0,0,0,0,0,0,0,0
4525019,0,0,0,0,0,0,0,1
4525540,0,0,0,0,0,0,1,1
4525548,0,0,0,0,0,0,1,0
4526065,0,0,0,0,0,0,0,0
4526073,0,0,0,0,0,0,0,1
4526595,0,0,0,0,0,0,1,1
4526603,0,0,0,0,0,0,1,0
4527119,0,0,0,0,0,0,0,0
4527127,0,0,0,0,0,0,0,1
4527646,0,0,0,0,0,0,1,1
4527655,0,0,0,0,0,0,1,0
4528172,0,0,0,0,0,0,0,0
4528180,0,0,0,0,0,0,0,1
4528701,0,0,0,0,0,0,1,1
4528709,0,0,0,0,0,0,1,0
4529225,0,0,0,0,0,0,0,0
4529233,0,0,0,0,0,0,0,1
4529753,0,0,0,0,0,0,1,1
4529761,0,0,0,0,0,0,1,0
4530279,0,0,0,0,0,0,0,0
4530286,0,0,0,0,0,0,0,1
4530808,0,0,0,0,0,0,1,1
4530816,0,0,0,0,0,0,1,0
4531332,0,0,0,0,0,0,0,0
4531340,0,0,0,0,0,0,0,1
4531861,0,0,0,0,0,0,1,1
4531869,0,0,0,0,0,0,1,0
4532386,0,0,0,0,0,0,0,0
4532394,0,0,0,0,0,0,0,1
4532914,0,0,0,0,0,0,1,1
4532922,0,0,0,0,0,0,1,0
4533439,0,0,0,0,0,0,0,0
4533446,0,0,0,0,0,0,0,1
4533969,0,0,0,0,0,0,1,1
4533976,0,0,0,0,0,0,1,0
4534493,0,0,0,0,0,0,0,0
4534501,0,0,0,0,0,0,0,1
4535021,0,0,0,0,0,0,1,1
4535029,0,0,0,0,0,0,1,0
4535547,0,0,0,0,0,0,0,0
4535555,0,0,0,0,0,0,0,1
4536075,0,0,0,0,0,0,1,1
4536083,0,0,0,0,0,0,1,0
4536600,0,0,0,0,0,0,0,0
4536607,0,0,0,0,0,0,0,1
4537129,0,0,0,0,0,0,1,1
4537137,0,0,0,0,0,0,1,0
4537652,0,0,0,0,0,0,0,0
4537660,0,0,0,0,0,0,0,1
4538181,0,0,0,0,0,0,1,1
4538189,0,0,0,0,0,0,1,0
4538706,0,0,0,0,0,0,0,0
4538713,0,0,0,0,0,0,0,1
4539234,0,0,0,0,0,0,1,1
4539242,0,0,0,0,0,0,1,0
4539758,0,0,0,0,0,0,0,0
4539766,0,0,0,0,0,0,0,1
4540286,0,0,0,0,0,0,1,1
4540294,0,0,0,0,0,0,1,0
4540811,0,0,0,0,0,0,0,0
4540818,0,0,0,0,0,0,0,1
4541339,0,0,0,0,0,0,1,1
4541346,0,0,0,0,0,0,1,0
4541863,0,0,0,0,0,0,0,0
4541871,0,0,0,0,0,0,0,1
4542391,0,0,0,0,0,0,1,1
4542399,0,0,0,0,0,0,1,0
4542915,0,0,0,0,0,0,0,0
4542922,0,0,0,0,0,0,0,1
4543443,0,0,0,0,0,0,1,1
4543451,0,0,0,0,0,0,1,0
4543967,0,0,0,0,0,0,0,0
4543974,0,0,0,0,0,0,0,1
4544495,0,0,0,0,0,0,1,1
4544503,0,0,0,0,0,0,1,0
4545020,0,0,0,0,0,0,0,0
4545028,0,0,0,0,0,0,0,1
4545549,0,0,0,0,0,0,1,1
4545556,0,0,0,0,0,0,1,0
4546073,0,0,0,0,0,0,0,0
4546081,0,0,0,0,0,0,0,1
4546601,0,0,0,0,0,0,1,1
4546609,0,0,0,0,0,0,1,0
4547126,0,0,0,0,0,0,0,0
4547134,0,0,0,0,0,0,0,1
4547655,0,0,0,0,0,0,1,1
4547663,0,0,0,0,0,0,1,0
4548180,0,0,0,0,0,0,0,0
4548188,0,0,0,0,0,0,0,1
4548708,0,0,0,0,0,0,1,1
4548716,0,0,0,0,0,0,1,0
4549232,0,0,0,0,0,0,0,0
4549240,0,0,0,0,0,0,0,1
4549760,0,0,0,0,0,0,1,1
4549769,0,0,0,0,0,0,1,0
4550286,0,0,0,0,0,0,0,0
4550293,0,0,0,0,0,0,0,1
4550814,0,0,0,0,0,0,1,1
4550822,0,0,0,0,0,0,1,0
4551339,0,0,0,0,0,0,0,0
4551347,0,0,0,0,0,0,0,1
4551867,0,0,0,0,0,0,1,1
4551875,0,0,0,0,0,0,1,0
4552392,0,0,0,0,0,0,0,0
4552400,0,0,0,0,0,0,0,1
4552921,0,0,0,0,0,0,1,1
4552929,0,0,0,0,0,0,1,0
4553446,0,0,0,0,0,0,0,0
4553454,0,0,0,0,0,0,0,1
4553975,0,0,0,0,0,0,1,1
4553983,0,0,0,0,0,0,1,0
4554500,0,0,0,0,0,0,0,0
4554507,0,0,0,0,0,0,0,1
4555028,0,0,0,0,0,0,1,1
4555036,0,0,0,0,0,0,1,0
4555555,0,0,0,0,0,0,0,0
4555563,0,0,0,0,0,0,0,1
4556084,0,0,0,0,0,0,1,1
4556092,0,0,0,0,0,0,1,0
4556609,0,0,0,0,0,0,0,0
4556617,0,0,0,0,0,0,0,1
4557138,0,0,0,0,0,0,1,1
4557145,0,0,0,0,0,0,1,0
4557662,0,0,0,0,0,0,0,0
4557670,0,0,0,0,0,0,0,1
4558191,0,0,0,0,0,0,1,1
4558199,0,0,0,0,0,0,1,0
4558716,0,0,0,0,0,0,0,0
4558724,0,0,0,0,0,0,0,1
4559243,0,0,0,0,0,0,1,1
4559252,0,0,0,0,0,0,1,0
4559768,0,0,0,0,0,0,0,0
4559776,0,0,0,0,0,0,0,1
4560298,0,0,0,0,0,0,1,1
4560305,0,0,0,0,0,0,1,0
4560821,0,0,0,0,0,0,0,0
4560829,0,0,0,0,0,0,0,1
4561350,0,0,0,0,0,0,1,1
4561358,0,0,0,0,0,0,1,0
4561875,0,0,0,0,0,0,0,0
4561883,0,0,0,0,0,0,0,1
4562403,0,0,0,0,0,0,1,1
4562411,0,0,0,0,0,0,1,0
4562928,0,0,0,0,0,0,0,0
4562936,0,0,0,0,0,0,0,1
4563457,0,0,0,0,0,0,1,1
4563465,0,0,0,0,0,0,1,0
4563983,0,0,0,0,0,0,0,0
4563990,0,0,0,0,0,0,0,1
4564511,0,0,0,0,0,0,1,1
4564519,0,0,0,0,0,0,1,0
4565036,0,0,0,0,0,0,0,0
4565043,0,0,0,0,0,0,0,1
4565564,0,0,0,0,0,0,1,1
4565572,0,0,0,0,0,0,1,0
4566090,0,0,0,0,0,0,0,0
4566098,0,0,0,0,0,0,0,1
4566620,0,0,0,0,0,0,1,1
4566628,0,0,0,0,0,0,1,0
4567145,0,0,0,0,0,0,0,0
4567152,0,0,0,0,0,0,0,1
4567674,0,0,0,0,0,0,1,1
4567681,0,0,0,0,0,0,1,0
4568198,0,0,0,0,0,0,0,0
4568206,0,0,0,0,0,0,0,1
4568726,0,0,0,0,0,0,1,1
4568734,0,0,0,0,0,0,1,0
4569251,0,0,0,0,0,0,0,0
4569259,0,0,0,0,0,0,0,1
4569779,0,0,0,0,0,0,1,1
4569788,0,0,0,0,0,0,1,0
4570305,0,0,0,0,0,0,0,0
4570312,0,0,0,0,0,0,0,1
4570834,0,0,0,0,0,0,1,1
4570842,0,0,0,0,0,0,1,0
4571359,0,0,0,0,0,0,0,0
4571367,0,0,0,0,0,0,0,1
4571888,0,0,0,0,0,0,1,1
4571896,0,0,0,0,0,0,1,0
4572412,0,0,0,0,0,0,0,0
4572420,0,0,0,0,0,0,0,1
4572940,0,0,0,0,0,0,1,1
4572948,0,0,0,0,0,0,1,0
4573464,0,0,0,0,0,0,0,0
4573472,0,0,0,0,0,0,0,1
4573993,0,0,0,0,0,0,1,1
4574000,0,0,0,0,0,0,1,0
4574517,0,0,0,0,0,0,0,0
4574524,0,0,0,0,0,0,0,1
4575044,0,0,0,0,0,0,1,1
4575052,0,0,0,0,0,0,1,0
4575568,0,0,0,0,0,0,0,0
4575576,0,0,0,0,0,0,0,1
4576097,0,0,0,0,0,0,1,1
4576104,0,0,0,0,0,0,1,0
4576622,0,0,0,0,0,0,0,0
4576630,0,0,0,0,0,0,0,1
4577149,0,0,0,0,0,0,1,1
4577157,0,0,0,0,0,0,1,0
4577674,0,0,0,0,0,0,0,0
4577681,0,0,0,0,0,0,0,1
4578201,0,0,0,0,0,0,1,1
4578210,0,0,0,0,0,0,1,0
4578726,0,0,0,0,0,0,0,0
4578734,0,0,0,0,0,0,0,1
4579255,0,0,0,0,0,0,1,1
4579263,0,0,0,0,0,0,1,0
4579779,0,0,0,0,0,0,0,0
4579787,0,0,0,0,0,0,0,1
4580308,0,0,0,0,0,0,1,1
4580316,0,0,0,0,0,0,1,0
4580833,0,0,0,0,0,0,0,0
4580841,0,0,0,0,0,0,0,1
4581362,0,0,0,0,0,0,1,1
4581370,0,0,0,0,0,0,1,0
4581887,0,0,0,0,0,0,0,0
4581894,0,0,0,0,0,0,0,1
4582415,0,0,0,0,0,0,1,1
4582423,0,0,0,0,0,0,1,0
4582940,0,0,0,0,0,0,0,0
4582948,0,0,0,0,0,0,0,1
4583469,0,0,0,0,0,0,1,1
4583477,0,0,0,0,0,0,1,0
4583994,0,0,0,0,0,0,0,0
4584001,0,0,0,0,0,0,0,1
4584522,0,0,0,0,0,0,1,1
4584530,0,0,0,0,0,0,1,0
4585047,0,0,0,0,0,0,0,0
4585055,0,0,0,0,0,0,0,1
4585576,0,0,0,0,0,0,1,1
4585583,0,0,0,0,0,0,1,0
4586100,0,0,0,0,0,0,0,0
4586108,0,0,0,0,0,0,0,1
4586628,0,0,0,0,0,0,1,1
4586636,0,0,0,0,0,0,1,0
4587154,0,0,0,0,0,0,0,0
4587162,0,0,0,0,0,0,0,1
4587683,0,0,0,0,0,0,1,1
4587691,0,0,0,0,0,0,1,0
4588207,0,0,0,0,0,0,0,0
4588215,0,0,0,0,0,0,0,1
4588735,0,0,0,0,0,0,1,1
4588743,0,0,0,0,0,0,1,0
4589260,0,0,0,0,0,0,0,0
4589268,0,0,0,0,0,0,0,1
4589789,0,0,0,0,0,0,1,1
4589797,0,0,0,0,0,0,1,0
4590314,0,0,0,0,0,0,0,0
4590321,0,0,0,0,0,0,0,1
4590843,0,0,0,0,0,0,1,1
4590851,0,0,0,0,0,0,1,0
4591368,0,0,0,0,0,0,0,0
4591376,0,0,0,0,0,0,0,1
4591898,0,0,0,0,0,0,1,1
4591906,0,0,0,0,0,0,1,0
4592423,0,0,0,0,0,0,0,0
4592431,0,0,0,0,0,0,0,1
4592951,0,0,0,0,0,0,1,1
4592959,0,0,0,0,0,0,1,0
4593476,0,0,0,0,0,0,0,0
4593484,0,0,0,0,0,0,0,1
4594005,0,0,0,0,0,0,1,1
4594012,0,0,0,0,0,0,1,0
4594530,0,0,0,0,0,0,0,0
4594538,0,0,0,0,0,0,0,1
4595058,0,0,0,0,0,0,1,1
4595066,0,0,0,0,0,0,1,0
4595583,0,0,0,0,0,0,0,0
4595591,0,0,0,0,0,0,0,1
4596111,0,0,0,0,0,0,1,1
4596120,0,0,0,0,0,0,1,0
4596636,0,0,0,0,0,0,0,0
4596644,0,0,0,0,0,0,0,1
4597165,0,0,0,0,0,0,1,1
4597173,0,0,0,0,0,0,1,0
4597690,0,0,0,0,0,0,0,0
4597698,0,0,0,0,0,0,0,1
4598218,0,0,0,0,0,0,1,1
4598226,0,0,0,0,0,0,1,0
4598744,0,0,0,0,0,0,0,0
4598752,0,0,0,0,0,0,0,1
4599273,0,0,0,0,0,0,1,1
4599281,0,0,0,0,0,0,1,0
4599797,0,0,0,0,0,0,0,0
4599804,0,0,0,0,0,0,0,1
4600325,0,0,0,0,0,0,1,1
4600333,0,0,0,0,0,0,1,0
4600850,0,0,0,0,0,0,0,0
4600858,0,0,0,0,0,0,0,1
4601380,0,0,0,0,0,0,1,1
4601388,0,0,0,0,0,0,1,0
4601903,0,0,0,0,0,0,0,0
4601911,0,0,0,0,0,0,0,1
4602432,0,0,0,0,0,0,1,1
4602440,0,0,0,0,0,0,1,0
4602958,0,0,0,0,0,0,0,0
4602966,0,0,0,0,0,0,0,1
4603486,0,0,0,0,0,0,1,1
4603494,0,0,0,0,0,0,1,0
4604011,0,0,0,0,0,0,0,0
4604019,0,0,0,0,0,0,0,1
4604540,0,0,0,0,0,0,1,1
4604548,0,0,0,0,0,0,1,0
4605064,0,0,0,0,0,0,0,0
4605072,0,0,0,0,0,0,0,1
4605592,0,0,0,0,0,0,1,1
4605600,0,0,0,0,0,0,1,0
4606118,0,0,0,0,0,0,0,0
4606126,0,0,0,0,0,0,0,1
4606646,0,0,0,0,0,0,1,1
4606654,0,0,0,0,0,0,1,0
4607171,0,0,0,0,0,0,0,0
4607178,0,0,0,0,0,0,0,1
4607699,0,0,0,0,0,0,1,1
4607707,0,0,0,0,0,0,1,0
4608223,0,0,0,0,0,0,0,0
4608231,0,0,0,0,0,0,0,1
4608751,0,0,0,0,0,0,1,1
4608759,0,0,0,0,0,0,1,0
4609275,0,0,0,0,0,0,0,0
4609282,0,0,0,0,0,0,0,1
4609804,0,0,0,0,0,0,1,1
4609812,0,0,0,0,0,0,1,0
4610329,0,0,0,0,0,0,0,0
4610336,0,0,0,0,0,0,0,1
4610856,0,0,0,0,0,0,1,1
4610864,0,0,0,0,0,0,1,0
4611382,0,0,0,0,0,0,0,0
4611390,0,0,0,0,0,0,0,1
4611912,0,0,0,0,0,0,1,1
4611919,0,0,0,0,0,0,1,0
4612437,0,0,0,0,0,0,0,0
4612444,0,0,0,0,0,0,0,1
4612965,0,0,0,0,0,0,1,1
4612973,0,0,0,0,0,0,1,0
4613490,0,0,0,0,0,0,0,0
4613498,0,0,0,0,0,0,0,1
4614018,0,0,0,0,0,0,1,1
4614026,0,0,0,0,0,0,1,0
4614544,0,0,0,0,0,0,0,0
4614551,0,0,0,0,0,0,0,1
4615073,0,0,0,0,0,0,1,1
4615081,0,0,0,0,0,0,1,0
4615598,0,0,0,0,0,0,0,0
4615606,0,0,0,0,0,0,0,1
4616126,0,0,0,0,0,0,1,1
4616134,0,0,0,0,0,0,1,0
4616650,0,0,0,0,0,0,0,0
4616658,0,0,0,0,0,0,0,1
4617178,0,0,0,0,0,0,1,1
4617186,0,0,0,0,0,0,1,0
4617703,0,0,0,0,0,0,0,0
4617711,0,0,0,0,0,0,0,1
4618231,0,0,0,0,0,0,1,1
4618239,0,0,0,0,0,0,1,0
4618757,0,0,0,0,0,0,0,0
4618764,0,0,0,0,0,0,0,1
4619285,0,0,0,0,0,0,1,1
4619293,0,0,0,0,0,0,1,0
4619808,0,0,0,0,0,0,0,0
4619816,0,0,0,0,0,0,0,1
4620337,0,0,0,0,0,0,1,1
4620345,0,0,0,0,0,0,1,0
4620862,0,0,0,0,0,0,0,0
4620870,0,0,0,0,0,0,0,1
4621390,0,0,0,0,0,0,1,1
4621398,0,0,0,0,0,0,1,0
4621916,0,0,0,0,0,0,0,0
4621923,0,0,0,0,0,0,0,1
4622444,0,0,0,0,0,0,1,1
4622452,0,0,0,0,0,0,1,0
4622967,0,0,0,0,0,0,0,0
4622975,0,0,0,0,0,0,0,1
4623496,0,0,0,0,0,0,1,1
4623504,0,0,0,0,0,0,1,0
4624021,0,0,0,0,0,0,0,0
4624028,0,0,0,0,0,0,0,1
4624549,0,0,0,0,0,0,1,1
4624557,0,0,0,0,0,0,1,0
4625074,0,0,0,0,0,0,0,0
4625082,0,0,0,0,0,0,0,1
4625602,0,0,0,0,0,0,1,1
4625610,0,0,0,0,0,0,1,0
4626126,0,0,0,0,0,0,0,0
4626134,0,0,0,0,0,0,0,1
4626654,0,0,0,0,0,0,1,1
4626662,0,0,0,0,0,0,1,0
4627179,0,0,0,0,0,0,0,0
4627187,0,0,0,0,0,0,0,1
4627707,0,0,0,0,0,0,1,1
4627715,0,0,0,0,0,0,1,0
4628232,0,0,0,0,0,0,0,0
4628240,0,0,0,0,0,0,0,1
4628760,0,0,0,0,0,0,1,1
4628768,0,0,0,0,0,0,1,0
4629285,0,0,0,0,0,0,0,0
4629293,0,0,0,0,0,0,0,1
4629814,0,0,0,0,0,0,1,1
4629822,0,0,0,0,0,0,1,0
4630338,0,0,0,0,0,0,0,0
4630346,0,0,0,0,0,0,0,1
4630867,0,0,0,0,0,0,1,1
4630875,0,0,0,0,0,0,1,0
4631392,0,0,0,0,0,0,0,0
4631399,0,0,0,0,0,0,0,1
4631920,0,0,0,0,0,0,1,1
4631928,0,0,0,0,0,0,1,0
4632445,0,0,0,0,0,0,0,0
4632452,0,0,0,0,0,0,0,1
4632973,0,0,0,0,0,0,1,1
4632981,0,0,0,0,0,0,1,0
4633498,0,0,0,0,0,0,0,0
4633505,0,0,0,0,0,0,0,1
4634026,0,0,0,0,0,0,1,1
4634034,0,0,0,0,0,0,1,0
4634551,0,0,0,0,0,0,0,0
4634559,0,0,0,0,0,0,0,1
4635080,0,0,0,0,0,0,1,1
4635088,0,0,0,0,0,0,1,0
4635605,0,0,0,0,0,0,0,0
4635613,0,0,0,0,0,0,0,1
4636133,0,0,0,0,0,0,1,1
4636141,0,0,0,0,0,0,1,0
4636658,0,0,0,0,0,0,0,0
4636665,0,0,0,0,0,0,0,1
4637186,0,0,0,0,0,0,1,1
4637193,0,0,0,0,0,0,1,0
4637710,0,0,0,0,0,0,0,0
4637717,0,0,0,0,0,0,0,1
4638238,0,0,0,0,0,0,1,1
4638246,0,0,0,0,0,0,1,0
4638763,0,0,0,0,0,0,0,0
4638770,0,0,0,0,0,0,0,1
4639290,0,0,0,0,0,0,1,1
4639298,0,0,0,0,0,0,1,0
4639815,0,0,0,0,0,0,0,0
4639823,0,0,0,0,0,0,0,1
4640343,0,0,0,0,0,0,1,1
4640351,0,0,0,0,0,0,1,0
4640869,0,0,0,0,0,0,0,0
4640877,0,0,0,0,0,0,0,1
4641397,0,0,0,0,0,0,1,1
4641405,0,0,0,0,0,0,1,0
4641921,0,0,0,0,0,0,0,0
4641929,0,0,0,0,0,0,0,1
4642449,0,0,0,0,0,0,1,1
4642457,0,0,0,0,0,0,1,0
4642973,0,0,0,0,0,0,0,0
4642981,0,0,0,0,0,0,0,1
4643501,0,0,0,0,0,0,1,1
4643509,0,0,0,0,0,0,1,0
4644025,0,0,0,0,0,0,0,0
4644033,0,0,0,0,0,0,0,1
4644554,0,0,0,0,0,0,1,1
4644562,0,0,0,0,0,0,1,0
4645078,0,0,0,0,0,0,0,0
4645086,0,0,0,0,0,0,0,1
4645606,0,0,0,0,0,0,1,1
4645614,0,0,0,0,0,0,1,0
4646131,0,0,0,0,0,0,0,0
4646139,0,0,0,0,0,0,0,1
4646659,0,0,0,0,0,0,1,1
4646667,0,0,0,0,0,0,1,0
4647183,0,0,0,0,0,0,0,0
4647191,0,0,0,0,0,0,0,1
4647711,0,0,0,0,0,0,1,1
4647719,0,0,0,0,0,0,1,0
4648237,0,0,0,0,0,0,0,0
4648245,0,0,0,0,0,0,0,1
4648766,0,0,0,0,0,0,1,1
4648773,0,0,0,0,0,0,1,0
4649291,0,0,0,0,0,0,0,0
4649298,0,0,0,0,0,0,0,1
4649820,0,0,0,0,0,0,1,1
4649828,0,0,0,0,0,0,1,0
4650344,0,0,0,0,0,0,0,0
4650352,0,0,0,0,0,0,0,1
4650872,0,0,0,0,0,0,1,1
4650880,0,0,0,0,0,0,1,0
4651397,0,0,0,0,0,0,0,0
4651405,0,0,0,0,0,0,0,1
4651926,0,0,0,0,0,0,1,1
4651934,0,0,0,0,0,0,1,0
4652450,0,0,0,0,0,0,0,0
4652457,0,0,0,0,0,0,0,1
4652978,0,0,0,0,0,0,1,1
4652986,0,0,0,0,0,0,1,0
4653503,0,0,0,0,0,0,0,0
4653511,0,0,0,0,0,0,0,1
4654032,0,0,0,0,0,0,1,1
4654040,0,0,0,0,0,0,1,0
4654557,0,0,0,0,0,0,0,0
4654565,0,0,0,0,0,0,0,1
4655086,0,0,0,0,0,0,1,1
4655093,0,0,0,0,0,0,1,0
4655610,0,0,0,0,0,0,0,0
4655618,0,0,0,0,0,0,0,1
4656138,0,0,0,0,0,0,1,1
4656146,0,0,0,0,0,0,1,0
4656663,0,0,0,0,0,0,0,0
4656671,0,0,0,0,0,0,0,1
4657192,0,0,0,0,0,0,1,1
4657200,0,0,0,0,0,0,1,0
4657718,0,0,0,0,0,0,0,0
4657726,0,0,0,0,0,0,0,1
4658247,0,0,0,0,0,0,1,1
4658255,0,0,0,0,0,0,1,0
4658773,0,0,0,0,0,0,0,0
4658781,0,0,0,0,0,0,0,1
4659301,0,0,0,0,0,0,1,1
4659309,0,0,0,0,0,0,1,0
4659825,0,0,0,0,0,0,0,0
4659833,0,0,0,0,0,0,0,1
4660353,0,0,0,0,0,0,1,1
4660362,0,0,0,0,0,0,1,0
4660878,0,0,0,0,0,0,0,0
4660886,0,0,0,0,0,0,0,1
4661406,0,0,0,0,0,0,1,1
4661415,0,0,0,0,0,0,1,0
4661932,0,0,0,0,0,0,0,0
4661940,0,0,0,0,0,0,0,1
4662461,0,0,0,0,0,0,1,1
4662469,0,0,0,0,0,0,1,0
4662985,0,0,0,0,0,0,0,0
4662993,0,0,0,0,0,0,0,1
4663514,0,0,0,0,0,0,1,1
4663522,0,0,0,0,0,0,1,0
4664039,0,0,0,0,0,0,0,0
4664047,0,0,0,0,0,0,0,1
4664568,0,0,0,0,0,0,1,1
4664576,0,0,0,0,0,0,1,0
4665093,0,0,0,0,0,0,0,0
4665101,0,0,0,0,0,0,0,1
4665622,0,0,0,0,0,0,1,1
4665630,0,0,0,0,0,0,1,0
4666147,0,0,0,0,0,0,0,0
4666154,0,0,0,0,0,0,0,1
4666676,0,0,0,0,0,0,1,1
4666683,0,0,0,0,0,0,1,0
4667201,0,0,0,0,0,0,0,0
4667208,0,0,0,0,0,0,0,1
4667730,0,0,0,0,0,0,1,1
4667738,0,0,0,0,0,0,1,0
4668253,0,0,0,0,0,0,0,0
4668261,0,0,0,0,0,0,0,1
4668782,0,0,0,0,0,0,1,1
4668790,0,0,0,0,0,0,1,0
4669307,0,0,0,0,0,0,0,0
4669314,0,0,0,0,0,0,0,1
4669835,0,0,0,0,0,0,1,1
4669843,0,0,0,0,0,0,1,0
4670360,0,0,0,0,0,0,0,0
4670368,0,0,0,0,0,0,0,1
4670889,0,0,0,0,0,0,1,1
4670897,0,0,0,0,0,0,1,0
4671414,0,0,0,0,0,0,0,0
4671422,0,0,0,0,0,0,0,1
4671943,0,0,0,0,0,0,1,1
4671951,0,0,0,0,0,0,1,0
4672468,0,0,0,0,0,0,0,0
4672476,0,0,0,0,0,0,0,1
4672997,0,0,0,0,0,0,1,1
4673005,0,0,0,0,0,0,1,0
4673521,0,0,0,0,0,0,0,0
4673529,0,0,0,0,0,0,0,1
4674050,0,0,0,0,0,0,1,1
4674058,0,0,0,0,0,0,1,0
4674575,0,0,0,0,0,0,0,0
4674583,0,0,0,0,0,0,0,1
4675104,0,0,0,0,0,0,1,1
4675112,0,0,0,0,0,0,1,0
4675629,0,0,0,0,0,0,0,0
4675637,0,0,0,0,0,0,0,1
4676159,0,0,0,0,0,0,1,1
4676167,0,0,0,0,0,0,1,0
4676683,0,0,0,0,0,0,0,0
4676690,0,0,0,0,0,0,0,1
4677211,0,0,0,0,0,0,1,1
4677219,0,0,0,0,0,0,1,0
4677736,0,0,0,0,0,0,0,0
4677744,0,0,0,0,0,0,0,1
4678264,0,0,0,0,0,0,1,1
4678272,0,0,0,0,0,0,1,0
4678788,0,0,0,0,0,0,0,0
4678796,0,0,0,0,0,0,0,1
4679317,0,0,0,0,0,0,1,1
4679325,0,0,0,0,0,0,1,0
4679843,0,0,0,0,0,0,0,0
4679850,0,0,0,0,0,0,0,1
4680371,0,0,0,0,0,0,1,1
4680379,0,0,0,0,0,0,1,0
4680897,0,0,0,0,0,0,0,0
4680904,0,0,0,0,0,0,0,1
4681426,0,0,0,0,0,0,1,1
4681434,0,0,0,0,0,0,1,0
4681951,0,0,0,0,0,0,0,0
4681958,0,0,0,0,0,0,0,1
4682480,0,0,0,0,0,0,1,1
4682487,0,0,0,0,0,0,1,0
4683004,0,0,0,0,0,0,0,0
4683012,0,0,0,0,0,0,0,1
4683532,0,0,0,0,0,0,1,1
4683541,0,0,0,0,0,0,1,0
4684058,0,0,0,0,0,0,0,0
4684065,0,0,0,0,0,0,0,1
4684587,0,0,0,0,0,0,1,1
4684594,0,0,0,0,0,0,1,0
4685111,0,0,0,0,0,0,0,0
4685119,0,0,0,0,0,0,0,1
4685639,0,0,0,0,0,0,1,1
4685647,0,0,0,0,0,0,1,0
4686165,0,0,0,0,0,0,0,0
4686172,0,0,0,0,0,0,0,1
4686693,0,0,0,0,0,0,1,1
4686701,0,0,0,0,0,0,1,0
4687218,0,0,0,0,0,0,0,0
4687226,0,0,0,0,0,0,0,1
4687746,0,0,0,0,0,0,1,1
4687754,0,0,0,0,0,0,1,0
4688272,0,0,0,0,0,0,0,0
4688279,0,0,0,0,0,0,0,1
4688800,0,0,0,0,0,0,1,1
4688808,0,0,0,0,0,0,1,0
4689325,0,0,0,0,0,0,0,0
4689333,0,0,0,0,0,0,0,1
4689854,0,0,0,0,0,0,1,1
4689862,0,0,0,0,0,0,1,0
4690377,0,0,0,0,0,0,0,0
4690385,0,0,0,0,0,0,0,1
4690905,0,0,0,0,0,0,1,1
4690914,0,0,0,0,0,0,1,0
4691432,0,0,0,0,0,0,0,0
4691439,0,0,0,0,0,0,0,1
4691960,0,0,0,0,0,0,1,1
4691968,0,0,0,0,0,0,1,0
4692484,0,0,0,0,0,0,0,0
4692492,0,0,0,0,0,0,0,1
4693012,0,0,0,0,0,0,1,1
4693020,0,0,0,0,0,0,1,0
4693537,0,0,0,0,0,0,0,0
4693544,0,0,0,0,0,0,0,1
4694065,0,0,0,0,0,0,1,1
4694073,0,0,0,0,0,0,1,0
4694589,0,0,0,0,0,0,0,0
4694597,0,0,0,0,0,0,0,1
4695117,0,0,0,0,0,0,1,1
4695125,0,0,0,0,0,0,1,0
4695643,0,0,0,0,0,0,0,0
4695651,0,0,0,0,0,0,0,1
4696173,0,0,0,0,0,0,1,1
4696181,0,0,0,0,0,0,1,0
4696697,0,0,0,0,0,0,0,0
4696705,0,0,0,0,0,0,0,1
4697226,0,0,0,0,0,0,1,1
4697234,0,0,0,0,0,0,1,0
4697752,0,0,0,0,0,0,0,0
4697759,0,0,0,0,0,0,0,1
4698280,0,0,0,0,0,0,1,1
4698289,0,0,0,0,0,0,1,0
4698805,0,0,0,0,0,0,0,0
4698813,0,0,0,0,0,0,0,1
4699334,0,0,0,0,0,0,1,1
4699342,0,0,0,0,0,0,1,0
4699859,0,0,0,0,0,0,0,0
4699867,0,0,0,0,0,0,0,1
4700388,0,0,0,0,0,0,1,1
4700396,0,0,0,0,0,0,1,0
4700913,0,0,0,0,0,0,0,0
4700921,0,0,0,0,0,0,0,1
4701441,0,0,0,0,0,0,1,1
4701450,0,0,0,0,0,0,1,0
4701967,0,0,0,0,0,0,0,0
4701974,0,0,0,0,0,0,0,1
4702496,0,0,0,0,0,0,1,1
4702503,0,0,0,0,0,0,1,0
4703020,0,0,0,0,0,0,0,0
4703027,0,0,0,0,0,0,0,1
4703547,0,0,0,0,0,0,1,1
4703555,0,0,0,0,0,0,1,0
4704071,0,0,0,0,0,0,0,0
4704079,0,0,0,0,0,0,0,1
4704600,0,0,0,0,0,0,1,1
4704607,0,0,0,0,0,0,1,0
4705125,0,0,0,0,0,0,0,0
4705132,0,0,0,0,0,0,0,1
4705652,0,0,0,0,0,0,1,1
4705661,0,0,0,0,0,0,1,0
4706178,0,0,0,0,0,0,0,0
4706186,0,0,0,0,0,0,0,1
4706707,0,0,0,0,0,0,1,1
4706715,0,0,0,0,0,0,1,0
4707233,0,0,0,0,0,0,0,0
4707240,0,0,0,0,0,0,0,1
4707761,0,0,0,0,0,0,1,1
4707769,0,0,0,0,0,0,1,0
4708285,0,0,0,0,0,0,0,0
4708293,0,0,0,0,0,0,0,1
4708814,0,0,0,0,0,0,1,1
4708822,0,0,0,0,0,0,1,0
4709338,0,0,0,0,0,0,0,0
4709346,0,0,0,0,0,0,0,1
4709866,0,0,0,0,0,0,1,1
4709875,0,0,0,0,0,0,1,0
4710391,0,0,0,0,0,0,0,0
4710399,0,0,0,0,0,0,0,1
4710920,0,0,0,0,0,0,1,1
4710927,0,0,0,0,0,0,1,0
4711444,0,0,0,0,0,0,0,0
4711451,0,0,0,0,0,0,0,1
4711971,0,0,0,0,0,0,1,1
4711979,0,0,0,0,0,0,1,0
4712496,0,0,0,0,0,0,0,0
4712503,0,0,0,0,0,0,0,1
4713024,0,0,0,0,0,0,1,1
4713032,0,0,0,0,0,0,1,0
4713549,0,0,0,0,0,0,0,0
4713556,0,0,0,0,0,0,0,1
4714077,0,0,0,0,0,0,1,1
4714085,0,0,0,0,0,0,1,0
4714603,0,0,0,0,0,0,0,0
4714611,0,0,0,0,0,0,0,1
4715131,0,0,0,0,0,0,1,1
4715139,0,0,0,0,0,0,1,0
4715657,0,0,0,0,0,0,0,0
4715665,0,0,0,0,0,0,0,1
4716187,0,0,0,0,0,0,1,1
4716195,0,0,0,0,0,0,1,0
4716711,0,0,0,0,0,0,0,0
4716718,0,0,0,0,0,0,0,1
4717239,0,0,0,0,0,0,1,1
4717247,0,0,0,0,0,0,1,0
4717764,0,0,0,0,0,0,0,0
4717772,0,0,0,0,0,0,0,1
4718292,0,0,0,0,0,0,1,1
4718300,0,0,0,0,0,0,1,0
4718816,0,0,0,0,0,0,0,0
4718824,0,0,0,0,0,0,0,1
4719345,0,0,0,0,0,0,1,1
4719353,0,0,0,0,0,0,1,0
4719870,0,0,0,0,0,0,0,0
4719877,0,0,0,0,0,0,0,1
4720398,0,0,0,0,0,0,1,1
4720406,0,0,0,0,0,0,1,0
4720924,0,0,0,0,0,0,0,0
4720932,0,0,0,0,0,0,0,1
4721453,0,0,0,0,0,0,1,1
4721461,0,0,0,0,0,0,1,0
4721978,0,0,0,0,0,0,0,0
4721986,0,0,0,0,0,0,0,1
4722507,0,0,0,0,0,0,1,1
4722515,0,0,0,0,0,0,1,0
4723031,0,0,0,0,0,0,0,0
4723039,0,0,0,0,0,0,0,1
4723560,0,0,0,0,0,0,1,1
4723568,0,0,0,0,0,0,1,0
4724085,0,0,0,0,0,0,0,0
4724093,0,0,0,0,0,0,0,1
4724614,0,0,0,0,0,0,1,1
4724622,0,0,0,0,0,0,1,0
4725139,0,0,0,0,0,0,0,0
4725147,0,0,0,0,0,0,0,1
4725668,0,0,0,0,0,0,1,1
4725676,0,0,0,0,0,0,1,0
4726192,0,0,0,0,0,0,0,0
4726200,0,0,0,0,0,0,0,1
4726720,0,0,0,0,0,0,1,1
4726728,0,0,0,0,0,0,1,0
4727246,0,0,0,0,0,0,0,0
4727254,0,0,0,0,0,0,0,1
4727775,0,0,0,0,0,0,1,1
4727783,0,0,0,0,0,0,1,0
4728301,0,0,0,0,0,0,0,0
4728308,0,0,0,0,0,0,0,1
4728830,0,0,0,0,0,0,1,1
4728837,0,0,0,0,0,0,1,0
4729353,0,0,0,0,0,0,0,0
4729361,0,0,0,0,0,0,0,1
4729882,0,0,0,0,0,0,1,1
4729890,0,0,0,0,0,0,1,0
4730406,0,0,0,0,0,0,0,0
4730414,0,0,0,0,0,0,0,1
4730934,0,0,0,0,0,0,1,1
4730942,0,0,0,0,0,0,1,0
4731459,0,0,0,0,0,0,0,0
4731467,0,0,0,0,0,0,0,1
4731988,0,0,0,0,0,0,1,1
4731996,0,0,0,0,0,0,1,0
4732513,0,0,0,0,0,0,0,0
4732521,0,0,0,0,0,0,0,1
4733042,0,0,0,0,0,0,1,1
4733050,0,0,0,0,0,0,1,0
4733567,0,0,0,0,0,0,0,0
4733575,0,0,0,0,0,0,0,1
4734095,0,0,0,0,0,0,1,1
4734103,0,0,0,0,0,0,1,0
4734620,0,0,0,0,0,0,0,0
4734628,0,0,0,0,0,0,0,1
4735149,0,0,0,0,0,0,1,1
4735157,0,0,0,0,0,0,1,0
4735675,0,0,0,0,0,0,0,0
4735682,0,0,0,0,0,0,0,1
4736203,0,0,0,0,0,0,1,1
4736211,0,0,0,0,0,0,1,0
4736728,0,0,0,0,0,0,0,0
4736735,0,0,0,0,0,0,0,1
4737257,0,0,0,0,0,0,1,1
4737265,0,0,0,0,0,0,1,0
4737783,0,0,0,0,0,0,0,0
4737791,0,0,0,0,0,0,0,1
4738312,0,0,0,0,0,0,1,1
4738319,0,0,0,0,0,0,1,0
4738836,0,0,0,0,0,0,0,0
4738844,0,0,0,0,0,0,0,1
4739365,0,0,0,0,0,0,1,1
4739373,0,0,0,0,0,0,1,0
4739889,0,0,0,0,0,0,0,0
4739897,0,0,0,0,0,0,0,1
4740417,0,0,0,0,0,0,1,1
4740425,0,0,0,0,0,0,1,0
4740942,0,0,0,0,0,0,0,0
4740950,0,0,0,0,0,0,0,1
4741472,0,0,0,0,0,0,1,1
4741479,0,0,0,0,0,0,1,0
4741997,0,0,0,0,0,0,0,0
4742004,0,0,0,0,0,0,0,1
4742525,0,0,0,0,0,0,1,1
4742533,0,0,0,0,0,0,1,0
4743050,0,0,0,0,0,0,0,0
4743058,0,0,0,0,0,0,0,1
4743578,0,0,0,0,0,0,1,1
4743586,0,0,0,0,0,0,1,0
4744103,0,0,0,0,0,0,0,0
4744111,0,0,0,0,0,0,0,1
4744631,0,0,0,0,0,0,1,1
4744639,0,0,0,0,0,0,1,0
4745156,0,0,0,0,0,0,0,0
4745164,0,0,0,0,0,0,0,1
4745685,0,0,0,0,0,0,1,1
4745693,0,0,0,0,0,0,1,0
4746210,0,0,0,0,0,0,0,0
4746218,0,0,0,0,0,0,0,1
4746738,0,0,0,0,0,0,1,1
4746747,0,0,0,0,0,0,1,0
4747264,0,0,0,0,0,0,0,0
4747271,0,0,0,0,0,0,0,1
4747792,0,0,0,0,0,0,1,1
4747800,0,0,0,0,0,0,1,0
4748317,0,0,0,0,0,0,0,0
4748325,0,0,0,0,0,0,0,1
4748846,0,0,0,0,0,0,1,1
4748854,0,0,0,0,0,0,1,0
4749370,0,0,0,0,0,0,0,0
4749378,0,0,0,0,0,0,0,1
4749899,0,0,0,0,0,0,1,1
4749907,0,0,0,0,0,0,1,0
4750424,0,0,0,0,0,0,0,0
4750432,0,0,0,0,0,0,0,1
4750952,0,0,0,0,0,0,1,1
4750960,0,0,0,0,0,0,1,0
4751477,0,0,0,0,0,0,0,0
4751485,0,0,0,0,0,0,0,1
4752006,0,0,0,0,0,0,1,1
4752014,0,0,0,0,0,0,1,0
4752530,0,0,0,0,0,0,0,0
4752538,0,0,0,0,0,0,0,1
4753058,0,0,0,0,0,0,1,1
4753067,0,0,0,0,0,0,1,0
4753583,0,0,0,0,0,0,0,0
4753591,0,0,0,0,0,0,0,1
4754111,0,0,0,0,0,0,1,1
4754120,0,0,0,0,0,0,1,0
4754636,0,0,0,0,0,0,0,0
4754644,0,0,0,0,0,0,0,1
4755164,0,0,0,0,0,0,1,1
4755172,0,0,0,0,0,0,1,0
4755688,0,0,0,0,0,0,0,0
4755696,0,0,0,0,0,0,0,1
4756216,0,0,0,0,0,0,1,1
4756225,0,0,0,0,0,0,1,0
4756741,0,0,0,0,0,0,0,0
4756749,0,0,0,0,0,0,0,1
4757269,0,0,0,0,0,0,1,1
4757277,0,0,0,0,0,0,1,0
4757795,0,0,0,0,0,0,0,0
4757802,0,0,0,0,0,0,0,1
4758323,0,0,0,0,0,0,1,1
4758331,0,0,0,0,0,0,1,0
4758848,0,0,0,0,0,0,0,0
4758856,0,0,0,0,0,0,0,1
4759377,0,0,0,0,0,0,1,1
4759384,0,0,0,0,0,0,1,0
4759902,0,0,0,0,0,0,0,0
4759910,0,0,0,0,0,0,0,1
4760431,0,0,0,0,0,0,1,1
4760439,0,0,0,0,0,0,1,0
4760955,0,0,0,0,0,0,0,0
4760963,0,0,0,0,0,0,0,1
4761484,0,0,0,0,0,0,1,1
4761492,0,0,0,0,0,0,1,0
4762009,0,0,0,0,0,0,0,0
4762017,0,0,0,0,0,0,0,1
4762537,0,0,0,0,0,0,1,1
4762545,0,0,0,0,0,0,1,0
4763062,0,0,0,0,0,0,0,0
4763070,0,0,0,0,0,0,0,1
4763591,0,0,0,0,0,0,1,1
4763599,0,0,0,0,0,0,1,0
4764116,0,0,0,0,0,0,0,0
4764124,0,0,0,0,0,0,0,1
4764645,0,0,0,0,0,0,1,1
4764653,0,0,0,0,0,0,1,0
4765169,0,0,0,0,0,0,0,0
4765177,0,0,0,0,0,0,0,1
4765698,0,0,0,0,0,0,1,1
4765706,0,0,0,0,0,0,1,0
4766223,0,0,0,0,0,0,0,0
4766231,0,0,0,0,0,0,0,1
4766750,0,0,0,0,0,0,1,1
4766758,0,0,0,0,0,0,1,0
4767276,0,0,0,0,0,0,0,0
4767284,0,0,0,0,0,0,0,1
4767805,0,0,0,0,0,0,1,1
4767813,0,0,0,0,0,0,1,0
4768329,0,0,0,0,0,0,0,0
4768337,0,0,0,0,0,0,0,1
4768857,0,0,0,0,0,0,1,1
4768864,0,0,0,0,0,0,1,0
4769381,0,0,0,0,0,0,0,0
4769389,0,0,0,0,0,0,0,1
4769911,0,0,0,0,0,0,1,1
4769919,0,0,0,0,0,0,1,0
4770435,0,0,0,0,0,0,0,0
4770442,0,0,0,0,0,0,0,1
4770963,0,0,0,0,0,0,1,1
4770971,0,0,0,0,0,0,1,0
4771487,0,0,0,0,0,0,0,0
4771494,0,0,0,0,0,0,0,1
4772015,0,0,0,0,0,0,1,1
4772023,0,0,0,0,0,0,1,0
4772541,0,0,0,0,0,0,0,0
4772548,0,0,0,0,0,0,0,1
4773069,0,0,0,0,0,0,1,1
4773077,0,0,0,0,0,0,1,0
4773593,0,0,0,0,0,0,0,0
4773601,0,0,0,0,0,0,0,1
4774122,0,0,0,0,0,0,1,1
4774130,0,0,0,0,0,0,1,0
4774648,0,0,0,0,0,0,0,0
4774656,0,0,0,0,0,0,0,1
4775178,0,0,0,0,0,0,1,1
4775185,0,0,0,0,0,0,1,0
4775702,0,0,0,0,0,0,0,0
4775710,0,0,0,0,0,0,0,1
4776231,0,0,0,0,0,0,1,1
4776239,0,0,0,0,0,0,1,0
4776755,0,0,0,0,0,0,0,0
4776763,0,0,0,0,0,0,0,1
4777283,0,0,0,0,0,0,1,1
4777291,0,0,0,0,0,0,1,0
4777808,0,0,0,0,0,0,0,0
4777816,0,0,0,0,0,0,0,1
4778337,0,0,0,0,0,0,1,1
4778344,0,0,0,0,0,0,1,0
4778861,0,0,0,0,0,0,0,0
4778868,0,0,0,0,0,0,0,1
4779389,0,0,0,0,0,0,1,1
4779397,0,0,0,0,0,0,1,0
4779914,0,0,0,0,0,0,0,0
4779921,0,0,0,0,0,0,0,1
4780442,0,0,0,0,0,0,1,1
4780451,0,0,0,0,0,0,1,0
4780967,0,0,0,0,0,0,0,0
4780975,0,0,0,0,0,0,0,1
4781495,0,0,0,0,0,0,1,1
4781503,0,0,0,0,0,0,1,0
4782020,0,0,0,0,0,0,0,0
4782027,0,0,0,0,0,0,0,1
4782549,0,0,0,0,0,0,1,1
4782557,0,0,0,0,0,0,1,0
4783075,0,0,0,0,0,0,0,0
4783082,0,0,0,0,0,0,0,1
4783603,0,0,0,0,0,0,1,1
4783611,0,0,0,0,0,0,1,0
4784128,0,0,0,0,0,0,0,0
4784136,0,0,0,0,0,0,0,1
4784656,0,0,0,0,0,0,1,1
4784665,0,0,0,0,0,0,1,0
4785182,0,0,0,0,0,0,0,0
4785189,0,0,0,0,0,0,0,1
4785709,0,0,0,0,0,0,1,1
4785718,0,0,0,0,0,0,1,0
4786234,0,0,0,0,0,0,0,0
4786242,0,0,0,0,0,0,0,1
4786763,0,0,0,0,0,0,1,1
4786771,0,0,0,0,0,0,1,0
4787288,0,0,0,0,0,0,0,0
4787296,0,0,0,0,0,0,0,1
4787816,0,0,0,0,0,0,1,1
4787824,0,0,0,0,0,0,1,0
4788342,0,0,0,0,0,0,0,0
4788350,0,0,0,0,0,0,0,1
4788871,0,0,0,0,0,0,1,1
4788879,0,0,0,0,0,0,1,0
4789397,0,0,0,0,0,0,0,0
4789404,0,0,0,0,0,0,0,1
4789925,0,0,0,0,0,0,1,1
4789933,0,0,0,0,0,0,1,0
4790450,0,0,0,0,0,0,0,0
4790458,0,0,0,0,0,0,0,1
4790978,0,0,0,0,0,0,1,1
4790986,0,0,0,0,0,0,1,0
4791502,0,0,0,0,0,0,0,0
4791509,0,0,0,0,0,0,0,1
4792030,0,0,0,0,0,0,1,1
4792038,0,0,0,0,0,0,1,0
4792555,0,0,0,0,0,0,0,0
4792563,0,0,0,0,0,0,0,1
4793084,0,0,0,0,0,0,1,1
4793092,0,0,0,0,0,0,1,0
4793609,0,0,0,0,0,0,0,0
4793617,0,0,0,0,0,0,0,1
4794138,0,0,0,0,0,0,1,1
4794146,0,0,0,0,0,0,1,0
4794663,0,0,0,0,0,0,0,0
4794671,0,0,0,0,0,0,0,1
4795192,0,0,0,0,0,0,1,1
4795200,0,0,0,0,0,0,1,0
4795717,0,0,0,0,0,0,0,0
4795725,0,0,0,0,0,0,0,1
4796246,0,0,0,0,0,0,1,1
4796253,0,0,0,0,0,0,1,0
4796769,0,0,0,0,0,0,0,0
4796777,0,0,0,0,0,0,0,1
4797297,0,0,0,0,0,0,1,1
4797306,0,0,0,0,0,0,1,0
4797821,0,0,0,0,0,0,0,0
4797829,0,0,0,0,0,0,0,1
4798350,0,0,0,0,0,0,1,1
4798358,0,0,0,0,0,0,1,0
4798875,0,0,0,0,0,0,0,0
4798883,0,0,0,0,0,0,0,1
4799404,0,0,0,0,0,0,1,1
4799412,0,0,0,0,0,0,1,0
4799929,0,0,0,0,0,0,0,0
4799936,0,0,0,0,0,0,0,1
4800456,0,0,0,0,0,0,1,1
4800464,0,0,0,0,0,0,1,0
4800982,0,0,0,0,0,0,0,0
4800989,0,0,0,0,0,0,0,1
4801510,0,0,0,0,0,0,1,1
4801518,0,0,0,0,0,0,1,0
4802034,0,0,0,0,0,0,0,0
4802042,0,0,0,0,0,0,0,1
4802562,0,0,0,0,0,0,1,1
4802571,0,0,0,0,0,0,1,0
4803088,0,0,0,0,0,0,0,0
4803096,0,0,0,0,0,0,0,1
4803616,0,0,0,0,0,0,1,1
4803625,0,0,0,0,0,0,1,0
4804141,0,0,0,0,0,0,0,0
4804149,0,0,0,0,0,0,0,1
4804669,0,0,0,0,0,0,1,1
4804677,0,0,0,0,0,0,1,0
4805193,0,0,0,0,0,0,0,0
4805201,0,0,0,0,0,0,0,1
4805722,0,0,0,0,0,0,1,1
4805730,0,0,0,0,0,0,1,0
4806245,0,0,0,0,0,0,0,0
4806253,0,0,0,0,0,0,0,1
4806774,0,0,0,0,0,0,1,1
4806782,0,0,0,0,0,0,1,0
4807297,0,0,0,0,0,0,0,0
4807305,0,0,0,0,0,0,0,1
4807826,0,0,0,0,0,0,1,1
4807834,0,0,0,0,0,0,1,0
4808351,0,0,0,0,0,0,0,0
4808358,0,0,0,0,0,0,0,1
4808879,0,0,0,0,0,0,1,1
4808887,0,0,0,0,0,0,1,0
4809403,0,0,0,0,0,0,0,0
4809411,0,0,0,0,0,0,0,1
4809931,0,0,0,0,0,0,1,1
4809939,0,0,0,0,0,0,1,0
4810455,0,0,0,0,0,0,0,0
4810463,0,0,0,0,0,0,0,1
4810984,0,0,0,0,0,0,1,1
4810992,0,0,0,0,0,0,1,0
4811509,0,0,0,0,0,0,0,0
4811517,0,0,0,0,0,0,0,1
4812038,0,0,0,0,0,0,1,1
4812046,0,0,0,0,0,0,1,0
4812563,0,0,0,0,0,0,0,0
4812571,0,0,0,0,0,0,0,1
4813092,0,0,0,0,0,0,1,1
4813099,0,0,0,0,0,0,1,0
4813616,0,0,0,0,0,0,0,0
4813623,0,0,0,0,0,0,0,1
4814144,0,0,0,0,0,0,1,1
4814152,0,0,0,0,0,0,1,0
4814668,0,0,0,0,0,0,0,0
4814675,0,0,0,0,0,0,0,1
4815196,0,0,0,0,0,0,1,1
4815204,0,0,0,0,0,0,1,0
4815722,0,0,0,0,0,0,0,0
4815729,0,0,0,0,0,0,0,1
4816250,0,0,0,0,0,0,1,1
4816258,0,0,0,0,0,0,1,0
4816776,0,0,0,0,0,0,0,0
4816783,0,0,0,0,0,0,0,1
4817305,0,0,0,0,0,0,1,1
4817313,0,0,0,0,0,0,1,0
4817830,0,0,0,0,0,0,0,0
4817837,0,0,0,0,0,0,0,1
4818358,0,0,0,0,0,0,1,1
4818366,0,0,0,0,0,0,1,0
4818883,0,0,0,0,0,0,0,0
4818892,0,0,0,0,0,0,0,1
4819412,0,0,0,0,0,0,1,1
4819420,0,0,0,0,0,0,1,0
4819937,0,0,0,0,0,0,0,0
4819944,0,0,0,0,0,0,0,1
4820464,0,0,0,0,0,0,1,1
4820473,0,0,0,0,0,0,1,0
4820990,0,0,0,0,0,0,0,0
4820998,0,0,0,0,0,0,0,1
4821519,0,0,0,0,0,0,1,1
4821527,0,0,0,0,0,0,1,0
4822044,0,0,0,0,0,0,0,0
4822052,0,0,0,0,0,0,0,1
4822573,0,0,0,0,0,0,1,1
4822581,0,0,0,0,0,0,1,0
4823098,0,0,0,0,0,0,0,0
4823106,0,0,0,0,0,0,0,1
4823626,0,0,0,0,0,0,1,1
4823635,0,0,0,0,0,0,1,0
4824152,0,0,0,0,0,0,0,0
4824159,0,0,0,0,0,0,0,1
4824680,0,0,0,0,0,0,1,1
4824688,0,0,0,0,0,0,1,0
4825206,0,0,0,0,0,0,0,0
4825213,0,0,0,0,0,0,0,1
4825734,0,0,0,0,0,0,1,1
4825742,0,0,0,0,0,0,1,0
4826259,0,0,0,0,0,0,0,0
4826267,0,0,0,0,0,0,0,1
4826788,0,0,0,0,0,0,1,1
4826796,0,0,0,0,0,0,1,0
4827313,0,0,0,0,0,0,0,0
4827321,0,0,0,0,0,0,0,1
4827842,0,0,0,0,0,0,1,1
4827850,0,0,0,0,0,0,1,0
4828366,0,0,0,0,0,0,0,0
4828374,0,0,0,0,0,0,0,1
4828895,0,0,0,0,0,0,1,1
4828903,0,0,0,0,0,0,1,0
4829419,0,0,0,0,0,0,0,0
4829427,0,0,0,0,0,0,0,1
4829947,0,0,0,0,0,0,1,1
4829955,0,0,0,0,0,0,1,0
4830473,0,0,0,0,0,0,0,0
4830481,0,0,0,0,0,0,0,1
4831002,0,0,0,0,0,0,1,1
4831010,0,0,0,0,0,0,1,0
4831526,0,0,0,0,0,0,0,0
4831534,0,0,0,0,0,0,0,1
4832055,0,0,0,0,0,0,1,1
4832063,0,0,0,0,0,0,1,0
4832580,0,0,0,0,0,0,0,0
4832588,0,0,0,0,0,0,0,1
4833109,0,0,0,0,0,0,1,1
4833117,0,0,0,0,0,0,1,0
4833633,0,0,0,0,0,0,0,0
4833641,0,0,0,0,0,0,0,1
4834163,0,0,0,0,0,0,1,1
4834171,0,0,0,0,0,0,1,0
4834687,0,0,0,0,0,0,0,0
4834695,0,0,0,0,0,0,0,1
4835216,0,0,0,0,0,0,1,1
4835225,0,0,0,0,0,0,1,0
4835742,0,0,0,0,0,0,0,0
4835749,0,0,0,0,0,0,0,1
4836271,0,0,0,0,0,0,1,1
4836279,0,0,0,0,0,0,1,0
4836796,0,0,0,0,0,0,0,0
4836804,0,0,0,0,0,0,0,1
4837324,0,0,0,0,0,0,1,1
4837332,0,0,0,0,0,0,1,0
4837849,0,0,0,0,0,0,0,0
4837857,0,0,0,0,0,0,0,1
4838378,0,0,0,0,0,0,1,1
4838385,0,0,0,0,0,0,1,0
4838902,0,0,0,0,0,0,0,0
4838910,0,0,0,0,0,0,0,1
4839431,0,0,0,0,0,0,1,1
4839438,0,0,0,0,0,0,1,0
4839954,0,0,0,0,0,0,0,0
4839962,0,0,0,0,0,0,0,1
4840483,0,0,0,0,0,0,1,1
4840491,0,0,0,0,0,0,1,0
4841007,0,0,0,0,0,0,0,0
4841014,0,0,0,0,0,0,0,1
4841535,0,0,0,0,0,0,1,1
4841543,0,0,0,0,0,0,1,0
4842060,0,0,0,0,0,0,0,0
4842068,0,0,0,0,0,0,0,1
4842588,0,0,0,0,0,0,1,1
4842596,0,0,0,0,0,0,1,0
4843113,0,0,0,0,0,0,0,0
4843121,0,0,0,0,0,0,0,1
4843642,0,0,0,0,0,0,1,1
4843650,0,0,0,0,0,0,1,0
4844167,0,0,0,0,0,0,0,0
4844175,0,0,0,0,0,0,0,1
4844696,0,0,0,0,0,0,1,1
4844703,0,0,0,0,0,0,1,0
4845220,0,0,0,0,0,0,0,0
4845228,0,0,0,0,0,0,0,1
4845748,0,0,0,0,0,0,1,1
4845756,0,0,0,0,0,0,1,0
4846272,0,0,0,0,0,0,0,0
4846279,0,0,0,0,0,0,0,1
4846800,0,0,0,0,0,0,1,1
4846808,0,0,0,0,0,0,1,0
4847325,0,0,0,0,0,0,0,0
4847333,0,0,0,0,0,0,0,1
4847855,0,0,0,0,0,0,1,1
4847863,0,0,0,0,0,0,1,0
4848379,0,0,0,0,0,0,0,0
4848387,0,0,0,0,0,0,0,1
4848907,0,0,0,0,0,0,1,1
4848915,0,0,0,0,0,0,1,0
4849432,0,0,0,0,0,0,0,0
4849440,0,0,0,0,0,0,0,1
4849961,0,0,0,0,0,0,1,1
4849969,0,0,0,0,0,0,1,0
4850485,0,0,0,0,0,0,0,0
4850493,0,0,0,0,0,0,0,1
4851015,0,0,0,0,0,0,1,1
4851023,0,0,0,0,0,0,1,0
4851539,0,0,0,0,0,0,0,0
4851547,0,0,0,0,0,0,0,1
4852068,0,0,0,0,0,0,1,1
4852076,0,0,0,0,0,0,1,0
4852592,0,0,0,0,0,0,0,0
4852600,0,0,0,0,0,0,0,1
4853121,0,0,0,0,0,0,1,1
4853129,0,0,0,0,0,0,1,0
4853645,0,0,0,0,0,0,0,0
4853654,0,0,0,0,0,0,0,1
4854174,0,0,0,0,0,0,1,1
4854182,0,0,0,0,0,0,1,0
4854698,0,0,0,0,0,0,0,0
4854706,0,0,0,0,0,0,0,1
4855227,0,0,0,0,0,0,1,1
4855234,0,0,0,0,0,0,1,0
4855751,0,0,0,0,0,0,0,0
4855758,0,0,0,0,0,0,0,1
4856279,0,0,0,0,0,0,1,1
4856287,0,0,0,0,0,0,1,0
4856804,0,0,0,0,0,0,0,0
4856811,0,0,0,0,0,0,0,1
4857332,0,0,0,0,0,0,1,1
4857340,0,0,0,0,0,0,1,0
4857856,0,0,0,0,0,0,0,0
4857864,0,0,0,0,0,0,0,1
4858385,0,0,0,0,0,0,1,1
4858393,0,0,0,0,0,0,1,0
4858909,0,0,0,0,0,0,0,0
4858917,0,0,0,0,0,0,0,1
4859437,0,0,0,0,0,0,1,1
4859446,0,0,0,0,0,0,1,0
4859963,0,0,0,0,0,0,0,0
4859970,0,0,0,0,0,0,0,1
4860490,0,0,0,0,0,0,1,1
4860499,0,0,0,0,0,0,1,0
4861015,0,0,0,0,0,0,0,0
4861023,0,0,0,0,0,0,0,1
4861543,0,0,0,0,0,0,1,1
4861550,0,0,0,0,0,0,1,0
4862067,0,0,0,0,0,0,0,0
4862074,0,0,0,0,0,0,0,1
4862595,0,0,0,0,0,0,1,1
4862603,0,0,0,0,0,0,1,0
4863120,0,0,0,0,0,0,0,0
4863128,0,0,0,0,0,0,0,1
4863649,0,0,0,0,0,0,1,1
4863657,0,0,0,0,0,0,1,0
4864174,0,0,0,0,0,0,0,0
4864182,0,0,0,0,0,0,0,1
4864702,0,0,0,0,0,0,1,1
4864710,0,0,0,0,0,0,1,0
4865227,0,0,0,0,0,0,0,0
4865235,0,0,0,0,0,0,0,1
4865756,0,0,0,0,0,0,1,1
4865764,0,0,0,0,0,0,1,0
4866280,0,0,0,0,0,0,0,0
4866288,0,0,0,0,0,0,0,1
4866807,0,0,0,0,0,0,1,1
4866816,0,0,0,0,0,0,1,0
4867333,0,0,0,0,0,0,0,0
4867340,0,0,0,0,0,0,0,1
4867861,0,0,0,0,0,0,1,1
4867869,0,0,0,0,0,0,1,0
4868386,0,0,0,0,0,0,0,0
4868394,0,0,0,0,0,0,0,1
4868915,0,0,0,0,0,0,1,1
4868922,0,0,0,0,0,0,1,0
4869440,0,0,0,0,0,0,0,0
4869447,0,0,0,0,0,0,0,1
4869969,0,0,0,0,0,0,1,1
4869977,0,0,0,0,0,0,1,0
4870493,0,0,0,0,0,0,0,0
4870501,0,0,0,0,0,0,0,1
4871023,0,0,0,0,0,0,1,1
4871031,0,0,0,0,0,0,1,0
4871547,0,0,0,0,0,0,0,0
4871555,0,0,0,0,0,0,0,1
4872075,0,0,0,0,0,0,1,1
4872083,0,0,0,0,0,0,1,0
4872600,0,0,0,0,0,0,0,0
4872607,0,0,0,0,0,0,0,1
4873129,0,0,0,0,0,0,1,1
4873136,0,0,0,0,0,0,1,0
4873654,0,0,0,0,0,0,0,0
4873661,0,0,0,0,0,0,0,1
4874181,0,0,0,0,0,0,1,1
4874190,0,0,0,0,0,0,1,0
4874706,0,0,0,0,0,0,0,0
4874713,0,0,0,0,0,0,0,1
4875233,0,0,0,0,0,0,1,1
4875241,0,0,0,0,0,0,1,0
4875758,0,0,0,0,0,0,0,0
4875765,0,0,0,0,0,0,0,1
4876286,0,0,0,0,0,0,1,1
4876294,0,0,0,0,0,0,1,0
4876811,0,0,0,0,0,0,0,0
4876819,0,0,0,0,0,0,0,1
4877339,0,0,0,0,0,0,1,1
4877348,0,0,0,0,0,0,1,0
4877865,0,0,0,0,0,0,0,0
4877873,0,0,0,0,0,0,0,1
4878393,0,0,0,0,0,0,1,1
4878401,0,0,0,0,0,0,1,0
4878918,0,0,0,0,0,0,0,0
4878926,0,0,0,0,0,0,0,1
4879446,0,0,0,0,0,0,1,1
4879454,0,0,0,0,0,0,1,0
4879972,0,0,0,0,0,0,0,0
4879980,0,0,0,0,0,0,0,1
4880501,0,0,0,0,0,0,1,1
4880509,0,0,0,0,0,0,1,0
4881026,0,0,0,0,0,0,0,0
4881034,0,0,0,0,0,0,0,1
4881554,0,0,0,0,0,0,1,1
4881563,0,0,0,0,0,0,1,0
4882080,0,0,0,0,0,0,0,0
4882088,0,0,0,0,0,0,0,1
4882608,0,0,0,0,0,0,1,1
4882616,0,0,0,0,0,0,1,0
4883133,0,0,0,0,0,0,0,0
4883141,0,0,0,0,0,0,0,1
4883662,0,0,0,0,0,0,1,1
4883670,0,0,0,0,0,0,1,0
4884186,0,0,0,0,0,0,0,0
4884194,0,0,0,0,0,0,0,1
4884714,0,0,0,0,0,0,1,1
4884723,0,0,0,0,0,0,1,0
4885240,0,0,0,0,0,0,0,0
4885248,0,0,0,0,0,0,0,1
4885768,0,0,0,0,0,0,1,1
4885776,0,0,0,0,0,0,1,0
4886293,0,0,0,0,0,0,0,0
4886301,0,0,0,0,0,0,0,1
4886821,0,0,0,0,0,0,1,1
4886829,0,0,0,0,0,0,1,0
4887346,0,0,0,0,0,0,0,0
4887354,0,0,0,0,0,0,0,1
4887875,0,0,0,0,0,0,1,1
4887884,0,0,0,0,0,0,1,0
4888401,0,0,0,0,0,0,0,0
4888409,0,0,0,0,0,0,0,1
4888930,0,0,0,0,0,0,1,1
4888938,0,0,0,0,0,0,1,0
4889456,0,0,0,0,0,0,0,0
4889463,0,0,0,0,0,0,0,1
4889985,0,0,0,0,0,0,1,1
4889993,0,0,0,0,0,0,1,0
4890510,0,0,0,0,0,0,0,0
4890517,0,0,0,0,0,0,0,1
4891039,0,0,0,0,0,0,1,1
4891046,0,0,0,0,0,0,1,0
4891563,0,0,0,0,0,0,0,0
4891571,0,0,0,0,0,0,0,1
4892093,0,0,0,0,0,0,1,1
4892100,0,0,0,0,0,0,1,0
4892617,0,0,0,0,0,0,0,0
4892624,0,0,0,0,0,0,0,1
4893146,0,0,0,0,0,0,1,1
4893154,0,0,0,0,0,0,1,0
4893671,0,0,0,0,0,0,0,0
4893678,0,0,0,0,0,0,0,1
4894199,0,0,0,0,0,0,1,1
4894207,0,0,0,0,0,0,1,0
4894723,0,0,0,0,0,0,0,0
4894731,0,0,0,0,0,0,0,1
4895252,0,0,0,0,0,0,1,1
4895259,0,0,0,0,0,0,1,0
4895775,0,0,0,0,0,0,0,0
4895783,0,0,0,0,0,0,0,1
4896303,0,0,0,0,0,0,1,1
4896311,0,0,0,0,0,0,1,0
4896829,0,0,0,0,0,0,0,0
4896837,0,0,0,0,0,0,0,1
4897357,0,0,0,0,0,0,1,1
4897364,0,0,0,0,0,0,1,0
4897881,0,0,0,0,0,0,0,0
4897889,0,0,0,0,0,0,0,1
4898410,0,0,0,0,0,0,1,1
4898418,0,0,0,0,0,0,1,0
4898935,0,0,0,0,0,0,0,0
4898943,0,0,0,0,0,0,0,1
4899464,0,0,0,0,0,0,1,1
4899472,0,0,0,0,0,0,1,0
4899989,0,0,0,0,0,0,0,0
4899997,0,0,0,0,0,0,0,1
4900518,0,0,0,0,0,0,1,1
4900525,0,0,0,0,0,0,1,0
4901042,0,0,0,0,0,0,0,0
4901050,0,0,0,0,0,0,0,1
4901570,0,0,0,0,0,0,1,1
4901578,0,0,0,0,0,0,1,0
4902094,0,0,0,0,0,0,0,0
4902101,0,0,0,0,0,0,0,1
4902622,0,0,0,0,0,0,1,1
4902630,0,0,0,0,0,0,1,0
4903147,0,0,0,0,0,0,0,0
4903155,0,0,0,0,0,0,0,1
4903676,0,0,0,0,0,0,1,1
4903684,0,0,0,0,0,0,1,0
4904200,0,0,0,0,0,0,0,0
4904208,0,0,0,0,0,0,0,1
4904728,0,0,0,0,0,0,1,1
4904736,0,0,0,0,0,0,1,0
4905253,0,0,0,0,0,0,0,0
4905261,0,0,0,0,0,0,0,1
4905780,0,0,0,0,0,0,1,1
4905789,0,0,0,0,0,0,1,0
4906305,0,0,0,0,0,0,0,0
4906313,0,0,0,0,0,0,0,1
4906834,0,0,0,0,0,0,1,1
4906842,0,0,0,0,0,0,1,0
4907359,0,0,0,0,0,0,0,0
4907367,0,0,0,0,0,0,0,1
4907887,0,0,0,0,0,0,1,1
4907895,0,0,0,0,0,0,1,0
4908412,0,0,0,0,0,0,0,0
4908420,0,0,0,0,0,0,0,1
4908941,0,0,0,0,0,0,1,1
4908949,0,0,0,0,0,0,1,0
4909467,0,0,0,0,0,0,0,0
4909475,0,0,0,0,0,0,0,1
4909995,0,0,0,0,0,0,1,1
4910004,0,0,0,0,0,0,1,0
4910520,0,0,0,0,0,0,0,0
4910528,0,0,0,0,0,0,0,1
4911049,0,0,0,0,0,0,1,1
4911057,0,0,0,0,0,0,1,0
4911575,0,0,0,0,0,0,0,0
4911583,0,0,0,0,0,0,0,1
4912104,0,0,0,0,0,0,1,1
4912112,0,0,0,0,0,0,1,0
4912628,0,0,0,0,0,0,0,0
4912636,0,0,0,0,0,0,0,1
4913157,0,0,0,0,0,0,1,1
4913165,0,0,0,0,0,0,1,0
4913682,0,0,0,0,0,0,0,0
4913690,0,0,0,0,0,0,0,1
4914211,0,0,0,0,0,0,1,1
4914219,0,0,0,0,0,0,1,0
4914734,0,0,0,0,0,0,0,0
4914742,0,0,0,0,0,0,0,1
4915262,0,0,0,0,0,0,1,1
4915270,0,0,0,0,0,0,1,0
4915787,0,0,0,0,0,0,0,0
4915795,0,0,0,0,0,0,0,1
4916316,0,0,0,0,0,0,1,1
4916324,0,0,0,0,0,0,1,0
4916841,0,0,0,0,0,0,0,0
4916849,0,0,0,0,0,0,0,1
4917370,0,0,0,0,0,0,1,1
4917378,0,0,0,0,0,0,1,0
4917895,0,0,0,0,0,0,0,0
4917903,0,0,0,0,0,0,0,1
4918424,0,0,0,0,0,0,1,1
4918432,0,0,0,0,0,0,1,0
4918949,0,0,0,0,0,0,0,0
4918957,0,0,0,0,0,0,0,1
4919478,0,0,0,0,0,0,1,1
4919485,0,0,0,0,0,0,1,0
4920002,0,0,0,0,0,0,0,0
4920010,0,0,0,0,0,0,0,1
4920530,0,0,0,0,0,0,1,1
4920537,0,0,0,0,0,0,1,0
4921054,0,0,0,0,0,0,0,0
4921061,0,0,0,0,0,0,0,1
4921582,0,0,0,0,0,0,1,1
4921589,0,0,0,0,0,0,1,0
4922106,0,0,0,0,0,0,0,0
4922114,0,0,0,0,0,0,0,1
4922634,0,0,0,0,0,0,1,1
4922643,0,0,0,0,0,0,1,0
4923160,0,0,0,0,0,0,0,0
4923168,0,0,0,0,0,0,0,1
4923689,0,0,0,0,0,0,1,1
4923697,0,0,0,0,0,0,1,0
4924215,0,0,0,0,0,0,0,0
4924222,0,0,0,0,0,0,0,1
4924743,0,0,0,0,0,0,1,1
4924751,0,0,0,0,0,0,1,0
4925269,0,0,0,0,0,0,0,0
4925277,0,0,0,0,0,0,0,1
4925797,0,0,0,0,0,0,1,1
4925805,0,0,0,0,0,0,1,0
4926322,0,0,0,0,0,0,0,0
4926330,0,0,0,0,0,0,0,1
4926850,0,0,0,0,0,0,1,1
4926858,0,0,0,0,0,0,1,0
4927376,0,0,0,0,0,0,0,0
4927384,0,0,0,0,0,0,0,1
4927905,0,0,0,0,0,0,1,1
4927913,0,0,0,0,0,0,1,0
4928429,0,0,0,0,0,0,0,0
4928437,0,0,0,0,0,0,0,1
4928958,0,0,0,0,0,0,1,1
4928966,0,0,0,0,0,0,1,0
4929483,0,0,0,0,0,0,0,0
4929491,0,0,0,0,0,0,0,1
4930011,0,0,0,0,0,0,1,1
4930020,0,0,0,0,0,0,1,0
4930537,0,0,0,0,0,0,0,0
4930545,0,0,0,0,0,0,0,1
4931065,0,0,0,0,0,0,1,1
4931074,0,0,0,0,0,0,1,0
4931589,0,0,0,0,0,0,0,0
4931597,0,0,0,0,0,0,0,1
4932117,0,0,0,0,0,0,1,1
4932125,0,0,0,0,0,0,1,0
4932642,0,0,0,0,0,0,0,0
4932649,0,0,0,0,0,0,0,1
4933169,0,0,0,0,0,0,1,1
4933177,0,0,0,0,0,0,1,0
4933695,0,0,0,0,0,0,0,0
4933703,0,0,0,0,0,0,0,1
4934224,0,0,0,0,0,0,1,1
4934232,0,0,0,0,0,0,1,0
4934749,0,0,0,0,0,0,0,0
4934757,0,0,0,0,0,0,0,1
4935278,0,0,0,0,0,0,1,1
4935286,0,0,0,0,0,0,1,0
4935802,0,0,0,0,0,0,0,0
4935810,0,0,0,0,0,0,0,1
4936331,0,0,0,0,0,0,1,1
4936339,0,0,0,0,0,0,1,0
4936854,0,0,0,0,0,0,0,0
4936862,0,0,0,0,0,0,0,1
4937383,0,0,0,0,0,0,1,1
4937391,0,0,0,0,0,0,1,0
4937908,0,0,0,0,0,0,0,0
4937915,0,0,0,0,0,0,0,1
4938436,0,0,0,0,0,0,1,1
4938444,0,0,0,0,0,0,1,0
4938959,0,0,0,0,0,0,0,0
4938967,0,0,0,0,0,0,0,1
4939488,0,0,0,0,0,0,1,1
4939496,0,0,0,0,0,0,1,0
4940013,0,0,0,0,0,0,0,0
4940021,0,0,0,0,0,0,0,1
4940542,0,0,0,0,0,0,1,1
4940550,0,0,0,0,0,0,1,0
4941067,0,0,0,0,0,0,0,0
4941075,0,0,0,0,0,0,0,1
4941596,0,0,0,0,0,0,1,1
4941604,0,0,0,0,0,0,1,0
4942122,0,0,0,0,0,0,0,0
4942129,0,0,0,0,0,0,0,1
4942650,0,0,0,0,0,0,1,1
4942658,0,0,0,0,0,0,1,0
4943176,0,0,0,0,0,0,0,0
4943183,0,0,0,0,0,0,0,1
4943704,0,0,0,0,0,0,1,1
4943712,0,0,0,0,0,0,1,0
4944230,0,0,0,0,0,0,0,0
4944238,0,0,0,0,0,0,0,1
4944759,0,0,0,0,0,0,1,1
4944767,0,0,0,0,0,0,1,0
4945284,0,0,0,0,0,0,0,0
4945292,0,0,0,0,0,0,0,1
4945813,0,0,0,0,0,0,1,1
4945821,0,0,0,0,0,0,1,0
4946337,0,0,0,0,0,0,0,0
4946345,0,0,0,0,0,0,0,1
4946866,0,0,0,0,0,0,1,1
4946873,0,0,0,0,0,0,1,0
4947390,0,0,0,0,0,0,0,0
4947398,0,0,0,0,0,0,0,1
4947918,0,0,0,0,0,0,1,1
4947926,0,0,0,0,0,0,1,0
4948442,0,0,0,0,0,0,0,0
4948450,0,0,0,0,0,0,0,1
4948971,0,0,0,0,0,0,1,1
4948979,0,0,0,0,0,0,1,0
4949497,0,0,0,0,0,0,0,0
4949505,0,0,0,0,0,0,0,1
4950026,0,0,0,0,0,0,1,1
4950034,0,0,0,0,0,0,1,0
4950550,0,0,0,0,0,0,0,0
4950558,0,0,0,0,0,0,0,1
4951078,0,0,0,0,0,0,1,1
4951087,0,0,0,0,0,0,1,0
4951603,0,0,0,0,0,0,0,0
4951611,0,0,0,0,0,0,0,1
4952132,0,0,0,0,0,0,1,1
4952140,0,0,0,0,0,0,1,0
4952656,0,0,0,0,0,0,0,0
4952663,0,0,0,0,0,0,0,1
4953183,0,0,0,0,0,0,1,1
4953191,0,0,0,0,0,0,1,0
4953708,0,0,0,0,0,0,0,0
4953716,0,0,0,0,0,0,0,1
4954237,0,0,0,0,0,0,1,1
4954245,0,0,0,0,0,0,1,0
4954761,0,0,0,0,0,0,0,0
4954769,0,0,0,0,0,0,0,1
4955290,0,0,0,0,0,0,1,1
4955298,0,0,0,0,0,0,1,0
4955814,0,0,0,0,0,0,0,0
4955822,0,0,0,0,0,0,0,1
4956343,0,0,0,0,0,0,1,1
4956351,0,0,0,0,0,0,1,0
4956867,0,0,0,0,0,0,0,0
4956875,0,0,0,0,0,0,0,1
4957396,0,0,0,0,0,0,1,1
4957404,0,0,0,0,0,0,1,0
4957921,0,0,0,0,0,0,0,0
4957929,0,0,0,0,0,0,0,1
4958449,0,0,0,0,0,0,1,1
4958457,0,0,0,0,0,0,1,0
4958973,0,0,0,0,0,0,0,0
4958981,0,0,0,0,0,0,0,1
4959502,0,0,0,0,0,0,1,1
4959510,0,0,0,0,0,0,1,0
4960027,0,0,0,0,0,0,0,0
4960034,0,0,0,0,0,0,0,1
4960555,0,0,0,0,0,0,1,1
4960563,0,0,0,0,0,0,1,0
4961080,0,0,0,0,0,0,0,0
4961088,0,0,0,0,0,0,0,1
4961608,0,0,0,0,0,0,1,1
4961616,0,0,0,0,0,0,1,0
4962134,0,0,0,0,0,0,0,0
4962142,0,0,0,0,0,0,0,1
4962664,0,0,0,0,0,0,1,1
4962672,0,0,0,0,0,0,1,0
4963188,0,0,0,0,0,0,0,0
4963196,0,0,0,0,0,0,0,1
4963716,0,0,0,0,0,0,1,1
4963724,0,0,0,0,0,0,1,0
4964241,0,0,0,0,0,0,0,0
4964249,0,0,0,0,0,0,0,1
4964769,0,0,0,0,0,0,1,1
4964777,0,0,0,0,0,0,1,0
4965294,0,0,0,0,0,0,0,0
4965302,0,0,0,0,0,0,0,1
4965823,0,0,0,0,0,0,1,1
4965831,0,0,0,0,0,0,1,0
4966347,0,0,0,0,0,0,0,0
4966354,0,0,0,0,0,0,0,1
4966875,0,0,0,0,0,0,1,1
4966883,0,0,0,0,0,0,1,0
4967399,0,0,0,0,0,0,0,0
4967407,0,0,0,0,0,0,0,1
4967927,0,0,0,0,0,0,1,1
4967935,0,0,0,0,0,0,1,0
4968452,0,0,0,0,0,0,0,0
4968460,0,0,0,0,0,0,0,1
4968980,0,0,0,0,0,0,1,1
4968988,0,0,0,0,0,0,1,0
4969505,0,0,0,0,0,0,0,0
4969512,0,0,0,0,0,0,0,1
4970034,0,0,0,0,0,0,1,1
4970042,0,0,0,0,0,0,1,0
4970559,0,0,0,0,0,0,0,0
4970567,0,0,0,0,0,0,0,1
4971087,0,0,0,0,0,0,1,1
4971096,0,0,0,0,0,0,1,0
4971611,0,0,0,0,0,0,0,0
4971619,0,0,0,0,0,0,0,1
4972140,0,0,0,0,0,0,1,1
4972148,0,0,0,0,0,0,1,0
4972664,0,0,0,0,0,0,0,0
4972672,0,0,0,0,0,0,0,1
4973193,0,0,0,0,0,0,1,1
4973201,0,0,0,0,0,0,1,0
4973717,0,0,0,0,0,0,0,0
4973725,0,0,0,0,0,0,0,1
4974245,0,0,0,0,0,0,1,1
4974253,0,0,0,0,0,0,1,0
4974770,0,0,0,0,0,0,0,0
4974778,0,0,0,0,0,0,0,1
4975298,0,0,0,0,0,0,1,1
4975306,0,0,0,0,0,0,1,0
4975822,0,0,0,0,0,0,0,0
4975829,0,0,0,0,0,0,0,1
4976350,0,0,0,0,0,0,1,1
4976358,0,0,0,0,0,0,1,0
4976875,0,0,0,0,0,0,0,0
4976882,0,0,0,0,0,0,0,1
4977403,0,0,0,0,0,0,1,1
4977411,0,0,0,0,0,0,1,0
4977928,0,0,0,0,0,0,0,0
4977935,0,0,0,0,0,0,0,1
4978456,0,0,0,0,0,0,1,1
4978465,0,0,0,0,0,0,1,0
4978982,0,0,0,0,0,0,0,0
4978989,0,0,0,0,0,0,0,1
4979511,0,0,0,0,0,0,1,1
4979518,0,0,0,0,0,0,1,0
4980035,0,0,0,0,0,0,0,0
4980043,0,0,0,0,0,0,0,1
4980563,0,0,0,0,0,0,1,1
4980571,0,0,0,0,0,0,1,0
4981088,0,0,0,0,0,0,0,0
4981096,0,0,0,0,0,0,0,1
4981616,0,0,0,0,0,0,1,1
4981624,0,0,0,0,0,0,1,0
4982141,0,0,0,0,0,0,0,0
4982149,0,0,0,0,0,0,0,1
4982670,0,0,0,0,0,0,1,1
4982678,0,0,0,0,0,0,1,0
4983195,0,0,0,0,0,0,0,0
4983203,0,0,0,0,0,0,0,1
4983723,0,0,0,0,0,0,1,1
4983731,0,0,0,0,0,0,1,0
4984247,0,0,0,0,0,0,0,0
4984255,0,0,0,0,0,0,0,1
4984775,0,0,0,0,0,0,1,1
4984783,0,0,0,0,0,0,1,0
4985300,0,0,0,0,0,0,0,0
4985307,0,0,0,0,0,0,0,1
4985829,0,0,0,0,0,0,1,1
4985836,0,0,0,0,0,0,1,0
4986352,0,0,0,0,0,0,0,0
4986360,0,0,0,0,0,0,0,1
4986880,0,0,0,0,0,0,1,1
4986888,0,0,0,0,0,0,1,0
4987405,0,0,0,0,0,0,0,0
4987412,0,0,0,0,0,0,0,1
4987932,0,0,0,0,0,0,1,1
4987940,0,0,0,0,0,0,1,0
4988459,0,0,0,0,0,0,0,0
4988466,0,0,0,0,0,0,0,1
4988987,0,0,0,0,0,0,1,1
4988996,0,0,0,0,0,0,1,0
4989513,0,0,0,0,0,0,0,0
4989520,0,0,0,0,0,0,0,1
4990041,0,0,0,0,0,0,1,1
4990049,0,0,0,0,0,0,1,0
4990565,0,0,0,0,0,0,0,0
4990572,0,0,0,0,0,0,0,1
4991092,0,0,0,0,0,0,1,1
4991101,0,0,0,0,0,0,1,0
4991618,0,0,0,0,0,0,0,0
4991626,0,0,0,0,0,0,0,1
4992147,0,0,0,0,0,0,1,1
4992155,0,0,0,0,0,0,1,0
4992672,0,0,0,0,0,0,0,0
4992680,0,0,0,0,0,0,0,1
4993200,0,0,0,0,0,0,1,1
4993208,0,0,0,0,0,0,1,0
4993724,0,0,0,0,0,0,0,0
4993732,0,0,0,0,0,0,0,1
4994252,0,0,0,0,0,0,1,1
4994260,0,0,0,0,0,0,1,0
4994778,0,0,0,0,0,0,0,0
4994785,0,0,0,0,0,0,0,1
4995306,0,0,0,0,0,0,1,1
4995314,0,0,0,0,0,0,1,0
4995832,0,0,0,0,0,0,0,0
4995839,0,0,0,0,0,0,0,1
4996362,0,0,0,0,0,0,1,1
4996370,0,0,0,0,0,0,1,0
4996887,0,0,0,0,0,0,0,0
4996895,0,0,0,0,0,0,0,1
4997415,0,0,0,0,0,0,1,1
4997424,0,0,0,0,0,0,1,0
4997940,0,0,0,0,0,0,0,0
4997947,0,0,0,0,0,0,0,1
4998468,0,0,0,0,0,0,1,1
4998476,0,0,0,0,0,0,1,0
4998993,0,0,0,0,0,0,0,0
4999001,0,0,0,0,0,0,0,1
4999522,0,0,0,0,0,0,1,1
4999530,0,0,0,0,0,0,1,0
5000048,0,0,0,0,0,0,0,0
5000055,0,0,0,0,0,0,0,1
5000576,0,0,0,0,0,0,1,1
5000584,0,0,0,0,0,0,1,0
5001100,0,0,0,0,0,0,0,0
5001108,0,0,0,0,0,0,0,1
5001629,0,0,0,0,0,0,1,1
5001637,0,0,0,0,0,0,1,0
5002153,0,0,0,0,0,0,0,0
5002160,0,0,0,0,0,0,0,1
5002681,0,0,0,0,0,0,1,1
5002689,0,0,0,0,0,0,1,0
5003207,0,0,0,0,0,0,0,0
5003215,0,0,0,0,0,0,0,1
5003736,0,0,0,0,0,0,1,1
5003743,0,0,0,0,0,0,1,0
5004260,0,0,0,0,0,0,0,0
5004268,0,0,0,0,0,0,0,1
5004788,0,0,0,0,0,0,1,1
5004796,0,0,0,0,0,0,1,0
5005313,0,0,0,0,0,0,0,0
5005320,0,0,0,0,0,0,0,1
5005841,0,0,0,0,0,0,1,1
5005849,0,0,0,0,0,0,1,0
5006365,0,0,0,0,0,0,0,0
5006373,0,0,0,0,0,0,0,1
5006894,0,0,0,0,0,0,1,1
5006902,0,0,0,0,0,0,1,0
5007419,0,0,0,0,0,0,0,0
5007427,0,0,0,0,0,0,0,1
5007947,0,0,0,0,0,0,1,1
5007955,0,0,0,0,0,0,1,0
5008471,0,0,0,0,0,0,0,0
5008479,0,0,0,0,0,0,0,1
5009000,0,0,0,0,0,0,1,1
5009008,0,0,0,0,0,0,1,0
5009524,0,0,0,0,0,0,0,0
5009532,0,0,0,0,0,0,0,1
5010052,0,0,0,0,0,0,1,1
5010060,0,0,0,0,0,0,1,0
5010578,0,0,0,0,0,0,0,0
5010585,0,0,0,0,0,0,0,1
5011105,0,0,0,0,0,0,1,1
5011113,0,0,0,0,0,0,1,0
5011630,0,0,0,0,0,0,0,0
5011638,0,0,0,0,0,0,0,1
5012159,0,0,0,0,0,0,1,1
5012167,0,0,0,0,0,0,1,0
5012684,0,0,0,0,0,0,0,0
5012692,0,0,0,0,0,0,0,1
5013212,0,0,0,0,0,0,1,1
5013219,0,0,0,0,0,0,1,0
5013736,0,0,0,0,0,0,0,0
5013744,0,0,0,0,0,0,0,1
5014264,0,0,0,0,0,0,1,1
5014272,0,0,0,0,0,0,1,0
5014789,0,0,0,0,0,0,0,0
5014796,0,0,0,0,0,0,0,1
5015317,0,0,0,0,0,0,1,1
5015325,0,0,0,0,0,0,1,0
5015841,0,0,0,0,0,0,0,0
5015848,0,0,0,0,0,0,0,1
5016369,0,0,0,0,0,0,1,1
5016377,0,0,0,0,0,0,1,0
5016893,0,0,0,0,0,0,0,0
5016901,0,0,0,0,0,0,0,1
5017421,0,0,0,0,0,0,1,1
5017429,0,0,0,0,0,0,1,0
5017946,0,0,0,0,0,0,0,0
5017954,0,0,0,0,0,0,0,1
5018474,0,0,0,0,0,0,1,1
5018482,0,0,0,0,0,0,1,0
5018998,0,0,0,0,0,0,0,0
5019006,0,0,0,0,0,0,0,1
5019527,0,0,0,0,0,0,1,1
5019535,0,0,0,0,0,0,1,0
5020052,0,0,0,0,0,0,0,0
5020059,0,0,0,0,0,0,0,1
5020580,0,0,0,0,0,0,1,1
5020588,0,0,0,0,0,0,1,0
5021106,0,0,0,0,0,0,0,0
5021114,0,0,0,0,0,0,0,1
5021635,0,0,0,0,0,0,1,1
5021643,0,0,0,0,0,0,1,0
5022159,0,0,0,0,0,0,0,0
5022167,0,0,0,0,0,0,0,1
5022688,0,0,0,0,0,0,1,1
5022695,0,0,0,0,0,0,1,0
5023213,0,0,0,0,0,0,0,0
5023221,0,0,0,0,0,0,0,1
5023741,0,0,0,0,0,0,1,1
5023749,0,0,0,0,0,0,1,0
5024267,0,0,0,0,0,0,0,0
5024275,0,0,0,0,0,0,0,1
5024796,0,0,0,0,0,0,1,1
5024804,0,0,0,0,0,0,1,0
5025320,0,0,0,0,0,0,0,0
5025328,0,0,0,0,0,0,0,1
5025848,0,0,0,0,0,0,1,1
5025856,0,0,0,0,0,0,1,0
5026374,0,0,0,0,0,0,0,0
5026381,0,0,0,0,0,0,0,1
5026903,0,0,0,0,0,0,1,1
5026911,0,0,0,0,0,0,1,0
5027428,0,0,0,0,0,0,0,0
5027436,0,0,0,0,0,0,0,1
5027956,0,0,0,0,0,0,1,1
5027964,0,0,0,0,0,0,1,0
5028481,0,0,0,0,0,0,0,0
5028488,0,0,0,0,0,0,0,1
5029009,0,0,0,0,0,0,1,1
5029017,0,0,0,0,0,0,1,0
5029533,0,0,0,0,0,0,0,0
5029541,0,0,0,0,0,0,0,1
5030061,0,0,0,0,0,0,1,1
5030070,0,0,0,0,0,0,1,0
5030587,0,0,0,0,0,0,0,0
5030595,0,0,0,0,0,0,0,1
5031116,0,0,0,0,0,0,1,1
5031124,0,0,0,0,0,0,1,0
5031640,0,0,0,0,0,0,0,0
5031648,0,0,0,0,0,0,0,1
5032169,0,0,0,0,0,0,1,1
5032177,0,0,0,0,0,0,1,0
5032693,0,0,0,0,0,0,0,0
5032700,0,0,0,0,0,0,0,1
5033221,0,0,0,0,0,0,1,1
5033228,0,0,0,0,0,0,1,0
5033745,0,0,0,0,0,0,0,0
5033753,0,0,0,0,0,0,0,1
5034273,0,0,0,0,0,0,1,1
5034281,0,0,0,0,0,0,1,0
5034799,0,0,0,0,0,0,0,0
5034807,0,0,0,0,0,0,0,1
5035327,0,0,0,0,0,0,1,1
5035334,0,0,0,0,0,0,1,0
5035851,0,0,0,0,0,0,0,0
5035859,0,0,0,0,0,0,0,1
5036379,0,0,0,0,0,0,1,1
5036388,0,0,0,0,0,0,1,0
5036904,0,0,0,0,0,0,0,0
5036912,0,0,0,0,0,0,0,1
5037432,0,0,0,0,0,0,1,1
5037440,0,0,0,0,0,0,1,0
5037956,0,0,0,0,0,0,0,0
5037964,0,0,0,0,0,0,0,1
5038484,0,0,0,0,0,0,1,1
5038492,0,0,0,0,0,0,1,0
5039010,0,0,0,0,0,0,0,0
5039018,0,0,0,0,0,0,0,1
5039539,0,0,0,0,0,0,1,1
5039547,0,0,0,0,0,0,1,0
5040064,0,0,0,0,0,0,0,0
5040071,0,0,0,0,0,0,0,1
5040592,0,0,0,0,0,0,1,1
5040600,0,0,0,0,0,0,1,0
5041116,0,0,0,0,0,0,0,0
5041124,0,0,0,0,0,0,0,1
5041644,0,0,0,0,0,0,1,1
5041652,0,0,0,0,0,0,1,0
5042170,0,0,0,0,0,0,0,0
5042177,0,0,0,0,0,0,0,1
5042699,0,0,0,0,0,0,1,1
5042706,0,0,0,0,0,0,1,0
5043223,0,0,0,0,0,0,0,0
5043231,0,0,0,0,0,0,0,1
5043751,0,0,0,0,0,0,1,1
5043759,0,0,0,0,0,0,1,0
5044276,0,0,0,0,0,0,0,0
5044283,0,0,0,0,0,0,0,1
5044804,0,0,0,0,0,0,1,1
5044812,0,0,0,0,0,0,1,0
5045328,0,0,0,0,0,0,0,0
5045336,0,0,0,0,0,0,0,1
5045856,0,0,0,0,0,0,1,1
5045864,0,0,0,0,0,0,1,0
5046381,0,0,0,0,0,0,0,0
5046388,0,0,0,0,0,0,0,1
5046908,0,0,0,0,0,0,1,1
5046916,0,0,0,0,0,0,1,0
5047434,0,0,0,0,0,0,0,0
5047442,0,0,0,0,0,0,0,1
5047961,0,0,0,0,0,0,1,1
5047969,0,0,0,0,0,0,1,0
5048486,0,0,0,0,0,0,0,0
5048493,0,0,0,0,0,0,0,1
5049014,0,0,0,0,0,0,1,1
5049022,0,0,0,0,0,0,1,0
5049538,0,0,0,0,0,0,0,0
5049545,0,0,0,0,0,0,0,1
5050066,0,0,0,0,0,0,1,1
5050074,0,0,0,0,0,0,1,0
5050591,0,0,0,0,0,0,0,0
5050599,0,0,0,0,0,0,0,1
5051120,0,0,0,0,0,0,1,1
5051128,0,0,0,0,0,0,1,0
5051645,0,0,0,0,0,0,0,0
5051653,0,0,0,0,0,0,0,1
5052174,0,0,0,0,0,0,1,1
5052182,0,0,0,0,0,0,1,0
5052698,0,0,0,0,0,0,0,0
5052705,0,0,0,0,0,0,0,1
5053226,0,0,0,0,0,0,1,1
5053234,0,0,0,0,0,0,1,0
5053751,0,0,0,0,0,0,0,0
5053759,0,0,0,0,0,0,0,1
5054280,0,0,0,0,0,0,1,1
5054288,0,0,0,0,0,0,1,0
5054804,0,0,0,0,0,0,0,0
5054812,0,0,0,0,0,0,0,1
5055332,0,0,0,0,0,0,1,1
5055340,0,0,0,0,0,0,1,0
5055857,0,0,0,0,0,0,0,0
5055865,0,0,0,0,0,0,0,1
5056386,0,0,0,0,0,0,1,1
5056394,0,0,0,0,0,0,1,0
5056911,0,0,0,0,0,0,0,0
5056919,0,0,0,0,0,0,0,1
5057439,0,0,0,0,0,0,1,1
5057447,0,0,0,0,0,0,1,0
5057964,0,0,0,0,0,0,0,0
5057972,0,0,0,0,0,0,0,1
5058492,0,0,0,0,0,0,1,1
5058500,0,0,0,0,0,0,1,0
5059018,0,0,0,0,0,0,0,0
5059025,0,0,0,0,0,0,0,1
5059547,0,0,0,0,0,0,1,1
5059555,0,0,0,0,0,0,1,0
5060072,0,0,0,0,0,0,0,0
5060080,0,0,0,0,0,0,0,1
5060600,0,0,0,0,0,0,1,1
5060608,0,0,0,0,0,0,1,0
5061126,0,0,0,0,0,0,0,0
5061133,0,0,0,0,0,0,0,1
5061655,0,0,0,0,0,0,1,1
5061663,0,0,0,0,0,0,1,0
5062179,0,0,0,0,0,0,0,0
5062187,0,0,0,0,0,0,0,1
5062707,0,0,0,0,0,0,1,1
5062716,0,0,0,0,0,0,1,0
5063233,0,0,0,0,0,0,0,0
5063240,0,0,0,0,0,0,0,1
5063760,0,0,0,0,0,0,1,1
5063768,0,0,0,0,0,0,1,0
5064284,0,0,0,0,0,0,0,0
5064292,0,0,0,0,0,0,0,1
5064812,0,0,0,0,0,0,1,1
5064820,0,0,0,0,0,0,1,0
5065337,0,0,0,0,0,0,0,0
5065345,0,0,0,0,0,0,0,1
5065866,0,0,0,0,0,0,1,1
5065873,0,0,0,0,0,0,1,0
5066391,0,0,0,0,0,0,0,0
5066399,0,0,0,0,0,0,0,1
5066918,0,0,0,0,0,0,1,1
5066926,0,0,0,0,0,0,1,0
5067443,0,0,0,0,0,0,0,0
5067451,0,0,0,0,0,0,0,1
5067972,0,0,0,0,0,0,1,1
5067980,0,0,0,0,0,0,1,0
5068496,0,0,0,0,0,0,0,0
5068504,0,0,0,0,0,0,0,1
5069023,0,0,0,0,0,0,1,1
5069031,0,0,0,0,0,0,1,0
5069548,0,0,0,0,0,0,0,0
5069556,0,0,0,0,0,0,0,1
5070077,0,0,0,0,0,0,1,1
5070085,0,0,0,0,0,0,1,0
5070601,0,0,0,0,0,0,0,0
5070608,0,0,0,0,0,0,0,1
5071129,0,0,0,0,0,0,1,1
5071137,0,0,0,0,0,0,1,0
5071654,0,0,0,0,0,0,0,0
5071662,0,0,0,0,0,0,0,1
5072182,0,0,0,0,0,0,1,1
5072190,0,0,0,0,0,0,1,0
5072707,0,0,0,0,0,0,0,0
5072715,0,0,0,0,0,0,0,1
5073236,0,0,0,0,0,0,1,1
5073245,0,0,0,0,0,0,1,0
5073761,0,0,0,0,0,0,0,0
5073768,0,0,0,0,0,0,0,1
5074289,0,0,0,0,0,0,1,1
5074297,0,0,0,0,0,0,1,0
5074813,0,0,0,0,0,0,0,0
5074820,0,0,0,0,0,0,0,1
5075341,0,0,0,0,0,0,1,1
5075349,0,0,0,0,0,0,1,0
5075867,0,0,0,0,0,0,0,0
5075875,0,0,0,0,0,0,0,1
5076396,0,0,0,0,0,0,1,1
5076404,0,0,0,0,0,0,1,0
5076921,0,0,0,0,0,0,0,0
5076928,0,0,0,0,0,0,0,1
5077449,0,0,0,0,0,0,1,1
5077457,0,0,0,0,0,0,1,0
5077973,0,0,0,0,0,0,0,0
5077981,0,0,0,0,0,0,0,1
5078501,0,0,0,0,0,0,1,1
5078509,0,0,0,0,0,0,1,0
5079025,0,0,0,0,0,0,0,0
5079033,0,0,0,0,0,0,0,1
5079554,0,0,0,0,0,0,1,1
5079562,0,0,0,0,0,0,1,0
5080078,0,0,0,0,0,0,0,0
5080085,0,0,0,0,0,0,0,1
5080606,0,0,0,0,0,0,1,1
5080614,0,0,0,0,0,0,1,0
5081132,0,0,0,0,0,0,0,0
5081139,0,0,0,0,0,0,0,1
5081659,0,0,0,0,0,0,1,1
5081667,0,0,0,0,0,0,1,0
5082184,0,0,0,0,0,0,0,0
5082191,0,0,0,0,0,0,0,1
5082713,0,0,0,0,0,0,1,1
5082721,0,0,0,0,0,0,1,0
5083237,0,0,0,0,0,0,0,0
5083245,0,0,0,0,0,0,0,1
5083766,0,0,0,0,0,0,1,1
5083773,0,0,0,0,0,0,1,0
5084290,0,0,0,0,0,0,0,0
5084298,0,0,0,0,0,0,0,1
5084819,0,0,0,0,0,0,1,1
5084827,0,0,0,0,0,0,1,0
5085343,0,0,0,0,0,0,0,0
5085351,0,0,0,0,0,0,0,1
5085871,0,0,0,0,0,0,1,1
5085880,0,0,0,0,0,0,1,0
5086397,0,0,0,0,0,0,0,0
5086405,0,0,0,0,0,0,0,1
5086925,0,0,0,0,0,0,1,1
5086933,0,0,0,0,0,0,1,0
5087450,0,0,0,0,0,0,0,0
5087458,0,0,0,0,0,0,0,1
5087979,0,0,0,0,0,0,1,1
5087987,0,0,0,0,0,0,1,0
5088505,0,0,0,0,0,0,0,0
5088512,0,0,0,0,0,0,0,1
5089033,0,0,0,0,0,0,1,1
5089041,0,0,0,0,0,0,1,0
5089558,0,0,0,0,0,0,0,0
5089566,0,0,0,0,0,0,0,1
5090087,0,0,0,0,0,0,1,1
5090094,0,0,0,0,0,0,1,0
5090611,0,0,0,0,0,0,0,0
5090618,0,0,0,0,0,0,0,1
5091139,0,0,0,0,0,0,1,1
5091147,0,0,0,0,0,0,1,0
5091664,0,0,0,0,0,0,0,0
5091672,0,0,0,0,0,0,0,1
5092193,0,0,0,0,0,0,1,1
5092200,0,0,0,0,0,0,1,0
5092717,0,0,0,0,0,0,0,0
5092724,0,0,0,0,0,0,0,1
5093245,0,0,0,0,0,0,1,1
5093253,0,0,0,0,0,0,1,0
5093769,0,0,0,0,0,0,0,0
5093777,0,0,0,0,0,0,0,1
5094298,0,0,0,0,0,0,1,1
5094305,0,0,0,0,0,0,1,0
5094822,0,0,0,0,0,0,0,0
5094829,0,0,0,0,0,0,0,1
5095350,0,0,0,0,0,0,1,1
5095359,0,0,0,0,0,0,1,0
5095876,0,0,0,0,0,0,0,0
5095884,0,0,0,0,0,0,0,1
5096406,0,0,0,0,0,0,1,1
5096414,0,0,0,0,0,0,1,0
5096930,0,0,0,0,0,0,0,0
5096938,0,0,0,0,0,0,0,1
5097458,0,0,0,0,0,0,1,1
5097466,0,0,0,0,0,0,1,0
5097984,0,0,0,0,0,0,0,0
5097991,0,0,0,0,0,0,0,1
5098512,0,0,0,0,0,0,1,1
5098520,0,0,0,0,0,0,1,0
5099038,0,0,0,0,0,0,0,0
5099045,0,0,0,0,0,0,0,1
5099566,0,0,0,0,0,0,1,1
5099574,0,0,0,0,0,0,1,0
5100092,0,0,0,0,0,0,0,0
5100100,0,0,0,0,0,0,0,1
5100621,0,0,0,0,0,0,1,1
5100629,0,0,0,0,0,0,1,0
5101145,0,0,0,0,0,0,0,0
5101153,0,0,0,0,0,0,0,1
5101674,0,0,0,0,0,0,1,1
5101682,0,0,0,0,0,0,1,0
5102199,0,0,0,0,0,0,0,0
5102206,0,0,0,0,0,0,0,1
5102727,0,0,0,0,0,0,1,1
5102735,0,0,0,0,0,0,1,0
5103252,0,0,0,0,0,0,0,0
5103260,0,0,0,0,0,0,0,1
5103781,0,0,0,0,0,0,1,1
5103789,0,0,0,0,0,0,1,0
5104306,0,0,0,0,0,0,0,0
5104314,0,0,0,0,0,0,0,1
5104835,0,0,0,0,0,0,1,1
5104843,0,0,0,0,0,0,1,0
5105359,0,0,0,0,0,0,0,0
5105367,0,0,0,0,0,0,0,1
5105887,0,0,0,0,0,0,1,1
5105896,0,0,0,0,0,0,1,0
5106412,0,0,0,0,0,0,0,0
5106420,0,0,0,0,0,0,0,1
5106941,0,0,0,0,0,0,1,1
5106949,0,0,0,0,0,0,1,0
5107465,0,0,0,0,0,0,0,0
5107473,0,0,0,0,0,0,0,1
5107993,0,0,0,0,0,0,1,1
5108001,0,0,0,0,0,0,1,0
5108519,0,0,0,0,0,0,0,0
5108527,0,0,0,0,0,0,0,1
5109047,0,0,0,0,0,0,1,1
5109055,0,0,0,0,0,0,1,0
5109572,0,0,0,0,0,0,0,0
5109579,0,0,0,0,0,0,0,1
5110100,0,0,0,0,0,0,1,1
5110108,0,0,0,0,0,0,1,0
5110625,0,0,0,0,0,0,0,0
5110633,0,0,0,0,0,0,0,1
5111152,0,0,0,0,0,0,1,1
5111160,0,0,0,0,0,0,1,0
5111677,0,0,0,0,0,0,0,0
5111685,0,0,0,0,0,0,0,1
5112206,0,0,0,0,0,0,1,1
5112214,0,0,0,0,0,0,1,0
5112730,0,0,0,0,0,0,0,0
5112738,0,0,0,0,0,0,0,1
5113259,0,0,0,0,0,0,1,1
5113267,0,0,0,0,0,0,1,0
5113784,0,0,0,0,0,0,0,0
5113791,0,0,0,0,0,0,0,1
5114312,0,0,0,0,0,0,1,1
5114320,0,0,0,0,0,0,1,0
5114837,0,0,0,0,0,0,0,0
5114845,0,0,0,0,0,0,0,1
5115365,0,0,0,0,0,0,1,1
5115373,0,0,0,0,0,0,1,0
5115890,0,0,0,0,0,0,0,0
5115897,0,0,0,0,0,0,0,1
5116419,0,0,0,0,0,0,1,1
5116427,0,0,0,0,0,0,1,0
5116944,0,0,0,0,0,0,0,0
5116952,0,0,0,0,0,0,0,1
5117473,0,0,0,0,0,0,1,1
5117481,0,0,0,0,0,0,1,0
5117997,0,0,0,0,0,0,0,0
5118004,0,0,0,0,0,0,0,1
5118526,0,0,0,0,0,0,1,1
5118533,0,0,0,0,0,0,1,0
5119050,0,0,0,0,0,0,0,0
5119057,0,0,0,0,0,0,0,1
5119578,0,0,0,0,0,0,1,1
5119586,0,0,0,0,0,0,1,0
5120103,0,0,0,0,0,0,0,0
5120110,0,0,0,0,0,0,0,1
5120631,0,0,0,0,0,0,1,1
5120639,0,0,0,0,0,0,1,0
5121156,0,0,0,0,0,0,0,0
5121164,0,0,0,0,0,0,0,1
5121684,0,0,0,0,0,0,1,1
5121692,0,0,0,0,0,0,1,0
5122210,0,0,0,0,0,0,0,0
5122217,0,0,0,0,0,0,0,1
5122737,0,0,0,0,0,0,1,1
5122745,0,0,0,0,0,0,1,0
5123261,0,0,0,0,0,0,0,0
5123269,0,0,0,0,0,0,0,1
5123789,0,0,0,0,0,0,1,1
5123797,0,0,0,0,0,0,1,0
5124314,0,0,0,0,0,0,0,0
5124322,0,0,0,0,0,0,0,1
5124842,0,0,0,0,0,0,1,1
5124849,0,0,0,0,0,0,1,0
5125366,0,0,0,0,0,0,0,0
5125374,0,0,0,0,0,0,0,1
5125895,0,0,0,0,0,0,1,1
5125903,0,0,0,0,0,0,1,0
5126420,0,0,0,0,0,0,0,0
5126428,0,0,0,0,0,0,0,1
5126948,0,0,0,0,0,0,1,1
5126956,0,0,0,0,0,0,1,0
5127474,0,0,0,0,0,0,0,0
5127482,0,0,0,0,0,0,0,1
5128003,0,0,0,0,0,0,1,1
5128011,0,0,0,0,0,0,1,0
5128529,0,0,0,0,0,0,0,0
5128536,0,0,0,0,0,0,0,1
5129058,0,0,0,0,0,0,1,1
5129065,0,0,0,0,0,0,1,0
5129582,0,0,0,0,0,0,0,0
5129589,0,0,0,0,0,0,0,1
5130110,0,0,0,0,0,0,1,1
5130118,0,0,0,0,0,0,1,0
5130635,0,0,0,0,0,0,0,0
5130643,0,0,0,0,0,0,0,1
5131163,0,0,0,0,0,0,1,1
5131171,0,0,0,0,0,0,1,0
5131688,0,0,0,0,0,0,0,0
5131696,0,0,0,0,0,0,0,1
5132216,0,0,0,0,0,0,1,1
5132224,0,0,0,0,0,0,1,0
5132741,0,0,0,0,0,0,0,0
5132750,0,0,0,0,0,0,0,1
5133270,0,0,0,0,0,0,1,1
5133278,0,0,0,0,0,0,1,0
5133795,0,0,0,0,0,0,0,0
5133803,0,0,0,0,0,0,0,1
5134325,0,0,0,0,0,0,1,1
5134333,0,0,0,0,0,0,1,0
5134849,0,0,0,0,0,0,0,0
5134857,0,0,0,0,0,0,0,1
5135377,0,0,0,0,0,0,1,1
5135386,0,0,0,0,0,0,1,0
5135904,0,0,0,0,0,0,0,0
5135911,0,0,0,0,0,0,0,1
5136433,0,0,0,0,0,0,1,1
5136441,0,0,0,0,0,0,1,0
5136957,0,0,0,0,0,0,0,0
5136965,0,0,0,0,0,0,0,1
5137486,0,0,0,0,0,0,1,1
5137494,0,0,0,0,0,0,1,0
5138009,0,0,0,0,0,0,0,0
5138017,0,0,0,0,0,0,0,1
5138537,0,0,0,0,0,0,1,1
5138545,0,0,0,0,0,0,1,0
5139062,0,0,0,0,0,0,0,0
5139070,0,0,0,0,0,0,0,1
5139590,0,0,0,0,0,0,1,1
5139598,0,0,0,0,0,0,1,0
5140115,0,0,0,0,0,0,0,0
5140123,0,0,0,0,0,0,0,1
5140643,0,0,0,0,0,0,1,1
5140651,0,0,0,0,0,0,1,0
5141167,0,0,0,0,0,0,0,0
5141175,0,0,0,0,0,0,0,1
5141695,0,0,0,0,0,0,1,1
5141703,0,0,0,0,0,0,1,0
5142220,0,0,0,0,0,0,0,0
5142228,0,0,0,0,0,0,0,1
5142749,0,0,0,0,0,0,1,1
5142757,0,0,0,0,0,0,1,0
5143274,0,0,0,0,0,0,0,0
5143282,0,0,0,0,0,0,0,1
5143803,0,0,0,0,0,0,1,1
5143811,0,0,0,0,0,0,1,0
5144328,0,0,0,0,0,0,0,0
5144336,0,0,0,0,0,0,0,1
5144856,0,0,0,0,0,0,1,1
5144864,0,0,0,0,0,0,1,0
5145381,0,0,0,0,0,0,0,0
5145390,0,0,0,0,0,0,0,1
5145910,0,0,0,0,0,0,1,1
5145918,0,0,0,0,0,0,1,0
5146434,0,0,0,0,0,0,0,0
5146441,0,0,0,0,0,0,0,1
5146962,0,0,0,0,0,0,1,1
5146970,0,0,0,0,0,0,1,0
5147488,0,0,0,0,0,0,0,0
5147495,0,0,0,0,0,0,0,1
5148016,0,0,0,0,0,0,1,1
5148024,0,0,0,0,0,0,1,0
5148541,0,0,0,0,0,0,0,0
5148548,0,0,0,0,0,0,0,1
5149069,0,0,0,0,0,0,1,1
5149077,0,0,0,0,0,0,1,0
5149595,0,0,0,0,0,0,0,0
5149603,0,0,0,0,0,0,0,1
5150123,0,0,0,0,0,0,1,1
5150132,0,0,0,0,0,0,1,0
5150648,0,0,0,0,0,0,0,0
5150656,0,0,0,0,0,0,0,1
5151176,0,0,0,0,0,0,1,1
5151184,0,0,0,0,0,0,1,0
5151700,0,0,0,0,0,0,0,0
5151708,0,0,0,0,0,0,0,1
5152228,0,0,0,0,0,0,1,1
5152236,0,0,0,0,0,0,1,0
5152752,0,0,0,0,0,0,0,0
5152760,0,0,0,0,0,0,0,1
5153280,0,0,0,0,0,0,1,1
5153288,0,0,0,0,0,0,1,0
5153804,0,0,0,0,0,0,0,0
5153812,0,0,0,0,0,0,0,1
5154333,0,0,0,0,0,0,1,1
5154340,0,0,0,0,0,0,1,0
5154857,0,0,0,0,0,0,0,0
5154865,0,0,0,0,0,0,0,1
5155385,0,0,0,0,0,0,1,1
5155393,0,0,0,0,0,0,1,0
5155910,0,0,0,0,0,0,0,0
5155917,0,0,0,0,0,0,0,1
5156439,0,0,0,0,0,0,1,1
5156447,0,0,0,0,0,0,1,0
5156964,0,0,0,0,0,0,0,0
5156972,0,0,0,0,0,0,0,1
5157493,0,0,0,0,0,0,1,1
5157501,0,0,0,0,0,0,1,0
5158018,0,0,0,0,0,0,0,0
5158025,0,0,0,0,0,0,0,1
5158545,0,0,0,0,0,0,1,1
5158553,0,0,0,0,0,0,1,0
5159071,0,0,0,0,0,0,0,0
5159079,0,0,0,0,0,0,0,1
5159600,0,0,0,0,0,0,1,1
5159608,0,0,0,0,0,0,1,0
5160123,0,0,0,0,0,0,0,0
5160131,0,0,0,0,0,0,0,1
5160652,0,0,0,0,0,0,1,1
5160660,0,0,0,0,0,0,1,0
5161177,0,0,0,0,0,0,0,0
5161185,0,0,0,0,0,0,0,1
5161704,0,0,0,0,0,0,1,1
5161713,0,0,0,0,0,0,1,0
5162229,0,0,0,0,0,0,0,0
5162237,0,0,0,0,0,0,0,1
5162757,0,0,0,0,0,0,1,1
5162765,0,0,0,0,0,0,1,0
5163282,0,0,0,0,0,0,0,0
5163289,0,0,0,0,0,0,0,1
5163810,0,0,0,0,0,0,1,1
5163818,0,0,0,0,0,0,1,0
5164335,0,0,0,0,0,0,0,0
5164343,0,0,0,0,0,0,0,1
5164863,0,0,0,0,0,0,1,1
5164871,0,0,0,0,0,0,1,0
5165389,0,0,0,0,0,0,0,0
5165397,0,0,0,0,0,0,0,1
5165917,0,0,0,0,0,0,1,1
5165925,0,0,0,0,0,0,1,0
5166442,0,0,0,0,0,0,0,0
5166450,0,0,0,0,0,0,0,1
5166970,0,0,0,0,0,0,1,1
5166978,0,0,0,0,0,0,1,0
5167494,0,0,0,0,0,0,0,0
5167502,0,0,0,0,0,0,0,1
5168022,0,0,0,0,0,0,1,1
5168030,0,0,0,0,0,0,1,0
5168548,0,0,0,0,0,0,0,0
5168556,0,0,0,0,0,0,0,1
5169076,0,0,0,0,0,0,1,1
5169084,0,0,0,0,0,0,1,0
5169602,0,0,0,0,0,0,0,0
5169609,0,0,0,0,0,0,0,1
5170130,0,0,0,0,0,0,1,1
5170139,0,0,0,0,0,0,1,0
5170655,0,0,0,0,0,0,0,0
5170663,0,0,0,0,0,0,0,1
5171184,0,0,0,0,0,0,1,1
5171191,0,0,0,0,0,0,1,0
5171708,0,0,0,0,0,0,0,0
5171715,0,0,0,0,0,0,0,1
5172236,0,0,0,0,0,0,1,1
5172245,0,0,0,0,0,0,1,0
5172761,0,0,0,0,0,0,0,0
5172769,0,0,0,0,0,0,0,1
5173289,0,0,0,0,0,0,1,1
5173298,0,0,0,0,0,0,1,0
5173815,0,0,0,0,0,0,0,0
5173823,0,0,0,0,0,0,0,1
5174344,0,0,0,0,0,0,1,1
5174352,0,0,0,0,0,0,1,0
5174870,0,0,0,0,0,0,0,0
5174878,0,0,0,0,0,0,0,1
5175399,0,0,0,0,0,0,1,1
5175407,0,0,0,0,0,0,1,0
5175923,0,0,0,0,0,0,0,0
5175930,0,0,0,0,0,0,0,1
5176451,0,0,0,0,0,0,1,1
5176459,0,0,0,0,0,0,1,0
5176975,0,0,0,0,0,0,0,0
5176983,0,0,0,0,0,0,0,1
5177504,0,0,0,0,0,0,1,1
5177511,0,0,0,0,0,0,1,0
5178028,0,0,0,0,0,0,0,0
5178036,0,0,0,0,0,0,0,1
5178556,0,0,0,0,0,0,1,1
5178565,0,0,0,0,0,0,1,0
5179081,0,0,0,0,0,0,0,0
5179089,0,0,0,0,0,0,0,1
5179610,0,0,0,0,0,0,1,1
5179617,0,0,0,0,0,0,1,0
5180134,0,0,0,0,0,0,0,0
5180142,0,0,0,0,0,0,0,1
5180663,0,0,0,0,0,0,1,1
5180671,0,0,0,0,0,0,1,0
5181188,0,0,0,0,0,0,0,0
5181196,0,0,0,0,0,0,0,1
5181717,0,0,0,0,0,0,1,1
5181725,0,0,0,0,0,0,1,0
5182243,0,0,0,0,0,0,0,0
5182251,0,0,0,0,0,0,0,1
5182772,0,0,0,0,0,0,1,1
5182780,0,0,0,0,0,0,1,0
5183297,0,0,0,0,0,0,0,0
5183305,0,0,0,0,0,0,0,1
5183824,0,0,0,0,0,0,1,1
5183832,0,0,0,0,0,0,1,0
5184349,0,0,0,0,0,0,0,0
5184357,0,0,0,0,0,0,0,1
5184877,0,0,0,0,0,0,1,1
5184885,0,0,0,0,0,0,1,0
5185402,0,0,0,0,0,0,0,0
5185410,0,0,0,0,0,0,0,1
5185931,0,0,0,0,0,0,1,1
5185939,0,0,0,0,0,0,1,0
5186456,0,0,0,0,0,0,0,0
5186463,0,0,0,0,0,0,0,1
5186984,0,0,0,0,0,0,1,1
5186992,0,0,0,0,0,0,1,0
5187507,0,0,0,0,0,0,0,0
5187515,0,0,0,0,0,0,0,1
5188036,0,0,0,0,0,0,1,1
5188044,0,0,0,0,0,0,1,0
5188561,0,0,0,0,0,0,0,0
5188569,0,0,0,0,0,0,0,1
5189089,0,0,0,0,0,0,1,1
5189097,0,0,0,0,0,0,1,0
5189614,0,0,0,0,0,0,0,0
5189621,0,0,0,0,0,0,0,1
5190142,0,0,0,0,0,0,1,1
5190151,0,0,0,0,0,0,1,0
5190668,0,0,0,0,0,0,0,0
5190675,0,0,0,0,0,0,0,1
5191197,0,0,0,0,0,0,1,1
5191205,0,0,0,0,0,0,1,0
5191722,0,0,0,0,0,0,0,0
5191729,0,0,0,0,0,0,0,1
5192249,0,0,0,0,0,0,1,1
5192257,0,0,0,0,0,0,1,0
5192773,0,0,0,0,0,0,0,0
5192781,0,0,0,0,0,0,0,1
5193301,0,0,0,0,0,0,1,1
5193309,0,0,0,0,0,0,1,0
5193827,0,0,0,0,0,0,0,0
5193835,0,0,0,0,0,0,0,1
5194355,0,0,0,0,0,0,1,1
5194363,0,0,0,0,0,0,1,0
5194880,0,0,0,0,0,0,0,0
5194887,0,0,0,0,0,0,0,1
5195408,0,0,0,0,0,0,1,1
5195417,0,0,0,0,0,0,1,0
5195935,0,0,0,0,0,0,0,0
5195942,0,0,0,0,0,0,0,1
5196463,0,0,0,0,0,0,1,1
5196472,0,0,0,0,0,0,1,0
5196989,0,0,0,0,0,0,0,0
5196996,0,0,0,0,0,0,0,1
5197517,0,0,0,0,0,0,1,1
5197525,0,0,0,0,0,0,1,0
5198041,0,0,0,0,0,0,0,0
5198049,0,0,0,0,0,0,0,1
5198570,0,0,0,0,0,0,1,1
5198577,0,0,0,0,0,0,1,0
5199093,0,0,0,0,0,0,0,0
5199101,0,0,0,0,0,0,0,1
5199622,0,0,0,0,0,0,1,1
5199629,0,0,0,0,0,0,1,0
5200146,0,0,0,0,0,0,0,0
5200154,0,0,0,0,0,0,0,1
5200675,0,0,0,0,0,0,1,1
5200683,0,0,0,0,0,0,1,0
5201199,0,0,0,0,0,0,0,0
5201207,0,0,0,0,0,0,0,1
5201727,0,0,0,0,0,0,1,1
5201735,0,0,0,0,0,0,1,0
5202252,0,0,0,0,0,0,0,0
5202259,0,0,0,0,0,0,0,1
5202780,0,0,0,0,0,0,1,1
5202788,0,0,0,0,0,0,1,0
5203305,0,0,0,0,0,0,0,0
5203313,0,0,0,0,0,0,0,1
5203834,0,0,0,0,0,0,1,1
5203842,0,0,0,0,0,0,1,0
5204359,0,0,0,0,0,0,0,0
5204367,0,0,0,0,0,0,0,1
5204888,0,0,0,0,0,0,1,1
5204896,0,0,0,0,0,0,1,0
5205412,0,0,0,0,0,0,0,0
5205420,0,0,0,0,0,0,0,1
5205940,0,0,0,0,0,0,1,1
5205948,0,0,0,0,0,0,1,0
5206466,0,0,0,0,0,0,0,0
5206473,0,0,0,0,0,0,0,1
5206994,0,0,0,0,0,0,1,1
5207002,0,0,0,0,0,0,1,0
5207518,0,0,0,0,0,0,0,0
5207526,0,0,0,0,0,0,0,1
5208046,0,0,0,0,0,0,1,1
5208054,0,0,0,0,0,0,1,0
5208571,0,0,0,0,0,0,0,0
5208579,0,0,0,0,0,0,0,1
5209099,0,0,0,0,0,0,1,1
5209107,0,0,0,0,0,0,1,0
5209623,0,0,0,0,0,0,0,0
5209630,0,0,0,0,0,0,0,1
5210151,0,0,0,0,0,0,1,1
5210159,0,0,0,0,0,0,1,0
5210677,0,0,0,0,0,0,0,0
5210684,0,0,0,0,0,0,0,1
5211206,0,0,0,0,0,0,1,1
5211214,0,0,0,0,0,0,1,0
5211730,0,0,0,0,0,0,0,0
5211738,0,0,0,0,0,0,0,1
5212258,0,0,0,0,0,0,1,1
5212266,0,0,0,0,0,0,1,0
5212784,0,0,0,0,0,0,0,0
5212791,0,0,0,0,0,0,0,1
5213311,0,0,0,0,0,0,1,1
5213319,0,0,0,0,0,0,1,0
5213836,0,0,0,0,0,0,0,0
5213843,0,0,0,0,0,0,0,1
5214364,0,0,0,0,0,0,1,1
5214372,0,0,0,0,0,0,1,0
5214891,0,0,0,0,0,0,0,0
5214898,0,0,0,0,0,0,0,1
5215420,0,0,0,0,0,0,1,1
5215428,0,0,0,0,0,0,1,0
5215944,0,0,0,0,0,0,0,0
5215952,0,0,0,0,0,0,0,1
5216472,0,0,0,0,0,0,1,1
5216480,0,0,0,0,0,0,1,0
5216998,0,0,0,0,0,0,0,0
5217006,0,0,0,0,0,0,0,1
5217527,0,0,0,0,0,0,1,1
5217535,0,0,0,0,0,0,1,0
5218052,0,0,0,0,0,0,0,0
5218060,0,0,0,0,0,0,0,1
5218581,0,0,0,0,0,0,1,1
5218589,0,0,0,0,0,0,1,0
5219106,0,0,0,0,0,0,0,0
5219114,0,0,0,0,0,0,0,1
5219635,0,0,0,0,0,0,1,1
5219643,0,0,0,0,0,0,1,0
5220159,0,0,0,0,0,0,0,0
5220166,0,0,0,0,0,0,0,1
5220687,0,0,0,0,0,0,1,1
5220695,0,0,0,0,0,0,1,0
5221211,0,0,0,0,0,0,0,0
5221218,0,0,0,0,0,0,0,1
5221739,0,0,0,0,0,0,1,1
5221747,0,0,0,0,0,0,1,0
5222264,0,0,0,0,0,0,0,0
5222272,0,0,0,0,0,0,0,1
5222793,0,0,0,0,0,0,1,1
5222801,0,0,0,0,0,0,1,0
5223318,0,0,0,0,0,0,0,0
5223326,0,0,0,0,0,0,0,1
5223846,0,0,0,0,0,0,1,1
5223854,0,0,0,0,0,0,1,0
5224369,0,0,0,0,0,0,0,0
5224377,0,0,0,0,0,0,0,1
5224898,0,0,0,0,0,0,1,1
5224906,0,0,0,0,0,0,1,0
5225423,0,0,0,0,0,0,0,0
5225430,0,0,0,0,0,0,0,1
5225952,0,0,0,0,0,0,1,1
5225960,0,0,0,0,0,0,1,0
5226476,0,0,0,0,0,0,0,0
5226484,0,0,0,0,0,0,0,1
5227005,0,0,0,0,0,0,1,1
5227013,0,0,0,0,0,0,1,0
5227529,0,0,0,0,0,0,0,0
5227537,0,0,0,0,0,0,0,1
5228058,0,0,0,0,0,0,1,1
5228066,0,0,0,0,0,0,1,0
5228582,0,0,0,0,0,0,0,0
5228590,0,0,0,0,0,0,0,1
5229110,0,0,0,0,0,0,1,1
5229118,0,0,0,0,0,0,1,0
5229635,0,0,0,0,0,0,0,0
5229643,0,0,0,0,0,0,0,1
5230164,0,0,0,0,0,0,1,1
5230172,0,0,0,0,0,0,1,0
5230688,0,0,0,0,0,0,0,0
5230696,0,0,0,0,0,0,0,1
5231216,0,0,0,0,0,0,1,1
5231225,0,0,0,0,0,0,1,0
5231741,0,0,0,0,0,0,0,0
5231749,0,0,0,0,0,0,0,1
5232269,0,0,0,0,0,0,1,1
5232277,0,0,0,0,0,0,1,0
5232793,0,0,0,0,0,0,0,0
5232801,0,0,0,0,0,0,0,1
5233321,0,0,0,0,0,0,1,1
5233329,0,0,0,0,0,0,1,0
5233846,0,0,0,0,0,0,0,0
5233854,0,0,0,0,0,0,0,1
5234375,0,0,0,0,0,0,1,1
5234383,0,0,0,0,0,0,1,0
5234899,0,0,0,0,0,0,0,0
5234907,0,0,0,0,0,0,0,1
5235428,0,0,0,0,0,0,1,1
5235436,0,0,0,0,0,0,1,0
5235951,0,0,0,0,0,0,0,0
5235959,0,0,0,0,0,0,0,1
5236479,0,0,0,0,0,0,1,1
5236487,0,0,0,0,0,0,1,0
5237004,0,0,0,0,0,0,0,0
5237012,0,0,0,0,0,0,0,1
5237533,0,0,0,0,0,0,1,1
5237541,0,0,0,0,0,0,1,0
5238058,0,0,0,0,0,0,0,0
5238066,0,0,0,0,0,0,0,1
5238587,0,0,0,0,0,0,1,1
5238595,0,0,0,0,0,0,1,0
5239113,0,0,0,0,0,0,0,0
5239121,0,0,0,0,0,0,0,1
5239642,0,0,0,0,0,0,1,1
5239650,0,0,0,0,0,0,1,0
5240167,0,0,0,0,0,0,0,0
5240174,0,0,0,0,0,0,0,1
5240695,0,0,0,0,0,0,1,1
5240703,0,0,0,0,0,0,1,0
5241219,0,0,0,0,0,0,0,0
5241226,0,0,0,0,0,0,0,1
5241747,0,0,0,0,0,0,1,1
5241755,0,0,0,0,0,0,1,0
5242271,0,0,0,0,0,0,0,0
5242279,0,0,0,0,0,0,0,1
5242799,0,0,0,0,0,0,1,1
5242807,0,0,0,0,0,0,1,0
5243324,0,0,0,0,0,0,0,0
5243332,0,0,0,0,0,0,0,1
5243853,0,0,0,0,0,0,1,1
5243861,0,0,0,0,0,0,1,0
5244377,0,0,0,0,0,0,0,0
5244385,0,0,0,0,0,0,0,1
5244905,0,0,0,0,0,0,1,1
5244913,0,0,0,0,0,0,1,0
5245431,0,0,0,0,0,0,0,0
5245438,0,0,0,0,0,0,0,1
5245959,0,0,0,0,0,0,1,1
5245967,0,0,0,0,0,0,1,0
5246484,0,0,0,0,0,0,0,0
5246492,0,0,0,0,0,0,0,1
5247013,0,0,0,0,0,0,1,1
5247021,0,0,0,0,0,0,1,0
5247538,0,0,0,0,0,0,0,0
5247545,0,0,0,0,0,0,0,1
5248067,0,0,0,0,0,0,1,1
5248074,0,0,0,0,0,0,1,0
5248590,0,0,0,0,0,0,0,0
5248598,0,0,0,0,0,0,0,1
5249118,0,0,0,0,0,0,1,1
5249127,0,0,0,0,0,0,1,0
5249644,0,0,0,0,0,0,0,0
5249652,0,0,0,0,0,0,0,1
5250173,0,0,0,0,0,0,1,1
5250181,0,0,0,0,0,0,1,0
5250697,0,0,0,0,0,0,0,0
5250705,0,0,0,0,0,0,0,1
5251225,0,0,0,0,0,0,1,1
5251233,0,0,0,0,0,0,1,0
5251751,0,0,0,0,0,0,0,0
5251759,0,0,0,0,0,0,0,1
5252279,0,0,0,0,0,0,1,1
5252287,0,0,0,0,0,0,1,0
5252803,0,0,0,0,0,0,0,0
5252811,0,0,0,0,0,0,0,1
5253332,0,0,0,0,0,0,1,1
5253340,0,0,0,0,0,0,1,0
5253856,0,0,0,0,0,0,0,0
5253864,0,0,0,0,0,0,0,1
5254385,0,0,0,0,0,0,1,1
5254393,0,0,0,0,0,0,1,0
5254910,0,0,0,0,0,0,0,0
5254918,0,0,0,0,0,0,0,1
5255438,0,0,0,0,0,0,1,1
5255447,0,0,0,0,0,0,1,0
5255964,0,0,0,0,0,0,0,0
5255971,0,0,0,0,0,0,0,1
5256491,0,0,0,0,0,0,1,1
5256499,0,0,0,0,0,0,1,0
5257016,0,0,0,0,0,0,0,0
5257024,0,0,0,0,0,0,0,1
5257544,0,0,0,0,0,0,1,1
5257552,0,0,0,0,0,0,1,0
5258069,0,0,0,0,0,0,0,0
5258076,0,0,0,0,0,0,0,1
5258597,0,0,0,0,0,0,1,1
5258605,0,0,0,0,0,0,1,0
5259121,0,0,0,0,0,0,0,0
5259129,0,0,0,0,0,0,0,1
5259650,0,0,0,0,0,0,1,1
5259658,0,0,0,0,0,0,1,0
5260175,0,0,0,0,0,0,0,0
5260183,0,0,0,0,0,0,0,1
5260703,0,0,0,0,0,0,1,1
5260711,0,0,0,0,0,0,1,0
5261228,0,0,0,0,0,0,0,0
5261236,0,0,0,0,0,0,0,1
5261757,0,0,0,0,0,0,1,1
5261765,0,0,0,0,0,0,1,0
5262281,0,0,0,0,0,0,0,0
5262289,0,0,0,0,0,0,0,1
5262810,0,0,0,0,0,0,1,1
5262818,0,0,0,0,0,0,1,0
5263335,0,0,0,0,0,0,0,0
5263343,0,0,0,0,0,0,0,1
5263863,0,0,0,0,0,0,1,1
5263871,0,0,0,0,0,0,1,0
5264388,0,0,0,0,0,0,0,0
5264396,0,0,0,0,0,0,0,1
5264916,0,0,0,0,0,0,1,1
5264924,0,0,0,0,0,0,1,0
5265440,0,0,0,0,0,0,0,0
5265447,0,0,0,0,0,0,0,1
5265968,0,0,0,0,0,0,1,1
5265976,0,0,0,0,0,0,1,0
5266492,0,0,0,0,0,0,0,0
5266501,0,0,0,0,0,0,0,1
5267021,0,0,0,0,0,0,1,1
5267029,0,0,0,0,0,0,1,0
5267546,0,0,0,0,0,0,0,0
5267554,0,0,0,0,0,0,0,1
5268074,0,0,0,0,0,0,1,1
5268082,0,0,0,0,0,0,1,0
5268598,0,0,0,0,0,0,0,0
5268606,0,0,0,0,0,0,0,1
5269126,0,0,0,0,0,0,1,1
5269134,0,0,0,0,0,0,1,0
5269652,0,0,0,0,0,0,0,0
5269660,0,0,0,0,0,0,0,1
5270181,0,0,0,0,0,0,1,1
5270189,0,0,0,0,0,0,1,0
5270705,0,0,0,0,0,0,0,0
5270713,0,0,0,0,0,0,0,1
5271234,0,0,0,0,0,0,1,1
5271242,0,0,0,0,0,0,1,0
5271758,0,0,0,0,0,0,0,0
5271766,0,0,0,0,0,0,0,1
5272286,0,0,0,0,0,0,1,1
5272294,0,0,0,0,0,0,1,0
5272811,0,0,0,0,0,0,0,0
5272819,0,0,0,0,0,0,0,1
5273340,0,0,0,0,0,0,1,1
5273348,0,0,0,0,0,0,1,0
5273864,0,0,0,0,0,0,0,0
5273872,0,0,0,0,0,0,0,1
5274392,0,0,0,0,0,0,1,1
5274400,0,0,0,0,0,0,1,0
5274917,0,0,0,0,0,0,0,0
5274925,0,0,0,0,0,0,0,1
5275447,0,0,0,0,0,0,1,1
5275455,0,0,0,0,0,0,1,0
5275971,0,0,0,0,0,0,0,0
5275978,0,0,0,0,0,0,0,1
5276500,0,0,0,0,0,0,1,1
5276508,0,0,0,0,0,0,1,0
5277025,0,0,0,0,0,0,0,0
5277034,0,0,0,0,0,0,0,1
5277555,0,0,0,0,0,0,1,1
5277563,0,0,0,0,0,0,1,0
5278080,0,0,0,0,0,0,0,0
5278087,0,0,0,0,0,0,0,1
5278608,0,0,0,0,0,0,1,1
5278616,0,0,0,0,0,0,1,0
5279133,0,0,0,0,0,0,0,0
5279141,0,0,0,0,0,0,0,1
5279660,0,0,0,0,0,0,1,1
5279668,0,0,0,0,0,0,1,0
5280185,0,0,0,0,0,0,0,0
5280193,0,0,0,0,0,0,0,1
5280714,0,0,0,0,0,0,1,1
5280722,0,0,0,0,0,0,1,0
5281238,0,0,0,0,0,0,0,0
5281246,0,0,0,0,0,0,0,1
5281766,0,0,0,0,0,0,1,1
5281774,0,0,0,0,0,0,1,0
5282291,0,0,0,0,0,0,0,0
5282299,0,0,0,0,0,0,0,1
5282819,0,0,0,0,0,0,1,1
5282827,0,0,0,0,0,0,1,0
5283344,0,0,0,0,0,0,0,0
5283352,0,0,0,0,0,0,0,1
5283873,0,0,0,0,0,0,1,1
5283881,0,0,0,0,0,0,1,0
5284398,0,0,0,0,0,0,0,0
5284406,0,0,0,0,0,0,0,1
5284926,0,0,0,0,0,0,1,1
5284934,0,0,0,0,0,0,1,0
5285452,0,0,0,0,0,0,0,0
5285460,0,0,0,0,0,0,0,1
5285981,0,0,0,0,0,0,1,1
5285989,0,0,0,0,0,0,1,0
5286506,0,0,0,0,0,0,0,0
5286514,0,0,0,0,0,0,0,1
5287034,0,0,0,0,0,0,1,1
5287042,0,0,0,0,0,0,1,0
5287559,0,0,0,0,0,0,0,0
5287567,0,0,0,0,0,0,0,1
5288087,0,0,0,0,0,0,1,1
5288095,0,0,0,0,0,0,1,0
5288612,0,0,0,0,0,0,0,0
5288620,0,0,0,0,0,0,0,1
5289141,0,0,0,0,0,0,1,1
5289149,0,0,0,0,0,0,1,0
5289665,0,0,0,0,0,0,0,0
5289673,0,0,0,0,0,0,0,1
5290193,0,0,0,0,0,0,1,1
5290201,0,0,0,0,0,0,1,0
5290719,0,0,0,0,0,0,0,0
5290726,0,0,0,0,0,0,0,1
5291247,0,0,0,0,0,0,1,1
5291255,0,0,0,0,0,0,1,0
5291772,0,0,0,0,0,0,0,0
5291780,0,0,0,0,0,0,0,1
5292301,0,0,0,0,0,0,1,1
5292309,0,0,0,0,0,0,1,0
5292825,0,0,0,0,0,0,0,0
5292833,0,0,0,0,0,0,0,1
5293354,0,0,0,0,0,0,1,1
5293362,0,0,0,0,0,0,1,0
5293878,0,0,0,0,0,0,0,0
5293886,0,0,0,0,0,0,0,1
5294406,0,0,0,0,0,0,1,1
5294415,0,0,0,0,0,0,1,0
5294931,0,0,0,0,0,0,0,0
5294938,0,0,0,0,0,0,0,1
5295459,0,0,0,0,0,0,1,1
5295467,0,0,0,0,0,0,1,0
5295984,0,0,0,0,0,0,0,0
5295992,0,0,0,0,0,0,0,1
5296512,0,0,0,0,0,0,1,1
5296520,0,0,0,0,0,0,1,0
5297037,0,0,0,0,0,0,0,0
5297045,0,0,0,0,0,0,0,1
5297565,0,0,0,0,0,0,1,1
5297573,0,0,0,0,0,0,1,0
5298089,0,0,0,0,0,0,0,0
5298096,0,0,0,0,0,0,0,1
5298617,0,0,0,0,0,0,1,1
5298625,0,0,0,0,0,0,1,0
5299142,0,0,0,0,0,0,0,0
5299150,0,0,0,0,0,0,0,1
5299671,0,0,0,0,0,0,1,1
5299679,0,0,0,0,0,0,1,0
5300196,0,0,0,0,0,0,0,0
5300204,0,0,0,0,0,0,0,1
5300725,0,0,0,0,0,0,1,1
5300733,0,0,0,0,0,0,1,0
5301250,0,0,0,0,0,0,0,0
5301257,0,0,0,0,0,0,0,1
5301778,0,0,0,0,0,0,1,1
5301786,0,0,0,0,0,0,1,0
5302302,0,0,0,0,0,0,0,0
5302310,0,0,0,0,0,0,0,1
5302830,0,0,0,0,0,0,1,1
5302838,0,0,0,0,0,0,1,0
5303354,0,0,0,0,0,0,0,0
5303362,0,0,0,0,0,0,0,1
5303883,0,0,0,0,0,0,1,1
5303891,0,0,0,0,0,0,1,0
5304407,0,0,0,0,0,0,0,0
5304415,0,0,0,0,0,0,0,1
5304936,0,0,0,0,0,0,1,1
5304944,0,0,0,0,0,0,1,0
5305462,0,0,0,0,0,0,0,0
5305470,0,0,0,0,0,0,0,1
5305990,0,0,0,0,0,0,1,1
5305998,0,0,0,0,0,0,1,0
5306515,0,0,0,0,0,0,0,0
5306522,0,0,0,0,0,0,0,1
5307043,0,0,0,0,0,0,1,1
5307051,0,0,0,0,0,0,1,0
5307568,0,0,0,0,0,0,0,0
5307576,0,0,0,0,0,0,0,1
5308096,0,0,0,0,0,0,1,1
5308104,0,0,0,0,0,0,1,0
5308621,0,0,0,0,0,0,0,0
5308629,0,0,0,0,0,0,0,1
5309149,0,0,0,0,0,0,1,1
5309158,0,0,0,0,0,0,1,0
5309674,0,0,0,0,0,0,0,0
5309681,0,0,0,0,0,0,0,1
5310202,0,0,0,0,0,0,1,1
5310210,0,0,0,0,0,0,1,0
5310727,0,0,0,0,0,0,0,0
5310735,0,0,0,0,0,0,0,1
5311256,0,0,0,0,0,0,1,1
5311264,0,0,0,0,0,0,1,0
5311780,0,0,0,0,0,0,0,0
5311788,0,0,0,0,0,0,0,1
5312309,0,0,0,0,0,0,1,1
5312317,0,0,0,0,0,0,1,0
5312835,0,0,0,0,0,0,0,0
5312843,0,0,0,0,0,0,0,1
5313363,0,0,0,0,0,0,1,1
5313371,0,0,0,0,0,0,1,0
5313888,0,0,0,0,0,0,0,0
5313896,0,0,0,0,0,0,0,1
5314415,0,0,0,0,0,0,1,1
5314423,0,0,0,0,0,0,1,0
5314941,0,0,0,0,0,0,0,0
5314949,0,0,0,0,0,0,0,1
5315470,0,0,0,0,0,0,1,1
5315478,0,0,0,0,0,0,1,0
5315996,0,0,0,0,0,0,0,0
5316004,0,0,0,0,0,0,0,1
5316526,0,0,0,0,0,0,1,1
5316534,0,0,0,0,0,0,1,0
5317051,0,0,0,0,0,0,0,0
5317059,0,0,0,0,0,0,0,1
5317579,0,0,0,0,0,0,1,1
5317587,0,0,0,0,0,0,1,0
5318105,0,0,0,0,0,0,0,0
5318113,0,0,0,0,0,0,0,1
5318633,0,0,0,0,0,0,1,1
5318641,0,0,0,0,0,0,1,0
5319157,0,0,0,0,0,0,0,0
5319165,0,0,0,0,0,0,0,1
5319686,0,0,0,0,0,0,1,1
5319694,0,0,0,0,0,0,1,0
5320212,0,0,0,0,0,0,0,0
5320219,0,0,0,0,0,0,0,1
5320740,0,0,0,0,0,0,1,1
5320748,0,0,0,0,0,0,1,0
5321265,0,0,0,0,0,0,0,0
5321273,0,0,0,0,0,0,0,1
5321793,0,0,0,0,0,0,1,1
5321801,0,0,0,0,0,0,1,0
5322317,0,0,0,0,0,0,0,0
5322324,0,0,0,0,0,0,0,1
5322845,0,0,0,0,0,0,1,1
5322853,0,0,0,0,0,0,1,0
5323371,0,0,0,0,0,0,0,0
5323378,0,0,0,0,0,0,0,1
5323899,0,0,0,0,0,0,1,1
5323907,0,0,0,0,0,0,1,0
5324424,0,0,0,0,0,0,0,0
5324432,0,0,0,0,0,0,0,1
5324952,0,0,0,0,0,0,1,1
5324960,0,0,0,0,0,0,1,0
5325478,0,0,0,0,0,0,0,0
5325486,0,0,0,0,0,0,0,1
5326008,0,0,0,0,0,0,1,1
5326016,0,0,0,0,0,0,1,0
5326533,0,0,0,0,0,0,0,0
5326541,0,0,0,0,0,0,0,1
5327063,0,0,0,0,0,0,1,1
5327071,0,0,0,0,0,0,1,0
5327588,0,0,0,0,0,0,0,0
5327596,0,0,0,0,0,0,0,1
5328117,0,0,0,0,0,0,1,1
5328125,0,0,0,0,0,0,1,0
5328641,0,0,0,0,0,0,0,0
5328649,0,0,0,0,0,0,0,1
5329169,0,0,0,0,0,0,1,1
5329177,0,0,0,0,0,0,1,0
5329694,0,0,0,0,0,0,0,0
5329702,0,0,0,0,0,0,0,1
5330223,0,0,0,0,0,0,1,1
5330231,0,0,0,0,0,0,1,0
5330749,0,0,0,0,0,0,0,0
5330756,0,0,0,0,0,0,0,1
5331277,0,0,0,0,0,0,1,1
5331286,0,0,0,0,0,0,1,0
5331803,0,0,0,0,0,0,0,0
5331811,0,0,0,0,0,0,0,1
5332332,0,0,0,0,0,0,1,1
5332340,0,0,0,0,0,0,1,0
5332857,0,0,0,0,0,0,0,0
5332865,0,0,0,0,0,0,0,1
5333386,0,0,0,0,0,0,1,1
5333394,0,0,0,0,0,0,1,0
5333910,0,0,0,0,0,0,0,0
5333917,0,0,0,0,0,0,0,1
5334438,0,0,0,0,0,0,1,1
5334446,0,0,0,0,0,0,1,0
5334963,0,0,0,0,0,0,0,0
5334971,0,0,0,0,0,0,0,1
5335492,0,0,0,0,0,0,1,1
5335500,0,0,0,0,0,0,1,0
5336018,0,0,0,0,0,0,0,0
5336026,0,0,0,0,0,0,0,1
5336546,0,0,0,0,0,0,1,1
5336554,0,0,0,0,0,0,1,0
5337071,0,0,0,0,0,0,0,0
5337078,0,0,0,0,0,0,0,1
5337599,0,0,0,0,0,0,1,1
5337607,0,0,0,0,0,0,1,0
5338125,0,0,0,0,0,0,0,0
5338133,0,0,0,0,0,0,0,1
5338653,0,0,0,0,0,0,1,1
5338661,0,0,0,0,0,0,1,0
5339178,0,0,0,0,0,0,0,0
5339186,0,0,0,0,0,0,0,1
5339706,0,0,0,0,0,0,1,1
5339714,0,0,0,0,0,0,1,0
5340230,0,0,0,0,0,0,0,0
5340238,0,0,0,0,0,0,0,1
5340758,0,0,0,0,0,0,1,1
5340766,0,0,0,0,0,0,1,0
5341283,0,0,0,0,0,0,0,0
5341290,0,0,0,0,0,0,0,1
5341811,0,0,0,0,0,0,1,1
5341819,0,0,0,0,0,0,1,0
5342336,0,0,0,0,0,0,0,0
5342344,0,0,0,0,0,0,0,1
5342866,0,0,0,0,0,0,1,1
5342873,0,0,0,0,0,0,1,0
5343390,0,0,0,0,0,0,0,0
5343398,0,0,0,0,0,0,0,1
5343918,0,0,0,0,0,0,1,1
5343926,0,0,0,0,0,0,1,0
5344443,0,0,0,0,0,0,0,0
5344450,0,0,0,0,0,0,0,1
5344971,0,0,0,0,0,0,1,1
5344980,0,0,0,0,0,0,1,0
5345496,0,0,0,0,0,0,0,0
5345504,0,0,0,0,0,0,0,1
5346025,0,0,0,0,0,0,1,1
5346034,0,0,0,0,0,0,1,0
5346550,0,0,0,0,0,0,0,0
5346558,0,0,0,0,0,0,0,1
5347080,0,0,0,0,0,0,1,1
5347088,0,0,0,0,0,0,1,0
5347606,0,0,0,0,0,0,0,0
5347614,0,0,0,0,0,0,0,1
5348134,0,0,0,0,0,0,1,1
5348142,0,0,0,0,0,0,1,0
5348658,0,0,0,0,0,0,0,0
5348666,0,0,0,0,0,0,0,1
5349186,0,0,0,0,0,0,1,1
5349194,0,0,0,0,0,0,1,0
5349711,0,0,0,0,0,0,0,0
5349719,0,0,0,0,0,0,0,1
5350239,0,0,0,0,0,0,1,1
5350247,0,0,0,0,0,0,1,0
5350764,0,0,0,0,0,0,0,0
5350772,0,0,0,0,0,0,0,1
5351293,0,0,0,0,0,0,1,1
5351301,0,0,0,0,0,0,1,0
5351817,0,0,0,0,0,0,0,0
5351824,0,0,0,0,0,0,0,1
5352345,0,0,0,0,0,0,1,1
5352353,0,0,0,0,0,0,1,0
5352870,0,0,0,0,0,0,0,0
5352878,0,0,0,0,0,0,0,1
5353399,0,0,0,0,0,0,1,1
5353407,0,0,0,0,0,0,1,0
5353925,0,0,0,0,0,0,0,0
5353932,0,0,0,0,0,0,0,1
5354453,0,0,0,0,0,0,1,1
5354461,0,0,0,0,0,0,1,0
5354977,0,0,0,0,0,0,0,0
5354985,0,0,0,0,0,0,0,1
5355506,0,0,0,0,0,0,1,1
5355514,0,0,0,0,0,0,1,0
5356029,0,0,0,0,0,0,0,0
5356037,0,0,0,0,0,0,0,1
5356558,0,0,0,0,0,0,1,1
5356566,0,0,0,0,0,0,1,0
5357082,0,0,0,0,0,0,0,0
5357090,0,0,0,0,0,0,0,1
5357609,0,0,0,0,0,0,1,1
5357618,0,0,0,0,0,0,1,0
5358134,0,0,0,0,0,0,0,0
5358142,0,0,0,0,0,0,0,1
5358663,0,0,0,0,0,0,1,1
5358671,0,0,0,0,0,0,1,0
5359188,0,0,0,0,0,0,0,0
5359196,0,0,0,0,0,0,0,1
5359718,0,0,0,0,0,0,1,1
5359726,0,0,0,0,0,0,1,0
5360242,0,0,0,0,0,0,0,0
5360249,0,0,0,0,0,0,0,1
5360770,0,0,0,0,0,0,1,1
5360778,0,0,0,0,0,0,1,0
5361296,0,0,0,0,0,0,0,0
5361304,0,0,0,0,0,0,0,1
5361825,0,0,0,0,0,0,1,1
5361833,0,0,0,0,0,0,1,0
5362350,0,0,0,0,0,0,0,0
5362357,0,0,0,0,0,0,0,1
5362879,0,0,0,0,0,0,1,1
5362886,0,0,0,0,0,0,1,0
5363403,0,0,0,0,0,0,0,0
5363411,0,0,0,0,0,0,0,1
5363932,0,0,0,0,0,0,1,1
5363940,0,0,0,0,0,0,1,0
5364456,0,0,0,0,0,0,0,0
5364464,0,0,0,0,0,0,0,1
5364984,0,0,0,0,0,0,1,1
5364992,0,0,0,0,0,0,1,0
5365508,0,0,0,0,0,0,0,0
5365516,0,0,0,0,0,0,0,1
5366036,0,0,0,0,0,0,1,1
5366044,0,0,0,0,0,0,1,0
5366561,0,0,0,0,0,0,0,0
5366569,0,0,0,0,0,0,0,1
5367090,0,0,0,0,0,0,1,1
5367098,0,0,0,0,0,0,1,0
5367613,0,0,0,0,0,0,0,0
5367621,0,0,0,0,0,0,0,1
5368142,0,0,0,0,0,0,1,1
5368150,0,0,0,0,0,0,1,0
5368666,0,0,0,0,0,0,0,0
5368674,0,0,0,0,0,0,0,1
5369194,0,0,0,0,0,0,1,1
5369202,0,0,0,0,0,0,1,0
5369719,0,0,0,0,0,0,0,0
5369727,0,0,0,0,0,0,0,1
5370248,0,0,0,0,0,0,1,1
5370256,0,0,0,0,0,0,1,0
5370773,0,0,0,0,0,0,0,0
5370781,0,0,0,0,0,0,0,1
5371301,0,0,0,0,0,0,1,1
5371309,0,0,0,0,0,0,1,0
5371826,0,0,0,0,0,0,0,0
5371834,0,0,0,0,0,0,0,1
5372355,0,0,0,0,0,0,1,1
5372363,0,0,0,0,0,0,1,0
5372879,0,0,0,0,0,0,0,0
5372886,0,0,0,0,0,0,0,1
5373406,0,0,0,0,0,0,1,1
5373414,0,0,0,0,0,0,1,0
5373932,0,0,0,0,0,0,0,0
5373939,0,0,0,0,0,0,0,1
5374461,0,0,0,0,0,0,1,1
5374469,0,0,0,0,0,0,1,0
5374986,0,0,0,0,0,0,0,0
5374993,0,0,0,0,0,0,0,1
5375514,0,0,0,0,0,0,1,1
5375522,0,0,0,0,0,0,1,0
5376038,0,0,0,0,0,0,0,0
5376046,0,0,0,0,0,0,0,1
5376566,0,0,0,0,0,0,1,1
5376574,0,0,0,0,0,0,1,0
5377091,0,0,0,0,0,0,0,0
5377099,0,0,0,0,0,0,0,1
5377620,0,0,0,0,0,0,1,1
5377628,0,0,0,0,0,0,1,0
5378146,0,0,0,0,0,0,0,0
5378154,0,0,0,0,0,0,0,1
5378673,0,0,0,0,0,0,1,1
5378681,0,0,0,0,0,0,1,0
5379198,0,0,0,0,0,0,0,0
5379206,0,0,0,0,0,0,0,1
5379728,0,0,0,0,0,0,1,1
5379736,0,0,0,0,0,0,1,0
5380252,0,0,0,0,0,0,0,0
5380260,0,0,0,0,0,0,0,1
5380780,0,0,0,0,0,0,1,1
5380788,0,0,0,0,0,0,1,0
5381307,0,0,0,0,0,0,0,0
5381314,0,0,0,0,0,0,0,1
5381835,0,0,0,0,0,0,1,1
5381843,0,0,0,0,0,0,1,0
5382360,0,0,0,0,0,0,0,0
5382368,0,0,0,0,0,0,0,1
5382889,0,0,0,0,0,0,1,1
5382897,0,0,0,0,0,0,1,0
5383413,0,0,0,0,0,0,0,0
5383421,0,0,0,0,0,0,0,1
5383941,0,0,0,0,0,0,1,1
5383949,0,0,0,0,0,0,1,0
5384466,0,0,0,0,0,0,0,0
5384474,0,0,0,0,0,0,0,1
5384995,0,0,0,0,0,0,1,1
5385004,0,0,0,0,0,0,1,0
5385520,0,0,0,0,0,0,0,0
5385528,0,0,0,0,0,0,0,1
5386048,0,0,0,0,0,0,1,1
5386056,0,0,0,0,0,0,1,0
5386573,0,0,0,0,0,0,0,0
5386581,0,0,0,0,0,0,0,1
5387102,0,0,0,0,0,0,1,1
5387110,0,0,0,0,0,0,1,0
5387626,0,0,0,0,0,0,0,0
5387634,0,0,0,0,0,0,0,1
5388155,0,0,0,0,0,0,1,1
5388163,0,0,0,0,0,0,1,0
5388680,0,0,0,0,0,0,0,0
5388687,0,0,0,0,0,0,0,1
5389208,0,0,0,0,0,0,1,1
5389216,0,0,0,0,0,0,1,0
5389732,0,0,0,0,0,0,0,0
5389739,0,0,0,0,0,0,0,1
5390260,0,0,0,0,0,0,1,1
5390268,0,0,0,0,0,0,1,0
5390785,0,0,0,0,0,0,0,0
5390792,0,0,0,0,0,0,0,1
5391313,0,0,0,0,0,0,1,1
5391321,0,0,0,0,0,0,1,0
5391838,0,0,0,0,0,0,0,0
5391845,0,0,0,0,0,0,0,1
5392366,0,0,0,0,0,0,1,1
5392374,0,0,0,0,0,0,1,0
5392891,0,0,0,0,0,0,0,0
5392899,0,0,0,0,0,0,0,1
5393420,0,0,0,0,0,0,1,1
5393428,0,0,0,0,0,0,1,0
5393944,0,0,0,0,0,0,0,0
5393952,0,0,0,0,0,0,0,1
5394472,0,0,0,0,0,0,1,1
5394480,0,0,0,0,0,0,1,0
5394997,0,0,0,0,0,0,0,0
5395005,0,0,0,0,0,0,0,1
5395526,0,0,0,0,0,0,1,1
5395534,0,0,0,0,0,0,1,0
5396050,0,0,0,0,0,0,0,0
5396058,0,0,0,0,0,0,0,1
5396579,0,0,0,0,0,0,1,1
5396586,0,0,0,0,0,0,1,0
5397102,0,0,0,0,0,0,0,0
5397109,0,0,0,0,0,0,0,1
5397630,0,0,0,0,0,0,1,1
5397638,0,0,0,0,0,0,1,0
5398155,0,0,0,0,0,0,0,0
5398163,0,0,0,0,0,0,0,1
5398683,0,0,0,0,0,0,1,1
5398691,0,0,0,0,0,0,1,0
5399208,0,0,0,0,0,0,0,0
5399216,0,0,0,0,0,0,0,1
5399737,0,0,0,0,0,0,1,1
5399745,0,0,0,0,0,0,1,0
5400262,0,0,0,0,0,0,0,0
5400270,0,0,0,0,0,0,0,1
5400790,0,0,0,0,0,0,1,1
5400799,0,0,0,0,0,0,1,0
5401315,0,0,0,0,0,0,0,0
5401323,0,0,0,0,0,0,0,1
5401844,0,0,0,0,0,0,1,1
5401852,0,0,0,0,0,0,1,0
5402368,0,0,0,0,0,0,0,0
5402376,0,0,0,0,0,0,0,1
5402896,0,0,0,0,0,0,1,1
5402904,0,0,0,0,0,0,1,0
5403421,0,0,0,0,0,0,0,0
5403429,0,0,0,0,0,0,0,1
5403950,0,0,0,0,0,0,1,1
5403958,0,0,0,0,0,0,1,0
5404475,0,0,0,0,0,0,0,0
5404483,0,0,0,0,0,0,0,1
5405004,0,0,0,0,0,0,1,1
5405012,0,0,0,0,0,0,1,0
5405528,0,0,0,0,0,0,0,0
5405536,0,0,0,0,0,0,0,1
5406057,0,0,0,0,0,0,1,1
5406065,0,0,0,0,0,0,1,0
5406580,0,0,0,0,0,0,0,0
5406588,0,0,0,0,0,0,0,1
5407109,0,0,0,0,0,0,1,1
5407117,0,0,0,0,0,0,1,0
5407634,0,0,0,0,0,0,0,0
5407642,0,0,0,0,0,0,0,1
5408163,0,0,0,0,0,0,1,1
5408171,0,0,0,0,0,0,1,0
5408688,0,0,0,0,0,0,0,0
5408695,0,0,0,0,0,0,0,1
5409216,0,0,0,0,0,0,1,1
5409224,0,0,0,0,0,0,1,0
5409739,0,0,0,0,0,0,0,0
5409747,0,0,0,0,0,0,0,1
5410268,0,0,0,0,0,0,1,1
5410276,0,0,0,0,0,0,1,0
5410792,0,0,0,0,0,0,0,0
5410800,0,0,0,0,0,0,0,1
5411320,0,0,0,0,0,0,1,1
5411328,0,0,0,0,0,0,1,0
5411846,0,0,0,0,0,0,0,0
5411853,0,0,0,0,0,0,0,1
5412374,0,0,0,0,0,0,1,1
5412382,0,0,0,0,0,0,1,0
5412899,0,0,0,0,0,0,0,0
5412906,0,0,0,0,0,0,0,1
5413427,0,0,0,0,0,0,1,1
5413436,0,0,0,0,0,0,1,0
5413952,0,0,0,0,0,0,0,0
5413959,0,0,0,0,0,0,0,1
5414480,0,0,0,0,0,0,1,1
5414488,0,0,0,0,0,0,1,0
5415004,0,0,0,0,0,0,0,0
5415012,0,0,0,0,0,0,0,1
5415533,0,0,0,0,0,0,1,1
5415541,0,0,0,0,0,0,1,0
5416057,0,0,0,0,0,0,0,0
5416065,0,0,0,0,0,0,0,1
5416585,0,0,0,0,0,0,1,1
5416594,0,0,0,0,0,0,1,0
5417111,0,0,0,0,0,0,0,0
5417119,0,0,0,0,0,0,0,1
5417639,0,0,0,0,0,0,1,1
5417647,0,0,0,0,0,0,1,0
5418164,0,0,0,0,0,0,0,0
5418172,0,0,0,0,0,0,0,1
5418693,0,0,0,0,0,0,1,1
5418700,0,0,0,0,0,0,1,0
5419217,0,0,0,0,0,0,0,0
5419225,0,0,0,0,0,0,0,1
5419746,0,0,0,0,0,0,1,1
5419754,0,0,0,0,0,0,1,0
5420272,0,0,0,0,0,0,0,0
5420280,0,0,0,0,0,0,0,1
5420801,0,0,0,0,0,0,1,1
5420809,0,0,0,0,0,0,1,0
5421326,0,0,0,0,0,0,0,0
5421333,0,0,0,0,0,0,0,1
5421854,0,0,0,0,0,0,1,1
5421862,0,0,0,0,0,0,1,0
5422380,0,0,0,0,0,0,0,0
5422388,0,0,0,0,0,0,0,1
5422909,0,0,0,0,0,0,1,1
5422916,0,0,0,0,0,0,1,0
5423434,0,0,0,0,0,0,0,0
5423442,0,0,0,0,0,0,0,1
5423962,0,0,0,0,0,0,1,1
5423971,0,0,0,0,0,0,1,0
5424486,0,0,0,0,0,0,0,0
5424494,0,0,0,0,0,0,0,1
5425014,0,0,0,0,0,0,1,1
5425023,0,0,0,0,0,0,1,0
5425539,0,0,0,0,0,0,0,0
5425547,0,0,0,0,0,0,0,1
5426067,0,0,0,0,0,0,1,1
5426076,0,0,0,0,0,0,1,0
5426592,0,0,0,0,0,0,0,0
5426600,0,0,0,0,0,0,0,1
5427121,0,0,0,0,0,0,1,1
5427128,0,0,0,0,0,0,1,0
5427645,0,0,0,0,0,0,0,0
5427653,0,0,0,0,0,0,0,1
5428174,0,0,0,0,0,0,1,1
5428182,0,0,0,0,0,0,1,0
5428699,0,0,0,0,0,0,0,0
5428708,0,0,0,0,0,0,0,1
5429229,0,0,0,0,0,0,1,1
5429237,0,0,0,0,0,0,1,0
5429753,0,0,0,0,0,0,0,0
5429760,0,0,0,0,0,0,0,1
5430281,0,0,0,0,0,0,1,1
5430289,0,0,0,0,0,0,1,0
5430806,0,0,0,0,0,0,0,0
5430814,0,0,0,0,0,0,0,1
5431335,0,0,0,0,0,0,1,1
5431343,0,0,0,0,0,0,1,0
5431860,0,0,0,0,0,0,0,0
5431868,0,0,0,0,0,0,0,1
5432388,0,0,0,0,0,0,1,1
5432396,0,0,0,0,0,0,1,0
5432914,0,0,0,0,0,0,0,0
5432921,0,0,0,0,0,0,0,1
5433442,0,0,0,0,0,0,1,1
5433450,0,0,0,0,0,0,1,0
5433967,0,0,0,0,0,0,0,0
5433975,0,0,0,0,0,0,0,1
5434497,0,0,0,0,0,0,1,1
5434505,0,0,0,0,0,0,1,0
5435021,0,0,0,0,0,0,0,0
5435029,0,0,0,0,0,0,0,1
5435550,0,0,0,0,0,0,1,1
5435558,0,0,0,0,0,0,1,0
5436075,0,0,0,0,0,0,0,0
5436083,0,0,0,0,0,0,0,1
5436604,0,0,0,0,0,0,1,1
5436612,0,0,0,0,0,0,1,0
5437128,0,0,0,0,0,0,0,0
5437136,0,0,0,0,0,0,0,1
5437657,0,0,0,0,0,0,1,1
5437665,0,0,0,0,0,0,1,0
5438181,0,0,0,0,0,0,0,0
5438189,0,0,0,0,0,0,0,1
5438710,0,0,0,0,0,0,1,1
5438717,0,0,0,0,0,0,1,0
5439235,0,0,0,0,0,0,0,0
5439242,0,0,0,0,0,0,0,1
5439764,0,0,0,0,0,0,1,1
5439772,0,0,0,0,0,0,1,0
5440289,0,0,0,0,0,0,0,0
5440296,0,0,0,0,0,0,0,1
5440816,0,0,0,0,0,0,1,1
5440824,0,0,0,0,0,0,1,0
5441341,0,0,0,0,0,0,0,0
5441349,0,0,0,0,0,0,0,1
5441870,0,0,0,0,0,0,1,1
5441878,0,0,0,0,0,0,1,0
5442394,0,0,0,0,0,0,0,0
5442402,0,0,0,0,0,0,0,1
5442923,0,0,0,0,0,0,1,1
5442931,0,0,0,0,0,0,1,0
5443448,0,0,0,0,0,0,0,0
5443456,0,0,0,0,0,0,0,1
5443977,0,0,0,0,0,0,1,1
5443985,0,0,0,0,0,0,1,0
5444502,0,0,0,0,0,0,0,0
5444510,0,0,0,0,0,0,0,1
5445031,0,0,0,0,0,0,1,1
5445039,0,0,0,0,0,0,1,0
5445555,0,0,0,0,0,0,0,0
5445563,0,0,0,0,0,0,0,1
5446084,0,0,0,0,0,0,1,1
5446092,0,0,0,0,0,0,1,0
5446608,0,0,0,0,0,0,0,0
5446616,0,0,0,0,0,0,0,1
5447138,0,0,0,0,0,0,1,1
5447146,0,0,0,0,0,0,1,0
5447662,0,0,0,0,0,0,0,0
5447670,0,0,0,0,0,0,0,1
5448191,0,0,0,0,0,0,1,1
5448199,0,0,0,0,0,0,1,0
5448717,0,0,0,0,0,0,0,0
5448724,0,0,0,0,0,0,0,1
5449244,0,0,0,0,0,0,1,1
5449253,0,0,0,0,0,0,1,0
5449769,0,0,0,0,0,0,0,0
5449777,0,0,0,0,0,0,0,1
5450298,0,0,0,0,0,0,1,1
5450306,0,0,0,0,0,0,1,0
5450821,0,0,0,0,0,0,0,0
5450829,0,0,0,0,0,0,0,1
5451350,0,0,0,0,0,0,1,1
5451358,0,0,0,0,0,0,1,0
5451875,0,0,0,0,0,0,0,0
5451883,0,0,0,0,0,0,0,1
5452403,0,0,0,0,0,0,1,1
5452411,0,0,0,0,0,0,1,0
5452927,0,0,0,0,0,0,0,0
5452935,0,0,0,0,0,0,0,1
5453455,0,0,0,0,0,0,1,1
5453463,0,0,0,0,0,0,1,0
5453980,0,0,0,0,0,0,0,0
5453988,0,0,0,0,0,0,0,1
5454508,0,0,0,0,0,0,1,1
5454516,0,0,0,0,0,0,1,0
5455032,0,0,0,0,0,0,0,0
5455040,0,0,0,0,0,0,0,1
5455560,0,0,0,0,0,0,1,1
5455568,0,0,0,0,0,0,1,0
5456084,0,0,0,0,0,0,0,0
5456092,0,0,0,0,0,0,0,1
5456612,0,0,0,0,0,0,1,1
5456620,0,0,0,0,0,0,1,0
5457136,0,0,0,0,0,0,0,0
5457144,0,0,0,0,0,0,0,1
5457664,0,0,0,0,0,0,1,1
5457673,0,0,0,0,0,0,1,0
5458190,0,0,0,0,0,0,0,0
5458198,0,0,0,0,0,0,0,1
5458718,0,0,0,0,0,0,1,1
5458726,0,0,0,0,0,0,1,0
5459243,0,0,0,0,0,0,0,0
5459250,0,0,0,0,0,0,0,1
5459771,0,0,0,0,0,0,1,1
5459779,0,0,0,0,0,0,1,0
5460296,0,0,0,0,0,0,0,0
5460303,0,0,0,0,0,0,0,1
5460824,0,0,0,0,0,0,1,1
5460832,0,0,0,0,0,0,1,0
5461349,0,0,0,0,0,0,0,0
5461357,0,0,0,0,0,0,0,1
5461877,0,0,0,0,0,0,1,1
5461885,0,0,0,0,0,0,1,0
5462402,0,0,0,0,0,0,0,0
5462410,0,0,0,0,0,0,0,1
5462930,0,0,0,0,0,0,1,1
5462938,0,0,0,0,0,0,1,0
5463455,0,0,0,0,0,0,0,0
5463463,0,0,0,0,0,0,0,1
5463984,0,0,0,0,0,0,1,1
5463992,0,0,0,0,0,0,1,0
5464509,0,0,0,0,0,0,0,0
5464516,0,0,0,0,0,0,0,1
5465037,0,0,0,0,0,0,1,1
5465045,0,0,0,0,0,0,1,0
5465562,0,0,0,0,0,0,0,0
5465570,0,0,0,0,0,0,0,1
5466090,0,0,0,0,0,0,1,1
5466099,0,0,0,0,0,0,1,0
5466616,0,0,0,0,0,0,0,0
5466624,0,0,0,0,0,0,0,1
5467144,0,0,0,0,0,0,1,1
5467152,0,0,0,0,0,0,1,0
5467669,0,0,0,0,0,0,0,0
5467677,0,0,0,0,0,0,0,1
5468198,0,0,0,0,0,0,1,1
5468206,0,0,0,0,0,0,1,0
5468724,0,0,0,0,0,0,0,0
5468732,0,0,0,0,0,0,0,1
5469254,0,0,0,0,0,0,1,1
5469261,0,0,0,0,0,0,1,0
5469779,0,0,0,0,0,0,0,0
5469786,0,0,0,0,0,0,0,1
5470307,0,0,0,0,0,0,1,1
5470315,0,0,0,0,0,0,1,0
5470831,0,0,0,0,0,0,0,0
5470839,0,0,0,0,0,0,0,1
5471360,0,0,0,0,0,0,1,1
5471369,0,0,0,0,0,0,1,0
5471885,0,0,0,0,0,0,0,0
5471893,0,0,0,0,0,0,0,1
5472413,0,0,0,0,0,0,1,1
5472421,0,0,0,0,0,0,1,0
5472938,0,0,0,0,0,0,0,0
5472946,0,0,0,0,0,0,0,1
5473467,0,0,0,0,0,0,1,1
5473475,0,0,0,0,0,0,1,0
5473991,0,0,0,0,0,0,0,0
5473998,0,0,0,0,0,0,0,1
5474519,0,0,0,0,0,0,1,1
5474527,0,0,0,0,0,0,1,0
5475045,0,0,0,0,0,0,0,0
5475053,0,0,0,0,0,0,0,1
5475573,0,0,0,0,0,0,1,1
5475581,0,0,0,0,0,0,1,0
5476098,0,0,0,0,0,0,0,0
5476105,0,0,0,0,0,0,0,1
5476626,0,0,0,0,0,0,1,1
5476634,0,0,0,0,0,0,1,0
5477152,0,0,0,0,0,0,0,0
5477160,0,0,0,0,0,0,0,1
5477680,0,0,0,0,0,0,1,1
5477688,0,0,0,0,0,0,1,0
5478205,0,0,0,0,0,0,0,0
5478213,0,0,0,0,0,0,0,1
5478734,0,0,0,0,0,0,1,1
5478742,0,0,0,0,0,0,1,0
5479259,0,0,0,0,0,0,0,0
5479267,0,0,0,0,0,0,0,1
5479789,0,0,0,0,0,0,1,1
5479797,0,0,0,0,0,0,1,0
5480314,0,0,0,0,0,0,0,0
5480322,0,0,0,0,0,0,0,1
5480843,0,0,0,0,0,0,1,1
5480851,0,0,0,0,0,0,1,0
5481368,0,0,0,0,0,0,0,0
5481375,0,0,0,0,0,0,0,1
5481895,0,0,0,0,0,0,1,1
5481904,0,0,0,0,0,0,1,0
5482421,0,0,0,0,0,0,0,0
5482428,0,0,0,0,0,0,0,1
5482949,0,0,0,0,0,0,1,1
5482957,0,0,0,0,0,0,1,0
5483474,0,0,0,0,0,0,0,0
5483482,0,0,0,0,0,0,0,1
5484003,0,0,0,0,0,0,1,1
5484011,0,0,0,0,0,0,1,0
5484528,0,0,0,0,0,0,0,0
5484536,0,0,0,0,0,0,0,1
5485057,0,0,0,0,0,0,1,1
5485065,0,0,0,0,0,0,1,0
5485582,0,0,0,0,0,0,0,0
5485589,0,0,0,0,0,0,0,1
5486110,0,0,0,0,0,0,1,1
5486118,0,0,0,0,0,0,1,0
5486634,0,0,0,0,0,0,0,0
5486641,0,0,0,0,0,0,0,1
5487162,0,0,0,0,0,0,1,1
5487170,0,0,0,0,0,0,1,0
5487686,0,0,0,0,0,0,0,0
5487694,0,0,0,0,0,0,0,1
5488214,0,0,0,0,0,0,1,1
5488222,0,0,0,0,0,0,1,0
5488738,0,0,0,0,0,0,0,0
5488746,0,0,0,0,0,0,0,1
5489266,0,0,0,0,0,0,1,1
5489274,0,0,0,0,0,0,1,0
5489791,0,0,0,0,0,0,0,0
5489799,0,0,0,0,0,0,0,1
5490319,0,0,0,0,0,0,1,1
5490327,0,0,0,0,0,0,1,0
5490843,0,0,0,0,0,0,0,0
5490851,0,0,0,0,0,0,0,1
5491371,0,0,0,0,0,0,1,1
5491379,0,0,0,0,0,0,1,0
5491896,0,0,0,0,0,0,0,0
5491903,0,0,0,0,0,0,0,1
5492424,0,0,0,0,0,0,1,1
5492432,0,0,0,0,0,0,1,0
5492949,0,0,0,0,0,0,0,0
5492956,0,0,0,0,0,0,0,1
5493478,0,0,0,0,0,0,1,1
5493486,0,0,0,0,0,0,1,0
5494002,0,0,0,0,0,0,0,0
5494010,0,0,0,0,0,0,0,1
5494531,0,0,0,0,0,0,1,1
5494539,0,0,0,0,0,0,1,0
5495056,0,0,0,0,0,0,0,0
5495064,0,0,0,0,0,0,0,1
5495585,0,0,0,0,0,0,1,1
5495593,0,0,0,0,0,0,1,0
5496110,0,0,0,0,0,0,0,0
5496117,0,0,0,0,0,0,0,1
5496639,0,0,0,0,0,0,1,1
5496647,0,0,0,0,0,0,1,0
5497163,0,0,0,0,0,0,0,0
5497171,0,0,0,0,0,0,0,1
5497691,0,0,0,0,0,0,1,1
5497699,0,0,0,0,0,0,1,0
5498216,0,0,0,0,0,0,0,0
5498224,0,0,0,0,0,0,0,1
5498745,0,0,0,0,0,0,1,1
5498753,0,0,0,0,0,0,1,0
5499270,0,0,0,0,0,0,0,0
5499277,0,0,0,0,0,0,0,1
5499798,0,0,0,0,0,0,1,1
5499806,0,0,0,0,0,0,1,0
5500324,0,0,0,0,0,0,0,0
5500331,0,0,0,0,0,0,0,1
5500852,0,0,0,0,0,0,1,1
5500860,0,0,0,0,0,0,1,0
5501377,0,0,0,0,0,0,0,0
5501384,0,0,0,0,0,0,0,1
5501904,0,0,0,0,0,0,1,1
5501913,0,0,0,0,0,0,1,0
5502430,0,0,0,0,0,0,0,0
5502438,0,0,0,0,0,0,0,1
5502959,0,0,0,0,0,0,1,1
5502967,0,0,0,0,0,0,1,0
5503483,0,0,0,0,0,0,0,0
5503491,0,0,0,0,0,0,0,1
5504012,0,0,0,0,0,0,1,1
5504020,0,0,0,0,0,0,1,0
5504538,0,0,0,0,0,0,0,0
5504546,0,0,0,0,0,0,0,1
5505067,0,0,0,0,0,0,1,1
5505075,0,0,0,0,0,0,1,0
5505593,0,0,0,0,0,0,0,0
5505601,0,0,0,0,0,0,0,1
5506120,0,0,0,0,0,0,1,1
5506128,0,0,0,0,0,0,1,0
5506646,0,0,0,0,0,0,0,0
5506654,0,0,0,0,0,0,0,1
5507174,0,0,0,0,0,0,1,1
5507182,0,0,0,0,0,0,1,0
5507699,0,0,0,0,0,0,0,0
5507707,0,0,0,0,0,0,0,1
5508228,0,0,0,0,0,0,1,1
5508236,0,0,0,0,0,0,1,0
5508752,0,0,0,0,0,0,0,0
5508760,0,0,0,0,0,0,0,1
5509281,0,0,0,0,0,0,1,1
5509289,0,0,0,0,0,0,1,0
5509806,0,0,0,0,0,0,0,0
5509813,0,0,0,0,0,0,0,1
5510334,0,0,0,0,0,0,1,1
5510342,0,0,0,0,0,0,1,0
5510859,0,0,0,0,0,0,0,0
5510867,0,0,0,0,0,0,0,1
5511387,0,0,0,0,0,0,1,1
5511396,0,0,0,0,0,0,1,0
5511913,0,0,0,0,0,0,0,0
5511921,0,0,0,0,0,0,0,1
5512442,0,0,0,0,0,0,1,1
5512450,0,0,0,0,0,0,1,0
5512966,0,0,0,0,0,0,0,0
5512974,0,0,0,0,0,0,0,1
5513495,0,0,0,0,0,0,1,1
5513503,0,0,0,0,0,0,1,0
5514020,0,0,0,0,0,0,0,0
5514028,0,0,0,0,0,0,0,1
5514549,0,0,0,0,0,0,1,1
5514557,0,0,0,0,0,0,1,0
5515073,0,0,0,0,0,0,0,0
5515081,0,0,0,0,0,0,0,1
5515602,0,0,0,0,0,0,1,1
5515610,0,0,0,0,0,0,1,0
5516127,0,0,0,0,0,0,0,0
5516135,0,0,0,0,0,0,0,1
5516655,0,0,0,0,0,0,1,1
5516664,0,0,0,0,0,0,1,0
5517181,0,0,0,0,0,0,0,0
5517188,0,0,0,0,0,0,0,1
5517709,0,0,0,0,0,0,1,1
5517717,0,0,0,0,0,0,1,0
5518234,0,0,0,0,0,0,0,0
5518241,0,0,0,0,0,0,0,1
5518761,0,0,0,0,0,0,1,1
5518770,0,0,0,0,0,0,1,0
5519288,0,0,0,0,0,0,0,0
5519295,0,0,0,0,0,0,0,1
5519815,0,0,0,0,0,0,1,1
5519824,0,0,0,0,0,0,1,0
5520340,0,0,0,0,0,0,0,0
5520348,0,0,0,0,0,0,0,1
5520869,0,0,0,0,0,0,1,1
5520877,0,0,0,0,0,0,1,0
5521393,0,0,0,0,0,0,0,0
5521401,0,0,0,0,0,0,0,1
5521921,0,0,0,0,0,0,1,1
5521929,0,0,0,0,0,0,1,0
5522444,0,0,0,0,0,0,0,0
5522452,0,0,0,0,0,0,0,1
5522973,0,0,0,0,0,0,1,1
5522981,0,0,0,0,0,0,1,0
5523498,0,0,0,0,0,0,0,0
5523506,0,0,0,0,0,0,0,1
5524026,0,0,0,0,0,0,1,1
5524034,0,0,0,0,0,0,1,0
5524552,0,0,0,0,0,0,0,0
5524560,0,0,0,0,0,0,0,1
5525081,0,0,0,0,0,0,1,1
5525089,0,0,0,0,0,0,1,0
5525606,0,0,0,0,0,0,0,0
5525614,0,0,0,0,0,0,0,1
5526135,0,0,0,0,0,0,1,1
5526143,0,0,0,0,0,0,1,0
5526660,0,0,0,0,0,0,0,0
5526668,0,0,0,0,0,0,0,1
5527187,0,0,0,0,0,0,1,1
5527196,0,0,0,0,0,0,1,0
5527713,0,0,0,0,0,0,0,0
5527721,0,0,0,0,0,0,0,1
5528243,0,0,0,0,0,0,1,1
5528250,0,0,0,0,0,0,1,0
5528767,0,0,0,0,0,0,0,0
5528775,0,0,0,0,0,0,0,1
5529296,0,0,0,0,0,0,1,1
5529304,0,0,0,0,0,0,1,0
5529820,0,0,0,0,0,0,0,0
5529828,0,0,0,0,0,0,0,1
5530348,0,0,0,0,0,0,1,1
5530356,0,0,0,0,0,0,1,0
5530872,0,0,0,0,0,0,0,0
5530880,0,0,0,0,0,0,0,1
5531401,0,0,0,0,0,0,1,1
5531409,0,0,0,0,0,0,1,0
5531926,0,0,0,0,0,0,0,0
5531934,0,0,0,0,0,0,0,1
5532455,0,0,0,0,0,0,1,1
5532462,0,0,0,0,0,0,1,0
5532978,0,0,0,0,0,0,0,0
5532985,0,0,0,0,0,0,0,1
5533506,0,0,0,0,0,0,1,1
5533514,0,0,0,0,0,0,1,0
5534032,0,0,0,0,0,0,0,0
5534039,0,0,0,0,0,0,0,1
5534560,0,0,0,0,0,0,1,1
5534568,0,0,0,0,0,0,1,0
5535085,0,0,0,0,0,0,0,0
5535093,0,0,0,0,0,0,0,1
5535614,0,0,0,0,0,0,1,1
5535621,0,0,0,0,0,0,1,0
5536137,0,0,0,0,0,0,0,0
5536145,0,0,0,0,0,0,0,1
5536666,0,0,0,0,0,0,1,1
5536674,0,0,0,0,0,0,1,0
5537190,0,0,0,0,0,0,0,0
5537198,0,0,0,0,0,0,0,1
5537719,0,0,0,0,0,0,1,1
5537727,0,0,0,0,0,0,1,0
5538244,0,0,0,0,0,0,0,0
5538252,0,0,0,0,0,0,0,1
5538772,0,0,0,0,0,0,1,1
5538780,0,0,0,0,0,0,1,0
5539296,0,0,0,0,0,0,0,0
5539303,0,0,0,0,0,0,0,1
5539823,0,0,0,0,0,0,1,1
5539831,0,0,0,0,0,0,1,0
5540348,0,0,0,0,0,0,0,0
5540356,0,0,0,0,0,0,0,1
5540877,0,0,0,0,0,0,1,1
5540885,0,0,0,0,0,0,1,0
5541401,0,0,0,0,0,0,0,0
5541409,0,0,0,0,0,0,0,1
5541930,0,0,0,0,0,0,1,1
5541938,0,0,0,0,0,0,1,0
5542455,0,0,0,0,0,0,0,0
5542462,0,0,0,0,0,0,0,1
5542983,0,0,0,0,0,0,1,1
5542991,0,0,0,0,0,0,1,0
5543507,0,0,0,0,0,0,0,0
5543515,0,0,0,0,0,0,0,1
5544036,0,0,0,0,0,0,1,1
5544044,0,0,0,0,0,0,1,0
5544561,0,0,0,0,0,0,0,0
5544569,0,0,0,0,0,0,0,1
5545089,0,0,0,0,0,0,1,1
5545097,0,0,0,0,0,0,1,0
5545614,0,0,0,0,0,0,0,0
5545622,0,0,0,0,0,0,0,1
5546142,0,0,0,0,0,0,1,1
5546150,0,0,0,0,0,0,1,0
5546667,0,0,0,0,0,0,0,0
5546675,0,0,0,0,0,0,0,1
5547196,0,0,0,0,0,0,1,1
5547204,0,0,0,0,0,0,1,0
5547721,0,0,0,0,0,0,0,0
5547729,0,0,0,0,0,0,0,1
5548250,0,0,0,0,0,0,1,1
5548258,0,0,0,0,0,0,1,0
5548775,0,0,0,0,0,0,0,0
5548782,0,0,0,0,0,0,0,1
5549303,0,0,0,0,0,0,1,1
5549311,0,0,0,0,0,0,1,0
5549827,0,0,0,0,0,0,0,0
5549835,0,0,0,0,0,0,0,1
5550355,0,0,0,0,0,0,1,1
5550363,0,0,0,0,0,0,1,0
5550879,0,0,0,0,0,0,0,0
5550887,0,0,0,0,0,0,0,1
5551408,0,0,0,0,0,0,1,1
5551415,0,0,0,0,0,0,1,0
5551932,0,0,0,0,0,0,0,0
5551940,0,0,0,0,0,0,0,1
5552460,0,0,0,0,0,0,1,1
5552468,0,0,0,0,0,0,1,0
5552984,0,0,0,0,0,0,0,0
5552992,0,0,0,0,0,0,0,1
5553512,0,0,0,0,0,0,1,1
5553521,0,0,0,0,0,0,1,0
5554038,0,0,0,0,0,0,0,0
5554046,0,0,0,0,0,0,0,1
5554566,0,0,0,0,0,0,1,1
5554574,0,0,0,0,0,0,1,0
5555091,0,0,0,0,0,0,0,0
5555098,0,0,0,0,0,0,0,1
5555618,0,0,0,0,0,0,1,1
5555626,0,0,0,0,0,0,1,0
5556142,0,0,0,0,0,0,0,0
5556150,0,0,0,0,0,0,0,1
5556670,0,0,0,0,0,0,1,1
5556679,0,0,0,0,0,0,1,0
5557195,0,0,0,0,0,0,0,0
5557203,0,0,0,0,0,0,0,1
5557723,0,0,0,0,0,0,1,1
5557731,0,0,0,0,0,0,1,0
5558248,0,0,0,0,0,0,0,0
5558256,0,0,0,0,0,0,0,1
5558776,0,0,0,0,0,0,1,1
5558784,0,0,0,0,0,0,1,0
5559300,0,0,0,0,0,0,0,0
5559308,0,0,0,0,0,0,0,1
5559829,0,0,0,0,0,0,1,1
5559837,0,0,0,0,0,0,1,0
5560353,0,0,0,0,0,0,0,0
5560360,0,0,0,0,0,0,0,1
5560881,0,0,0,0,0,0,1,1
5560889,0,0,0,0,0,0,1,0
5561407,0,0,0,0,0,0,0,0
5561414,0,0,0,0,0,0,0,1
5561935,0,0,0,0,0,0,1,1
5561943,0,0,0,0,0,0,1,0
5562460,0,0,0,0,0,0,0,0
5562468,0,0,0,0,0,0,0,1
5562989,0,0,0,0,0,0,1,1
5562998,0,0,0,0,0,0,1,0
5563513,0,0,0,0,0,0,0,0
5563521,0,0,0,0,0,0,0,1
5564042,0,0,0,0,0,0,1,1
5564050,0,0,0,0,0,0,1,0
5564567,0,0,0,0,0,0,0,0
5564574,0,0,0,0,0,0,0,1
5565095,0,0,0,0,0,0,1,1
5565103,0,0,0,0,0,0,1,0
5565619,0,0,0,0,0,0,0,0
5565627,0,0,0,0,0,0,0,1
5566147,0,0,0,0,0,0,1,1
5566155,0,0,0,0,0,0,1,0
5566672,0,0,0,0,0,0,0,0
5566680,0,0,0,0,0,0,0,1
5567201,0,0,0,0,0,0,1,1
5567209,0,0,0,0,0,0,1,0
5567726,0,0,0,0,0,0,0,0
5567734,0,0,0,0,0,0,0,1
5568255,0,0,0,0,0,0,1,1
5568263,0,0,0,0,0,0,1,0
5568779,0,0,0,0,0,0,0,0
5568787,0,0,0,0,0,0,0,1
5569308,0,0,0,0,0,0,1,1
5569316,0,0,0,0,0,0,1,0
5569833,0,0,0,0,0,0,0,0
5569840,0,0,0,0,0,0,0,1
5570361,0,0,0,0,0,0,1,1
5570369,0,0,0,0,0,0,1,0
5570888,0,0,0,0,0,0,0,0
5570896,0,0,0,0,0,0,0,1
5571416,0,0,0,0,0,0,1,1
5571424,0,0,0,0,0,0,1,0
5571943,0,0,0,0,0,0,0,0
5571950,0,0,0,0,0,0,0,1
5572470,0,0,0,0,0,0,1,1
5572478,0,0,0,0,0,0,1,0
5572995,0,0,0,0,0,0,0,0
5573002,0,0,0,0,0,0,0,1
5573523,0,0,0,0,0,0,1,1
5573531,0,0,0,0,0,0,1,0
5574048,0,0,0,0,0,0,0,0
5574055,0,0,0,0,0,0,0,1
5574576,0,0,0,0,0,0,1,1
5574584,0,0,0,0,0,0,1,0
5575102,0,0,0,0,0,0,0,0
5575110,0,0,0,0,0,0,0,1
5575630,0,0,0,0,0,0,1,1
5575638,0,0,0,0,0,0,1,0
5576155,0,0,0,0,0,0,0,0
5576162,0,0,0,0,0,0,0,1
5576683,0,0,0,0,0,0,1,1
5576691,0,0,0,0,0,0,1,0
5577208,0,0,0,0,0,0,0,0
5577216,0,0,0,0,0,0,0,1
5577737,0,0,0,0,0,0,1,1
5577745,0,0,0,0,0,0,1,0
5578263,0,0,0,0,0,0,0,0
5578270,0,0,0,0,0,0,0,1
5578791,0,0,0,0,0,0,1,1
5578799,0,0,0,0,0,0,1,0
5579316,0,0,0,0,0,0,0,0
5579324,0,0,0,0,0,0,0,1
5579845,0,0,0,0,0,0,1,1
5579853,0,0,0,0,0,0,1,0
5580370,0,0,0,0,0,0,0,0
5580378,0,0,0,0,0,0,0,1
5580899,0,0,0,0,0,0,1,1
5580907,0,0,0,0,0,0,1,0
5581422,0,0,0,0,0,0,0,0
5581430,0,0,0,0,0,0,0,1
5581951,0,0,0,0,0,0,1,1
5581959,0,0,0,0,0,0,1,0
5582476,0,0,0,0,0,0,0,0
5582484,0,0,0,0,0,0,0,1
5583004,0,0,0,0,0,0,1,1
5583013,0,0,0,0,0,0,1,0
5583530,0,0,0,0,0,0,0,0
5583537,0,0,0,0,0,0,0,1
5584058,0,0,0,0,0,0,1,1
5584066,0,0,0,0,0,0,1,0
5584584,0,0,0,0,0,0,0,0
5584591,0,0,0,0,0,0,0,1
5585113,0,0,0,0,0,0,1,1
5585121,0,0,0,0,0,0,1,0
5585638,0,0,0,0,0,0,0,0
5585645,0,0,0,0,0,0,0,1
5586167,0,0,0,0,0,0,1,1
5586175,0,0,0,0,0,0,1,0
5586691,0,0,0,0,0,0,0,0
5586698,0,0,0,0,0,0,0,1
5587219,0,0,0,0,0,0,1,1
5587227,0,0,0,0,0,0,1,0
5587745,0,0,0,0,0,0,0,0
5587752,0,0,0,0,0,0,0,1
5588274,0,0,0,0,0,0,1,1
5588282,0,0,0,0,0,0,1,0
5588799,0,0,0,0,0,0,0,0
5588806,0,0,0,0,0,0,0,1
5589328,0,0,0,0,0,0,1,1
5589336,0,0,0,0,0,0,1,0
5589852,0,0,0,0,0,0,0,0
5589860,0,0,0,0,0,0,0,1
5590381,0,0,0,0,0,0,1,1
5590389,0,0,0,0,0,0,1,0
5590906,0,0,0,0,0,0,0,0
5590913,0,0,0,0,0,0,0,1
5591433,0,0,0,0,0,0,1,1
5591441,0,0,0,0,0,0,1,0
5591958,0,0,0,0,0,0,0,0
5591966,0,0,0,0,0,0,0,1
5592487,0,0,0,0,0,0,1,1
5592495,0,0,0,0,0,0,1,0
5593012,0,0,0,0,0,0,0,0
5593020,0,0,0,0,0,0,0,1
5593541,0,0,0,0,0,0,1,1
5593549,0,0,0,0,0,0,1,0
5594066,0,0,0,0,0,0,0,0
5594074,0,0,0,0,0,0,0,1
5594596,0,0,0,0,0,0,1,1
5594603,0,0,0,0,0,0,1,0
5595120,0,0,0,0,0,0,0,0
5595128,0,0,0,0,0,0,0,1
5595649,0,0,0,0,0,0,1,1
5595657,0,0,0,0,0,0,1,0
5596174,0,0,0,0,0,0,0,0
5596182,0,0,0,0,0,0,0,1
5596702,0,0,0,0,0,0,1,1
5596710,0,0,0,0,0,0,1,0
5597227,0,0,0,0,0,0,0,0
5597235,0,0,0,0,0,0,0,1
5597756,0,0,0,0,0,0,1,1
5597764,0,0,0,0,0,0,1,0
5598280,0,0,0,0,0,0,0,0
5598288,0,0,0,0,0,0,0,1
5598809,0,0,0,0,0,0,1,1
5598817,0,0,0,0,0,0,1,0
5599334,0,0,0,0,0,0,0,0
5599342,0,0,0,0,0,0,0,1
5599863,0,0,0,0,0,0,1,1
5599871,0,0,0,0,0,0,1,0
5600388,0,0,0,0,0,0,0,0
5600396,0,0,0,0,0,0,0,1
5600916,0,0,0,0,0,0,1,1
5600924,0,0,0,0,0,0,1,0
5601441,0,0,0,0,0,0,0,0
5601449,0,0,0,0,0,0,0,1
5601970,0,0,0,0,0,0,1,1
5601978,0,0,0,0,0,0,1,0
5602495,0,0,0,0,0,0,0,0
5602502,0,0,0,0,0,0,0,1
5603024,0,0,0,0,0,0,1,1
5603031,0,0,0,0,0,0,1,0
5603547,0,0,0,0,0,0,0,0
5603554,0,0,0,0,0,0,0,1
5604075,0,0,0,0,0,0,1,1
5604083,0,0,0,0,0,0,1,0
5604601,0,0,0,0,0,0,0,0
5604609,0,0,0,0,0,0,0,1
5605129,0,0,0,0,0,0,1,1
5605137,0,0,0,0,0,0,1,0
5605653,0,0,0,0,0,0,0,0
5605661,0,0,0,0,0,0,0,1
5606181,0,0,0,0,0,0,1,1
5606189,0,0,0,0,0,0,1,0
5606706,0,0,0,0,0,0,0,0
5606714,0,0,0,0,0,0,0,1
5607234,0,0,0,0,0,0,1,1
5607243,0,0,0,0,0,0,1,0
5607759,0,0,0,0,0,0,0,0
5607766,0,0,0,0,0,0,0,1
5608287,0,0,0,0,0,0,1,1
5608295,0,0,0,0,0,0,1,0
5608813,0,0,0,0,0,0,0,0
5608820,0,0,0,0,0,0,0,1
5609342,0,0,0,0,0,0,1,1
5609350,0,0,0,0,0,0,1,0
5609867,0,0,0,0,0,0,0,0
5609874,0,0,0,0,0,0,0,1
5610396,0,0,0,0,0,0,1,1
5610404,0,0,0,0,0,0,1,0
5610921,0,0,0,0,0,0,0,0
5610929,0,0,0,0,0,0,0,1
5611450,0,0,0,0,0,0,1,1
5611458,0,0,0,0,0,0,1,0
5611975,0,0,0,0,0,0,0,0
5611983,0,0,0,0,0,0,0,1
5612503,0,0,0,0,0,0,1,1
5612512,0,0,0,0,0,0,1,0
5613029,0,0,0,0,0,0,0,0
5613037,0,0,0,0,0,0,0,1
5613558,0,0,0,0,0,0,1,1
5613566,0,0,0,0,0,0,1,0
5614082,0,0,0,0,0,0,0,0
5614090,0,0,0,0,0,0,0,1
5614611,0,0,0,0,0,0,1,1
5614619,0,0,0,0,0,0,1,0
5615136,0,0,0,0,0,0,0,0
5615144,0,0,0,0,0,0,0,1
5615665,0,0,0,0,0,0,1,1
5615673,0,0,0,0,0,0,1,0
5616189,0,0,0,0,0,0,0,0
5616197,0,0,0,0,0,0,0,1
5616717,0,0,0,0,0,0,1,1
5616725,0,0,0,0,0,0,1,0
5617241,0,0,0,0,0,0,0,0
5617248,0,0,0,0,0,0,0,1
5617769,0,0,0,0,0,0,1,1
5617777,0,0,0,0,0,0,1,0
5618294,0,0,0,0,0,0,0,0
5618302,0,0,0,0,0,0,0,1
5618822,0,0,0,0,0,0,1,1
5618830,0,0,0,0,0,0,1,0
5619348,0,0,0,0,0,0,0,0
5619356,0,0,0,0,0,0,0,1
5619876,0,0,0,0,0,0,1,1
5619884,0,0,0,0,0,0,1,0
5620402,0,0,0,0,0,0,0,0
5620410,0,0,0,0,0,0,0,1
5620930,0,0,0,0,0,0,1,1
5620939,0,0,0,0,0,0,1,0
5621454,0,0,0,0,0,0,0,0
5621462,0,0,0,0,0,0,0,1
5621983,0,0,0,0,0,0,1,1
5621991,0,0,0,0,0,0,1,0
5622508,0,0,0,0,0,0,0,0
5622515,0,0,0,0,0,0,0,1
5623036,0,0,0,0,0,0,1,1
5623044,0,0,0,0,0,0,1,0
5623561,0,0,0,0,0,0,0,0
5623568,0,0,0,0,0,0,0,1
5624089,0,0,0,0,0,0,1,1
5624097,0,0,0,0,0,0,1,0
5624613,0,0,0,0,0,0,0,0
5624621,0,0,0,0,0,0,0,1
5625141,0,0,0,0,0,0,1,1
5625149,0,0,0,0,0,0,1,0
5625665,0,0,0,0,0,0,0,0
5625673,0,0,0,0,0,0,0,1
5626193,0,0,0,0,0,0,1,1
5626201,0,0,0,0,0,0,1,0
5626718,0,0,0,0,0,0,0,0
5626726,0,0,0,0,0,0,0,1
5627246,0,0,0,0,0,0,1,1
5627254,0,0,0,0,0,0,1,0
5627772,0,0,0,0,0,0,0,0
5627780,0,0,0,0,0,0,0,1
5628300,0,0,0,0,0,0,1,1
5628308,0,0,0,0,0,0,1,0
5628827,0,0,0,0,0,0,0,0
5628834,0,0,0,0,0,0,0,1
5629356,0,0,0,0,0,0,1,1
5629364,0,0,0,0,0,0,1,0
5629880,0,0,0,0,0,0,0,0
5629888,0,0,0,0,0,0,0,1
5630409,0,0,0,0,0,0,1,1
5630417,0,0,0,0,0,0,1,0
5630933,0,0,0,0,0,0,0,0
5630941,0,0,0,0,0,0,0,1
5631462,0,0,0,0,0,0,1,1
5631469,0,0,0,0,0,0,1,0
5631986,0,0,0,0,0,0,0,0
5631994,0,0,0,0,0,0,0,1
5632515,0,0,0,0,0,0,1,1
5632523,0,0,0,0,0,0,1,0
5633039,0,0,0,0,0,0,0,0
5633047,0,0,0,0,0,0,0,1
5633568,0,0,0,0,0,0,1,1
5633576,0,0,0,0,0,0,1,0
5634094,0,0,0,0,0,0,0,0
5634102,0,0,0,0,0,0,0,1
5634623,0,0,0,0,0,0,1,1
5634631,0,0,0,0,0,0,1,0
5635148,0,0,0,0,0,0,0,0
5635155,0,0,0,0,0,0,0,1
5635676,0,0,0,0,0,0,1,1
5635684,0,0,0,0,0,0,1,0
5636201,0,0,0,0,0,0,0,0
5636208,0,0,0,0,0,0,0,1
5636729,0,0,0,0,0,0,1,1
5636737,0,0,0,0,0,0,1,0
5637255,0,0,0,0,0,0,0,0
5637263,0,0,0,0,0,0,0,1
5637783,0,0,0,0,0,0,1,1
5637791,0,0,0,0,0,0,1,0
5638308,0,0,0,0,0,0,0,0
5638316,0,0,0,0,0,0,0,1
5638837,0,0,0,0,0,0,1,1
5638845,0,0,0,0,0,0,1,0
5639362,0,0,0,0,0,0,0,0
5639369,0,0,0,0,0,0,0,1
5639890,0,0,0,0,0,0,1,1
5639898,0,0,0,0,0,0,1,0
5640416,0,0,0,0,0,0,0,0
5640423,0,0,0,0,0,0,0,1
5640944,0,0,0,0,0,0,1,1
5640952,0,0,0,0,0,0,1,0
5641470,0,0,0,0,0,0,0,0
5641478,0,0,0,0,0,0,0,1
5641999,0,0,0,0,0,0,1,1
5642007,0,0,0,0,0,0,1,0
5642523,0,0,0,0,0,0,0,0
5642531,0,0,0,0,0,0,0,1
5643051,0,0,0,0,0,0,1,1
5643059,0,0,0,0,0,0,1,0
5643575,0,0,0,0,0,0,0,0
5643583,0,0,0,0,0,0,0,1
5644103,0,0,0,0,0,0,1,1
5644111,0,0,0,0,0,0,1,0
5644629,0,0,0,0,0,0,0,0
5644637,0,0,0,0,0,0,0,1
5645158,0,0,0,0,0,0,1,1
5645166,0,0,0,0,0,0,1,0
5645683,0,0,0,0,0,0,0,0
5645691,0,0,0,0,0,0,0,1
5646211,0,0,0,0,0,0,1,1
5646219,0,0,0,0,0,0,1,0
5646736,0,0,0,0,0,0,0,0
5646744,0,0,0,0,0,0,0,1
5647265,0,0,0,0,0,0,1,1
5647273,0,0,0,0,0,0,1,0
5647790,0,0,0,0,0,0,0,0
5647797,0,0,0,0,0,0,0,1
5648319,0,0,0,0,0,0,1,1
5648327,0,0,0,0,0,0,1,0
5648844,0,0,0,0,0,0,0,0
5648852,0,0,0,0,0,0,0,1
5649372,0,0,0,0,0,0,1,1
5649380,0,0,0,0,0,0,1,0
5649897,0,0,0,0,0,0,0,0
5649905,0,0,0,0,0,0,0,1
5650426,0,0,0,0,0,0,1,1
5650435,0,0,0,0,0,0,1,0
5650952,0,0,0,0,0,0,0,0
5650960,0,0,0,0,0,0,0,1
5651481,0,0,0,0,0,0,1,1
5651489,0,0,0,0,0,0,1,0
5652006,0,0,0,0,0,0,0,0
5652014,0,0,0,0,0,0,0,1
5652535,0,0,0,0,0,0,1,1
5652543,0,0,0,0,0,0,1,0
5653059,0,0,0,0,0,0,0,0
5653067,0,0,0,0,0,0,0,1
5653586,0,0,0,0,0,0,1,1
5653594,0,0,0,0,0,0,1,0
5654112,0,0,0,0,0,0,0,0
5654119,0,0,0,0,0,0,0,1
5654641,0,0,0,0,0,0,1,1
5654649,0,0,0,0,0,0,1,0
5655166,0,0,0,0,0,0,0,0
5655174,0,0,0,0,0,0,0,1
5655695,0,0,0,0,0,0,1,1
5655702,0,0,0,0,0,0,1,0
5656219,0,0,0,0,0,0,0,0
5656227,0,0,0,0,0,0,0,1
5656748,0,0,0,0,0,0,1,1
5656756,0,0,0,0,0,0,1,0
5657272,0,0,0,0,0,0,0,0
5657280,0,0,0,0,0,0,0,1
5657801,0,0,0,0,0,0,1,1
5657809,0,0,0,0,0,0,1,0
5658326,0,0,0,0,0,0,0,0
5658334,0,0,0,0,0,0,0,1
5658854,0,0,0,0,0,0,1,1
5658863,0,0,0,0,0,0,1,0
5659380,0,0,0,0,0,0,0,0
5659388,0,0,0,0,0,0,0,1
5659908,0,0,0,0,0,0,1,1
5659916,0,0,0,0,0,0,1,0
5660433,0,0,0,0,0,0,0,0
5660441,0,0,0,0,0,0,0,1
5660961,0,0,0,0,0,0,1,1
5660969,0,0,0,0,0,0,1,0
5661486,0,0,0,0,0,0,0,0
5661494,0,0,0,0,0,0,0,1
5662015,0,0,0,0,0,0,1,1
5662023,0,0,0,0,0,0,1,0
5662540,0,0,0,0,0,0,0,0
5662548,0,0,0,0,0,0,0,1
5663069,0,0,0,0,0,0,1,1
5663077,0,0,0,0,0,0,1,0
5663593,0,0,0,0,0,0,0,0
5663601,0,0,0,0,0,0,0,1
5664122,0,0,0,0,0,0,1,1
5664129,0,0,0,0,0,0,1,0
5664647,0,0,0,0,0,0,0,0
5664655,0,0,0,0,0,0,0,1
5665176,0,0,0,0,0,0,1,1
5665183,0,0,0,0,0,0,1,0
5665700,0,0,0,0,0,0,0,0
5665707,0,0,0,0,0,0,0,1
5666228,0,0,0,0,0,0,1,1
5666236,0,0,0,0,0,0,1,0
5666753,0,0,0,0,0,0,0,0
5666760,0,0,0,0,0,0,0,1
5667281,0,0,0,0,0,0,1,1
5667289,0,0,0,0,0,0,1,0
5667805,0,0,0,0,0,0,0,0
5667813,0,0,0,0,0,0,0,1
5668334,0,0,0,0,0,0,1,1
5668342,0,0,0,0,0,0,1,0
5668857,0,0,0,0,0,0,0,0
5668865,0,0,0,0,0,0,0,1
5669386,0,0,0,0,0,0,1,1
5669394,0,0,0,0,0,0,1,0
5669910,0,0,0,0,0,0,0,0
5669918,0,0,0,0,0,0,0,1
5670439,0,0,0,0,0,0,1,1
5670447,0,0,0,0,0,0,1,0
5670964,0,0,0,0,0,0,0,0
5670972,0,0,0,0,0,0,0,1
5671493,0,0,0,0,0,0,1,1
5671501,0,0,0,0,0,0,1,0
5672018,0,0,0,0,0,0,0,0
5672026,0,0,0,0,0,0,0,1
5672546,0,0,0,0,0,0,1,1
5672554,0,0,0,0,0,0,1,0
5673071,0,0,0,0,0,0,0,0
5673079,0,0,0,0,0,0,0,1
5673600,0,0,0,0,0,0,1,1
5673608,0,0,0,0,0,0,1,0
5674125,0,0,0,0,0,0,0,0
5674132,0,0,0,0,0,0,0,1
5674653,0,0,0,0,0,0,1,1
5674661,0,0,0,0,0,0,1,0
5675178,0,0,0,0,0,0,0,0
5675186,0,0,0,0,0,0,0,1
5675707,0,0,0,0,0,0,1,1
5675715,0,0,0,0,0,0,1,0
5676232,0,0,0,0,0,0,0,0
5676239,0,0,0,0,0,0,0,1
5676760,0,0,0,0,0,0,1,1
5676768,0,0,0,0,0,0,1,0
5677285,0,0,0,0,0,0,0,0
5677293,0,0,0,0,0,0,0,1
5677814,0,0,0,0,0,0,1,1
5677822,0,0,0,0,0,0,1,0
5678339,0,0,0,0,0,0,0,0
5678347,0,0,0,0,0,0,0,1
5678867,0,0,0,0,0,0,1,1
5678875,0,0,0,0,0,0,1,0
5679392,0,0,0,0,0,0,0,0
5679400,0,0,0,0,0,0,0,1
5679920,0,0,0,0,0,0,1,1
5679928,0,0,0,0,0,0,1,0
5680445,0,0,0,0,0,0,0,0
5680453,0,0,0,0,0,0,0,1
5680974,0,0,0,0,0,0,1,1
5680982,0,0,0,0,0,0,1,0
5681498,0,0,0,0,0,0,0,0
5681506,0,0,0,0,0,0,0,1
5682026,0,0,0,0,0,0,1,1
5682034,0,0,0,0,0,0,1,0
5682551,0,0,0,0,0,0,0,0
5682558,0,0,0,0,0,0,0,1
5683080,0,0,0,0,0,0,1,1
5683088,0,0,0,0,0,0,1,0
5683604,0,0,0,0,0,0,0,0
5683612,0,0,0,0,0,0,0,1
5684132,0,0,0,0,0,0,1,1
5684140,0,0,0,0,0,0,1,0
5684656,0,0,0,0,0,0,0,0
5684664,0,0,0,0,0,0,0,1
5685184,0,0,0,0,0,0,1,1
5685192,0,0,0,0,0,0,1,0
5685710,0,0,0,0,0,0,0,0
5685718,0,0,0,0,0,0,0,1
5686238,0,0,0,0,0,0,1,1
5686246,0,0,0,0,0,0,1,0
5686763,0,0,0,0,0,0,0,0
5686771,0,0,0,0,0,0,0,1
5687291,0,0,0,0,0,0,1,1
5687299,0,0,0,0,0,0,1,0
5687818,0,0,0,0,0,0,0,0
5687826,0,0,0,0,0,0,0,1
5688347,0,0,0,0,0,0,1,1
5688355,0,0,0,0,0,0,1,0
5688872,0,0,0,0,0,0,0,0
5688880,0,0,0,0,0,0,0,1
5689401,0,0,0,0,0,0,1,1
5689409,0,0,0,0,0,0,1,0
5689925,0,0,0,0,0,0,0,0
5689933,0,0,0,0,0,0,0,1
5690453,0,0,0,0,0,0,1,1
5690461,0,0,0,0,0,0,1,0
5690978,0,0,0,0,0,0,0,0
5690986,0,0,0,0,0,0,0,1
5691506,0,0,0,0,0,0,1,1
5691514,0,0,0,0,0,0,1,0
5692030,0,0,0,0,0,0,0,0
5692038,0,0,0,0,0,0,0,1
5692558,0,0,0,0,0,0,1,1
5692566,0,0,0,0,0,0,1,0
5693083,0,0,0,0,0,0,0,0
5693091,0,0,0,0,0,0,0,1
5693612,0,0,0,0,0,0,1,1
5693620,0,0,0,0,0,0,1,0
5694136,0,0,0,0,0,0,0,0
5694144,0,0,0,0,0,0,0,1
5694665,0,0,0,0,0,0,1,1
5694672,0,0,0,0,0,0,1,0
5695189,0,0,0,0,0,0,0,0
5695197,0,0,0,0,0,0,0,1
5695718,0,0,0,0,0,0,1,1
5695726,0,0,0,0,0,0,1,0
5696244,0,0,0,0,0,0,0,0
5696252,0,0,0,0,0,0,0,1
5696772,0,0,0,0,0,0,1,1
5696780,0,0,0,0,0,0,1,0
5697297,0,0,0,0,0,0,0,0
5697305,0,0,0,0,0,0,0,1
5697826,0,0,0,0,0,0,1,1
5697834,0,0,0,0,0,0,1,0
5698351,0,0,0,0,0,0,0,0
5698359,0,0,0,0,0,0,0,1
5698879,0,0,0,0,0,0,1,1
5698887,0,0,0,0,0,0,1,0
5699403,0,0,0,0,0,0,0,0
5699411,0,0,0,0,0,0,0,1
5699932,0,0,0,0,0,0,1,1
5699940,0,0,0,0,0,0,1,0
5700457,0,0,0,0,0,0,0,0
5700465,0,0,0,0,0,0,0,1
5700986,0,0,0,0,0,0,1,1
5700994,0,0,0,0,0,0,1,0
5701511,0,0,0,0,0,0,0,0
5701519,0,0,0,0,0,0,0,1
5702041,0,0,0,0,0,0,1,1
5702049,0,0,0,0,0,0,1,0
5702566,0,0,0,0,0,0,0,0
5702574,0,0,0,0,0,0,0,1
5703095,0,0,0,0,0,0,1,1
5703103,0,0,0,0,0,0,1,0
5703620,0,0,0,0,0,0,0,0
5703627,0,0,0,0,0,0,0,1
5704147,0,0,0,0,0,0,1,1
5704155,0,0,0,0,0,0,1,0
5704671,0,0,0,0,0,0,0,0
5704679,0,0,0,0,0,0,0,1
5705199,0,0,0,0,0,0,1,1
5705207,0,0,0,0,0,0,1,0
5705725,0,0,0,0,0,0,0,0
5705732,0,0,0,0,0,0,0,1
5706253,0,0,0,0,0,0,1,1
5706261,0,0,0,0,0,0,1,0
5706779,0,0,0,0,0,0,0,0
5706787,0,0,0,0,0,0,0,1
5707308,0,0,0,0,0,0,1,1
5707316,0,0,0,0,0,0,1,0
5707833,0,0,0,0,0,0,0,0
5707841,0,0,0,0,0,0,0,1
5708361,0,0,0,0,0,0,1,1
5708369,0,0,0,0,0,0,1,0
5708887,0,0,0,0,0,0,0,0
5708894,0,0,0,0,0,0,0,1
5709415,0,0,0,0,0,0,1,1
5709423,0,0,0,0,0,0,1,0
5709939,0,0,0,0,0,0,0,0
5709946,0,0,0,0,0,0,0,1
5710467,0,0,0,0,0,0,1,1
5710475,0,0,0,0,0,0,1,0
5710991,0,0,0,0,0,0,0,0
5710999,0,0,0,0,0,0,0,1
5711520,0,0,0,0,0,0,1,1
5711528,0,0,0,0,0,0,1,0
5712044,0,0,0,0,0,0,0,0
5712052,0,0,0,0,0,0,0,1
5712573,0,0,0,0,0,0,1,1
5712581,0,0,0,0,0,0,1,0
5713098,0,0,0,0,0,0,0,0
5713106,0,0,0,0,0,0,0,1
5713626,0,0,0,0,0,0,1,1
5713634,0,0,0,0,0,0,1,0
5714151,0,0,0,0,0,0,0,0
5714159,0,0,0,0,0,0,0,1
5714680,0,0,0,0,0,0,1,1
5714688,0,0,0,0,0,0,1,0
5715204,0,0,0,0,0,0,0,0
5715212,0,0,0,0,0,0,0,1
5715732,0,0,0,0,0,0,1,1
5715740,0,0,0,0,0,0,1,0
5716258,0,0,0,0,0,0,0,0
5716265,0,0,0,0,0,0,0,1
5716786,0,0,0,0,0,0,1,1
5716794,0,0,0,0,0,0,1,0
5717311,0,0,0,0,0,0,0,0
5717319,0,0,0,0,0,0,0,1
5717838,0,0,0,0,0,0,1,1
5717846,0,0,0,0,0,0,1,0
5718363,0,0,0,0,0,0,0,0
5718371,0,0,0,0,0,0,0,1
5718891,0,0,0,0,0,0,1,1
5718899,0,0,0,0,0,0,1,0
5719415,0,0,0,0,0,0,0,0
5719422,0,0,0,0,0,0,0,1
5719944,0,0,0,0,0,0,1,1
5719951,0,0,0,0,0,0,1,0
5720467,0,0,0,0,0,0,0,0
5720474,0,0,0,0,0,0,0,1
5720995,0,0,0,0,0,0,1,1
5721003,0,0,0,0,0,0,1,0
5721520,0,0,0,0,0,0,0,0
5721528,0,0,0,0,0,0,0,1
5722048,0,0,0,0,0,0,1,1
5722056,0,0,0,0,0,0,1,0
5722572,0,0,0,0,0,0,0,0
5722580,0,0,0,0,0,0,0,1
5723100,0,0,0,0,0,0,1,1
5723109,0,0,0,0,0,0,1,0
5723625,0,0,0,0,0,0,0,0
5723632,0,0,0,0,0,0,0,1
5724153,0,0,0,0,0,0,1,1
5724161,0,0,0,0,0,0,1,0
5724678,0,0,0,0,0,0,0,0
5724687,0,0,0,0,0,0,0,1
5725208,0,0,0,0,0,0,1,1
5725216,0,0,0,0,0,0,1,0
5725732,0,0,0,0,0,0,0,0
5725740,0,0,0,0,0,0,0,1
5726261,0,0,0,0,0,0,1,1
5726269,0,0,0,0,0,0,1,0
5726785,0,0,0,0,0,0,0,0
5726793,0,0,0,0,0,0,0,1
5727313,0,0,0,0,0,0,1,1
5727322,0,0,0,0,0,0,1,0
5727837,0,0,0,0,0,0,0,0
5727845,0,0,0,0,0,0,0,1
5728366,0,0,0,0,0,0,1,1
5728374,0,0,0,0,0,0,1,0
5728891,0,0,0,0,0,0,0,0
5728899,0,0,0,0,0,0,0,1
5729420,0,0,0,0,0,0,1,1
5729428,0,0,0,0,0,0,1,0
5729945,0,0,0,0,0,0,0,0
5729953,0,0,0,0,0,0,0,1
5730474,0,0,0,0,0,0,1,1
5730482,0,0,0,0,0,0,1,0
5730999,0,0,0,0,0,0,0,0
5731007,0,0,0,0,0,0,0,1
5731528,0,0,0,0,0,0,1,1
5731536,0,0,0,0,0,0,1,0
5732053,0,0,0,0,0,0,0,0
5732061,0,0,0,0,0,0,0,1
5732581,0,0,0,0,0,0,1,1
5732589,0,0,0,0,0,0,1,0
5733106,0,0,0,0,0,0,0,0
5733114,0,0,0,0,0,0,0,1
5733634,0,0,0,0,0,0,1,1
5733642,0,0,0,0,0,0,1,0
5734160,0,0,0,0,0,0,0,0
5734168,0,0,0,0,0,0,0,1
5734689,0,0,0,0,0,0,1,1
5734696,0,0,0,0,0,0,1,0
5735214,0,0,0,0,0,0,0,0
5735221,0,0,0,0,0,0,0,1
5735743,0,0,0,0,0,0,1,1
5735751,0,0,0,0,0,0,1,0
5736268,0,0,0,0,0,0,0,0
5736276,0,0,0,0,0,0,0,1
5736796,0,0,0,0,0,0,1,1
5736804,0,0,0,0,0,0,1,0
5737321,0,0,0,0,0,0,0,0
5737329,0,0,0,0,0,0,0,1
5737850,0,0,0,0,0,0,1,1
5737858,0,0,0,0,0,0,1,0
5738375,0,0,0,0,0,0,0,0
5738383,0,0,0,0,0,0,0,1
5738904,0,0,0,0,0,0,1,1
5738912,0,0,0,0,0,0,1,0
5739429,0,0,0,0,0,0,0,0
5739437,0,0,0,0,0,0,0,1
5739957,0,0,0,0,0,0,1,1
5739965,0,0,0,0,0,0,1,0
5740483,0,0,0,0,0,0,0,0
5740490,0,0,0,0,0,0,0,1
5741012,0,0,0,0,0,0,1,1
5741019,0,0,0,0,0,0,1,0
5741536,0,0,0,0,0,0,0,0
5741543,0,0,0,0,0,0,0,1
5742064,0,0,0,0,0,0,1,1
5742072,0,0,0,0,0,0,1,0
5742588,0,0,0,0,0,0,0,0
5742596,0,0,0,0,0,0,0,1
5743116,0,0,0,0,0,0,1,1
5743124,0,0,0,0,0,0,1,0
5743643,0,0,0,0,0,0,0,0
5743651,0,0,0,0,0,0,0,1
5744171,0,0,0,0,0,0,1,1
5744179,0,0,0,0,0,0,1,0
5744696,0,0,0,0,0,0,0,0
5744704,0,0,0,0,0,0,0,1
5745224,0,0,0,0,0,0,1,1
5745233,0,0,0,0,0,0,1,0
5745750,0,0,0,0,0,0,0,0
5745758,0,0,0,0,0,0,0,1
5746279,0,0,0,0,0,0,1,1
5746286,0,0,0,0,0,0,1,0
5746803,0,0,0,0,0,0,0,0
5746811,0,0,0,0,0,0,0,1
5747332,0,0,0,0,0,0,1,1
5747340,0,0,0,0,0,0,1,0
5747857,0,0,0,0,0,0,0,0
5747864,0,0,0,0,0,0,0,1
5748386,0,0,0,0,0,0,1,1
5748394,0,0,0,0,0,0,1,0
5748911,0,0,0,0,0,0,0,0
5748919,0,0,0,0,0,0,0,1
5749440,0,0,0,0,0,0,1,1
5749448,0,0,0,0,0,0,1,0
5749965,0,0,0,0,0,0,0,0
5749973,0,0,0,0,0,0,0,1
5750493,0,0,0,0,0,0,1,1
5750502,0,0,0,0,0,0,1,0
5751019,0,0,0,0,0,0,0,0
5751026,0,0,0,0,0,0,0,1
5751547,0,0,0,0,0,0,1,1
5751555,0,0,0,0,0,0,1,0
5752072,0,0,0,0,0,0,0,0
5752080,0,0,0,0,0,0,0,1
5752600,0,0,0,0,0,0,1,1
5752608,0,0,0,0,0,0,1,0
5753124,0,0,0,0,0,0,0,0
5753132,0,0,0,0,0,0,0,1
5753652,0,0,0,0,0,0,1,1
5753660,0,0,0,0,0,0,1,0
5754176,0,0,0,0,0,0,0,0
5754184,0,0,0,0,0,0,0,1
5754704,0,0,0,0,0,0,1,1
5754712,0,0,0,0,0,0,1,0
5755229,0,0,0,0,0,0,0,0
5755237,0,0,0,0,0,0,0,1
5755757,0,0,0,0,0,0,1,1
5755765,0,0,0,0,0,0,1,0
5756283,0,0,0,0,0,0,0,0
5756290,0,0,0,0,0,0,0,1
5756811,0,0,0,0,0,0,1,1
5756819,0,0,0,0,0,0,1,0
5757337,0,0,0,0,0,0,0,0
5757344,0,0,0,0,0,0,0,1
5757865,0,0,0,0,0,0,1,1
5757873,0,0,0,0,0,0,1,0
5758390,0,0,0,0,0,0,0,0
5758397,0,0,0,0,0,0,0,1
5758918,0,0,0,0,0,0,1,1
5758925,0,0,0,0,0,0,1,0
5759441,0,0,0,0,0,0,0,0
5759449,0,0,0,0,0,0,0,1
5759969,0,0,0,0,0,0,1,1
5759978,0,0,0,0,0,0,1,0
5760495,0,0,0,0,0,0,0,0
5760503,0,0,0,0,0,0,0,1
5761024,0,0,0,0,0,0,1,1
5761032,0,0,0,0,0,0,1,0
5761549,0,0,0,0,0,0,0,0
5761556,0,0,0,0,0,0,0,1
5762076,0,0,0,0,0,0,1,1
5762085,0,0,0,0,0,0,1,0
5762602,0,0,0,0,0,0,0,0
5762609,0,0,0,0,0,0,0,1
5763131,0,0,0,0,0,0,1,1
5763138,0,0,0,0,0,0,1,0
5763655,0,0,0,0,0,0,0,0
5763663,0,0,0,0,0,0,0,1
5764184,0,0,0,0,0,0,1,1
5764192,0,0,0,0,0,0,1,0
5764709,0,0,0,0,0,0,0,0
5764717,0,0,0,0,0,0,0,1
5765238,0,0,0,0,0,0,1,1
5765246,0,0,0,0,0,0,1,0
5765762,0,0,0,0,0,0,0,0
5765769,0,0,0,0,0,0,0,1
5766290,0,0,0,0,0,0,1,1
5766298,0,0,0,0,0,0,1,0
5766815,0,0,0,0,0,0,0,0
5766823,0,0,0,0,0,0,0,1
5767344,0,0,0,0,0,0,1,1
5767352,0,0,0,0,0,0,1,0
5767868,0,0,0,0,0,0,0,0
5767875,0,0,0,0,0,0,0,1
5768396,0,0,0,0,0,0,1,1
5768404,0,0,0,0,0,0,1,0
5768920,0,0,0,0,0,0,0,0
5768928,0,0,0,0,0,0,0,1
5769449,0,0,0,0,0,0,1,1
5769456,0,0,0,0,0,0,1,0
5769973,0,0,0,0,0,0,0,0
5769981,0,0,0,0,0,0,0,1
5770501,0,0,0,0,0,0,1,1
5770509,0,0,0,0,0,0,1,0
5771026,0,0,0,0,0,0,0,0
5771033,0,0,0,0,0,0,0,1
5771555,0,0,0,0,0,0,1,1
5771562,0,0,0,0,0,0,1,0
5772079,0,0,0,0,0,0,0,0
5772087,0,0,0,0,0,0,0,1
5772607,0,0,0,0,0,0,1,1
5772615,0,0,0,0,0,0,1,0
5773132,0,0,0,0,0,0,0,0
5773140,0,0,0,0,0,0,0,1
5773660,0,0,0,0,0,0,1,1
5773668,0,0,0,0,0,0,1,0
5774184,0,0,0,0,0,0,0,0
5774192,0,0,0,0,0,0,0,1
5774712,0,0,0,0,0,0,1,1
5774720,0,0,0,0,0,0,1,0
5775236,0,0,0,0,0,0,0,0
5775244,0,0,0,0,0,0,0,1
5775765,0,0,0,0,0,0,1,1
5775773,0,0,0,0,0,0,1,0
5776290,0,0,0,0,0,0,0,0
5776297,0,0,0,0,0,0,0,1
5776819,0,0,0,0,0,0,1,1
5776827,0,0,0,0,0,0,1,0
5777344,0,0,0,0,0,0,0,0
5777351,0,0,0,0,0,0,0,1
5777872,0,0,0,0,0,0,1,1
5777880,0,0,0,0,0,0,1,0
5778397,0,0,0,0,0,0,0,0
5778405,0,0,0,0,0,0,0,1
5778925,0,0,0,0,0,0,1,1
5778933,0,0,0,0,0,0,1,0
5779450,0,0,0,0,0,0,0,0
5779457,0,0,0,0,0,0,0,1
5779977,0,0,0,0,0,0,1,1
5779985,0,0,0,0,0,0,1,0
5780502,0,0,0,0,0,0,0,0
5780510,0,0,0,0,0,0,0,1
5781031,0,0,0,0,0,0,1,1
5781039,0,0,0,0,0,0,1,0
5781556,0,0,0,0,0,0,0,0
5781564,0,0,0,0,0,0,0,1
5782084,0,0,0,0,0,0,1,1
5782092,0,0,0,0,0,0,1,0
5782609,0,0,0,0,0,0,0,0
5782617,0,0,0,0,0,0,0,1
5783138,0,0,0,0,0,0,1,1
5783146,0,0,0,0,0,0,1,0
5783663,0,0,0,0,0,0,0,0
5783671,0,0,0,0,0,0,0,1
5784192,0,0,0,0,0,0,1,1
5784200,0,0,0,0,0,0,1,0
5784717,0,0,0,0,0,0,0,0
5784724,0,0,0,0,0,0,0,1
5785244,0,0,0,0,0,0,1,1
5785252,0,0,0,0,0,0,1,0
5785769,0,0,0,0,0,0,0,0
5785777,0,0,0,0,0,0,0,1
5786298,0,0,0,0,0,0,1,1
5786306,0,0,0,0,0,0,1,0
5786823,0,0,0,0,0,0,0,0
5786831,0,0,0,0,0,0,0,1
5787351,0,0,0,0,0,0,1,1
5787359,0,0,0,0,0,0,1,0
5787875,0,0,0,0,0,0,0,0
5787883,0,0,0,0,0,0,0,1
5788402,0,0,0,0,0,0,1,1
5788411,0,0,0,0,0,0,1,0
5788927,0,0,0,0,0,0,0,0
5788935,0,0,0,0,0,0,0,1
5789455,0,0,0,0,0,0,1,1
5789464,0,0,0,0,0,0,1,0
5789980,0,0,0,0,0,0,0,0
5789988,0,0,0,0,0,0,0,1
5790509,0,0,0,0,0,0,1,1
5790517,0,0,0,0,0,0,1,0
5791034,0,0,0,0,0,0,0,0
5791042,0,0,0,0,0,0,0,1
5791563,0,0,0,0,0,0,1,1
5791571,0,0,0,0,0,0,1,0
5792088,0,0,0,0,0,0,0,0
5792096,0,0,0,0,0,0,0,1
5792616,0,0,0,0,0,0,1,1
5792624,0,0,0,0,0,0,1,0
5793141,0,0,0,0,0,0,0,0
5793150,0,0,0,0,0,0,0,1
5793670,0,0,0,0,0,0,1,1
5793679,0,0,0,0,0,0,1,0
5794195,0,0,0,0,0,0,0,0
5794203,0,0,0,0,0,0,0,1
5794724,0,0,0,0,0,0,1,1
5794732,0,0,0,0,0,0,1,0
5795249,0,0,0,0,0,0,0,0
5795257,0,0,0,0,0,0,0,1
5795778,0,0,0,0,0,0,1,1
5795785,0,0,0,0,0,0,1,0
5796303,0,0,0,0,0,0,0,0
5796311,0,0,0,0,0,0,0,1
5796832,0,0,0,0,0,0,1,1
5796839,0,0,0,0,0,0,1,0
5797356,0,0,0,0,0,0,0,0
5797363,0,0,0,0,0,0,0,1
5797884,0,0,0,0,0,0,1,1
5797892,0,0,0,0,0,0,1,0
5798409,0,0,0,0,0,0,0,0
5798417,0,0,0,0,0,0,0,1
5798938,0,0,0,0,0,0,1,1
5798945,0,0,0,0,0,0,1,0
5799462,0,0,0,0,0,0,0,0
5799470,0,0,0,0,0,0,0,1
5799991,0,0,0,0,0,0,1,1
5799999,0,0,0,0,0,0,1,0
5800516,0,0,0,0,0,0,0,0
5800524,0,0,0,0,0,0,0,1
5801045,0,0,0,0,0,0,1,1
5801053,0,0,0,0,0,0,1,0
5801571,0,0,0,0,0,0,0,0
5801578,0,0,0,0,0,0,0,1
5802100,0,0,0,0,0,0,1,1
5802108,0,0,0,0,0,0,1,0
5802625,0,0,0,0,0,0,0,0
5802633,0,0,0,0,0,0,0,1
5803154,0,0,0,0,0,0,1,1
5803163,0,0,0,0,0,0,1,0
5803679,0,0,0,0,0,0,0,0
5803687,0,0,0,0,0,0,0,1
5804208,0,0,0,0,0,0,1,1
5804216,0,0,0,0,0,0,1,0
5804733,0,0,0,0,0,0,0,0
5804740,0,0,0,0,0,0,0,1
5805262,0,0,0,0,0,0,1,1
5805270,0,0,0,0,0,0,1,0
5805786,0,0,0,0,0,0,0,0
5805794,0,0,0,0,0,0,0,1
5806315,0,0,0,0,0,0,1,1
5806323,0,0,0,0,0,0,1,0
5806840,0,0,0,0,0,0,0,0
5806848,0,0,0,0,0,0,0,1
5807368,0,0,0,0,0,0,1,1
5807376,0,0,0,0,0,0,1,0
5807893,0,0,0,0,0,0,0,0
5807901,0,0,0,0,0,0,0,1
5808421,0,0,0,0,0,0,1,1
5808429,0,0,0,0,0,0,1,0
5808945,0,0,0,0,0,0,0,0
5808953,0,0,0,0,0,0,0,1
5809473,0,0,0,0,0,0,1,1
5809481,0,0,0,0,0,0,1,0
5809998,0,0,0,0,0,0,0,0
5810006,0,0,0,0,0,0,0,1
5810526,0,0,0,0,0,0,1,1
5810534,0,0,0,0,0,0,1,0
5811051,0,0,0,0,0,0,0,0
5811058,0,0,0,0,0,0,0,1
5811580,0,0,0,0,0,0,1,1
5811588,0,0,0,0,0,0,1,0
5812105,0,0,0,0,0,0,0,0
5812113,0,0,0,0,0,0,0,1
5812634,0,0,0,0,0,0,1,1
5812642,0,0,0,0,0,0,1,0
5813159,0,0,0,0,0,0,0,0
5813167,0,0,0,0,0,0,0,1
5813687,0,0,0,0,0,0,1,1
5813695,0,0,0,0,0,0,1,0
5814212,0,0,0,0,0,0,0,0
5814219,0,0,0,0,0,0,0,1
5814739,0,0,0,0,0,0,1,1
5814747,0,0,0,0,0,0,1,0
5815263,0,0,0,0,0,0,0,0
5815271,0,0,0,0,0,0,0,1
5815792,0,0,0,0,0,0,1,1
5815800,0,0,0,0,0,0,1,0
5816317,0,0,0,0,0,0,0,0
5816324,0,0,0,0,0,0,0,1
5816846,0,0,0,0,0,0,1,1
5816853,0,0,0,0,0,0,1,0
5817370,0,0,0,0,0,0,0,0
5817377,0,0,0,0,0,0,0,1
5817898,0,0,0,0,0,0,1,1
5817906,0,0,0,0,0,0,1,0
5818423,0,0,0,0,0,0,0,0
5818430,0,0,0,0,0,0,0,1
5818950,0,0,0,0,0,0,1,1
5818958,0,0,0,0,0,0,1,0
5819475,0,0,0,0,0,0,0,0
5819483,0,0,0,0,0,0,0,1
5820004,0,0,0,0,0,0,1,1
5820012,0,0,0,0,0,0,1,0
5820529,0,0,0,0,0,0,0,0
5820537,0,0,0,0,0,0,0,1
5821057,0,0,0,0,0,0,1,1
5821065,0,0,0,0,0,0,1,0
5821582,0,0,0,0,0,0,0,0
5821590,0,0,0,0,0,0,0,1
5822110,0,0,0,0,0,0,1,1
5822118,0,0,0,0,0,0,1,0
5822636,0,0,0,0,0,0,0,0
5822644,0,0,0,0,0,0,0,1
5823165,0,0,0,0,0,0,1,1
5823173,0,0,0,0,0,0,1,0
5823690,0,0,0,0,0,0,0,0
5823698,0,0,0,0,0,0,0,1
5824219,0,0,0,0,0,0,1,1
5824227,0,0,0,0,0,0,1,0
5824744,0,0,0,0,0,0,0,0
5824752,0,0,0,0,0,0,0,1
5825274,0,0,0,0,0,0,1,1
5825281,0,0,0,0,0,0,1,0
5825798,0,0,0,0,0,0,0,0
5825805,0,0,0,0,0,0,0,1
5826326,0,0,0,0,0,0,1,1
5826334,0,0,0,0,0,0,1,0
5826852,0,0,0,0,0,0,0,0
5826859,0,0,0,0,0,0,0,1
5827380,0,0,0,0,0,0,1,1
5827388,0,0,0,0,0,0,1,0
5827904,0,0,0,0,0,0,0,0
5827912,0,0,0,0,0,0,0,1
5828432,0,0,0,0,0,0,1,1
5828440,0,0,0,0,0,0,1,0
5828957,0,0,0,0,0,0,0,0
5828964,0,0,0,0,0,0,0,1
5829486,0,0,0,0,0,0,1,1
5829493,0,0,0,0,0,0,1,0
5830010,0,0,0,0,0,0,0,0
5830018,0,0,0,0,0,0,0,1
5830539,0,0,0,0,0,0,1,1
5830547,0,0,0,0,0,0,1,0
5831065,0,0,0,0,0,0,0,0
5831072,0,0,0,0,0,0,0,1
5831593,0,0,0,0,0,0,1,1
5831601,0,0,0,0,0,0,1,0
5832119,0,0,0,0,0,0,0,0
5832127,0,0,0,0,0,0,0,1
5832647,0,0,0,0,0,0,1,1
5832655,0,0,0,0,0,0,1,0
5833172,0,0,0,0,0,0,0,0
5833179,0,0,0,0,0,0,0,1
5833699,0,0,0,0,0,0,1,1
5833707,0,0,0,0,0,0,1,0
5834223,0,0,0,0,0,0,0,0
5834231,0,0,0,0,0,0,0,1
5834751,0,0,0,0,0,0,1,1
5834759,0,0,0,0,0,0,1,0
5835276,0,0,0,0,0,0,0,0
5835283,0,0,0,0,0,0,0,1
5835804,0,0,0,0,0,0,1,1
5835812,0,0,0,0,0,0,1,0
5836330,0,0,0,0,0,0,0,0
5836338,0,0,0,0,0,0,0,1
5836859,0,0,0,0,0,0,1,1
5836867,0,0,0,0,0,0,1,0
5837384,0,0,0,0,0,0,0,0
5837392,0,0,0,0,0,0,0,1
5837913,0,0,0,0,0,0,1,1
5837921,0,0,0,0,0,0,1,0
5838438,0,0,0,0,0,0,0,0
5838446,0,0,0,0,0,0,0,1
5838966,0,0,0,0,0,0,1,1
5838974,0,0,0,0,0,0,1,0
5839492,0,0,0,0,0,0,0,0
5839499,0,0,0,0,0,0,0,1
5840020,0,0,0,0,0,0,1,1
5840028,0,0,0,0,0,0,1,0
5840546,0,0,0,0,0,0,0,0
5840554,0,0,0,0,0,0,0,1
5841075,0,0,0,0,0,0,1,1
5841083,0,0,0,0,0,0,1,0
5841599,0,0,0,0,0,0,0,0
5841607,0,0,0,0,0,0,0,1
5842127,0,0,0,0,0,0,1,1
5842135,0,0,0,0,0,0,1,0
5842652,0,0,0,0,0,0,0,0
5842660,0,0,0,0,0,0,0,1
5843181,0,0,0,0,0,0,1,1
5843189,0,0,0,0,0,0,1,0
5843706,0,0,0,0,0,0,0,0
5843714,0,0,0,0,0,0,0,1
5844235,0,0,0,0,0,0,1,1
5844243,0,0,0,0,0,0,1,0
5844758,0,0,0,0,0,0,0,0
5844766,0,0,0,0,0,0,0,1
5845286,0,0,0,0,0,0,1,1
5845295,0,0,0,0,0,0,1,0
5845811,0,0,0,0,0,0,0,0
5845819,0,0,0,0,0,0,0,1
5846339,0,0,0,0,0,0,1,1
5846347,0,0,0,0,0,0,1,0
5846865,0,0,0,0,0,0,0,0
5846872,0,0,0,0,0,0,0,1
5847393,0,0,0,0,0,0,1,1
5847401,0,0,0,0,0,0,1,0
5847918,0,0,0,0,0,0,0,0
5847926,0,0,0,0,0,0,0,1
5848447,0,0,0,0,0,0,1,1
5848455,0,0,0,0,0,0,1,0
5848972,0,0,0,0,0,0,0,0
5848979,0,0,0,0,0,0,0,1
5849501,0,0,0,0,0,0,1,1
5849508,0,0,0,0,0,0,1,0
5850024,0,0,0,0,0,0,0,0
5850031,0,0,0,0,0,0,0,1
5850552,0,0,0,0,0,0,1,1
5850560,0,0,0,0,0,0,1,0
5851077,0,0,0,0,0,0,0,0
5851085,0,0,0,0,0,0,0,1
5851605,0,0,0,0,0,0,1,1
5851613,0,0,0,0,0,0,1,0
5852129,0,0,0,0,0,0,0,0
5852136,0,0,0,0,0,0,0,1
5852658,0,0,0,0,0,0,1,1
5852666,0,0,0,0,0,0,1,0
5853183,0,0,0,0,0,0,0,0
5853190,0,0,0,0,0,0,0,1
5853711,0,0,0,0,0,0,1,1
5853719,0,0,0,0,0,0,1,0
5854237,0,0,0,0,0,0,0,0
5854244,0,0,0,0,0,0,0,1
5854765,0,0,0,0,0,0,1,1
5854773,0,0,0,0,0,0,1,0
5855291,0,0,0,0,0,0,0,0
5855299,0,0,0,0,0,0,0,1
5855820,0,0,0,0,0,0,1,1
5855828,0,0,0,0,0,0,1,0
5856345,0,0,0,0,0,0,0,0
5856353,0,0,0,0,0,0,0,1
5856874,0,0,0,0,0,0,1,1
5856882,0,0,0,0,0,0,1,0
5857400,0,0,0,0,0,0,0,0
5857408,0,0,0,0,0,0,0,1
5857928,0,0,0,0,0,0,1,1
5857936,0,0,0,0,0,0,1,0
5858454,0,0,0,0,0,0,0,0
5858462,0,0,0,0,0,0,0,1
5858982,0,0,0,0,0,0,1,1
5858990,0,0,0,0,0,0,1,0
5859507,0,0,0,0,0,0,0,0
5859515,0,0,0,0,0,0,0,1
5860035,0,0,0,0,0,0,1,1
5860043,0,0,0,0,0,0,1,0
5860559,0,0,0,0,0,0,0,0
5860567,0,0,0,0,0,0,0,1
5861088,0,0,0,0,0,0,1,1
5861096,0,0,0,0,0,0,1,0
5861612,0,0,0,0,0,0,0,0
5861620,0,0,0,0,0,0,0,1
5862141,0,0,0,0,0,0,1,1
5862149,0,0,0,0,0,0,1,0
5862666,0,0,0,0,0,0,0,0
5862675,0,0,0,0,0,0,0,1
5863195,0,0,0,0,0,0,1,1
5863203,0,0,0,0,0,0,1,0
5863719,0,0,0,0,0,0,0,0
5863727,0,0,0,0,0,0,0,1
5864248,0,0,0,0,0,0,1,1
5864256,0,0,0,0,0,0,1,0
5864773,0,0,0,0,0,0,0,0
5864780,0,0,0,0,0,0,0,1
5865301,0,0,0,0,0,0,1,1
5865309,0,0,0,0,0,0,1,0
5865825,0,0,0,0,0,0,0,0
5865833,0,0,0,0,0,0,0,1
5866353,0,0,0,0,0,0,1,1
5866361,0,0,0,0,0,0,1,0
5866877,0,0,0,0,0,0,0,0
5866885,0,0,0,0,0,0,0,1
5867406,0,0,0,0,0,0,1,1
5867414,0,0,0,0,0,0,1,0
5867931,0,0,0,0,0,0,0,0
5867938,0,0,0,0,0,0,0,1
5868459,0,0,0,0,0,0,1,1
5868467,0,0,0,0,0,0,1,0
5868984,0,0,0,0,0,0,0,0
5868991,0,0,0,0,0,0,0,1
5869512,0,0,0,0,0,0,1,1
5869520,0,0,0,0,0,0,1,0
5870037,0,0,0,0,0,0,0,0
5870044,0,0,0,0,0,0,0,1
5870566,0,0,0,0,0,0,1,1
5870573,0,0,0,0,0,0,1,0
5871091,0,0,0,0,0,0,0,0
5871098,0,0,0,0,0,0,0,1
5871619,0,0,0,0,0,0,1,1
5871626,0,0,0,0,0,0,1,0
5872143,0,0,0,0,0,0,0,0
5872150,0,0,0,0,0,0,0,1
5872672,0,0,0,0,0,0,1,1
5872680,0,0,0,0,0,0,1,0
5873196,0,0,0,0,0,0,0,0
5873204,0,0,0,0,0,0,0,1
5873725,0,0,0,0,0,0,1,1
5873733,0,0,0,0,0,0,1,0
5874249,0,0,0,0,0,0,0,0
5874257,0,0,0,0,0,0,0,1
5874777,0,0,0,0,0,0,1,1
5874785,0,0,0,0,0,0,1,0
5875303,0,0,0,0,0,0,0,0
5875311,0,0,0,0,0,0,0,1
5875833,0,0,0,0,0,0,1,1
5875842,0,0,0,0,0,0,1,0
5876357,0,0,0,0,0,0,0,0
5876365,0,0,0,0,0,0,0,1
5876885,0,0,0,0,0,0,1,1
5876893,0,0,0,0,0,0,1,0
5877410,0,0,0,0,0,0,0,0
5877418,0,0,0,0,0,0,0,1
5877939,0,0,0,0,0,0,1,1
5877947,0,0,0,0,0,0,1,0
5878464,0,0,0,0,0,0,0,0
5878472,0,0,0,0,0,0,0,1
5878993,0,0,0,0,0,0,1,1
5879001,0,0,0,0,0,0,1,0
5879516,0,0,0,0,0,0,0,0
5879524,0,0,0,0,0,0,0,1
5880045,0,0,0,0,0,0,1,1
5880053,0,0,0,0,0,0,1,0
5880569,0,0,0,0,0,0,0,0
5880576,0,0,0,0,0,0,0,1
5881097,0,0,0,0,0,0,1,1
5881105,0,0,0,0,0,0,1,0
5881621,0,0,0,0,0,0,0,0
5881629,0,0,0,0,0,0,0,1
5882150,0,0,0,0,0,0,1,1
5882157,0,0,0,0,0,0,1,0
5882674,0,0,0,0,0,0,0,0
5882682,0,0,0,0,0,0,0,1
5883203,0,0,0,0,0,0,1,1
5883211,0,0,0,0,0,0,1,0
5883728,0,0,0,0,0,0,0,0
5883736,0,0,0,0,0,0,0,1
5884257,0,0,0,0,0,0,1,1
5884265,0,0,0,0,0,0,1,0
5884781,0,0,0,0,0,0,0,0
5884789,0,0,0,0,0,0,0,1
5885310,0,0,0,0,0,0,1,1
5885318,0,0,0,0,0,0,1,0
5885834,0,0,0,0,0,0,0,0
5885842,0,0,0,0,0,0,0,1
5886362,0,0,0,0,0,0,1,1
5886370,0,0,0,0,0,0,1,0
5886886,0,0,0,0,0,0,0,0
5886894,0,0,0,0,0,0,0,1
5887415,0,0,0,0,0,0,1,1
5887422,0,0,0,0,0,0,1,0
5887939,0,0,0,0,0,0,0,0
5887947,0,0,0,0,0,0,0,1
5888468,0,0,0,0,0,0,1,1
5888475,0,0,0,0,0,0,1,0
5888991,0,0,0,0,0,0,0,0
5888999,0,0,0,0,0,0,0,1
5889519,0,0,0,0,0,0,1,1
5889527,0,0,0,0,0,0,1,0
5890044,0,0,0,0,0,0,0,0
5890052,0,0,0,0,0,0,0,1
5890573,0,0,0,0,0,0,1,1
5890580,0,0,0,0,0,0,1,0
5891097,0,0,0,0,0,0,0,0
5891105,0,0,0,0,0,0,0,1
5891626,0,0,0,0,0,0,1,1
5891634,0,0,0,0,0,0,1,0
5892151,0,0,0,0,0,0,0,0
5892159,0,0,0,0,0,0,0,1
5892680,0,0,0,0,0,0,1,1
5892688,0,0,0,0,0,0,1,0
5893204,0,0,0,0,0,0,0,0
5893212,0,0,0,0,0,0,0,1
5893733,0,0,0,0,0,0,1,1
5893741,0,0,0,0,0,0,1,0
5894257,0,0,0,0,0,0,0,0
5894265,0,0,0,0,0,0,0,1
5894786,0,0,0,0,0,0,1,1
5894794,0,0,0,0,0,0,1,0
5895311,0,0,0,0,0,0,0,0
5895318,0,0,0,0,0,0,0,1
5895840,0,0,0,0,0,0,1,1
5895848,0,0,0,0,0,0,1,0
5896365,0,0,0,0,0,0,0,0
5896373,0,0,0,0,0,0,0,1
5896892,0,0,0,0,0,0,1,1
5896901,0,0,0,0,0,0,1,0
5897417,0,0,0,0,0,0,0,0
5897425,0,0,0,0,0,0,0,1
5897944,0,0,0,0,0,0,1,1
5897952,0,0,0,0,0,0,1,0
5898469,0,0,0,0,0,0,0,0
5898477,0,0,0,0,0,0,0,1
5898998,0,0,0,0,0,0,1,1
5899006,0,0,0,0,0,0,1,0
5899522,0,0,0,0,0,0,0,0
5899530,0,0,0,0,0,0,0,1
5900049,0,0,0,0,0,0,1,1
5900057,0,0,0,0,0,0,1,0
5900574,0,0,0,0,0,0,0,0
5900582,0,0,0,0,0,0,0,1
5901102,0,0,0,0,0,0,1,1
5901110,0,0,0,0,0,0,1,0
5901628,0,0,0,0,0,0,0,0
5901636,0,0,0,0,0,0,0,1
5902157,0,0,0,0,0,0,1,1
5902165,0,0,0,0,0,0,1,0
5902682,0,0,0,0,0,0,0,0
5902690,0,0,0,0,0,0,0,1
5903210,0,0,0,0,0,0,1,1
5903218,0,0,0,0,0,0,1,0
5903734,0,0,0,0,0,0,0,0
5903742,0,0,0,0,0,0,0,1
5904262,0,0,0,0,0,0,1,1
5904270,0,0,0,0,0,0,1,0
5904787,0,0,0,0,0,0,0,0
5904795,0,0,0,0,0,0,0,1
5905316,0,0,0,0,0,0,1,1
5905324,0,0,0,0,0,0,1,0
5905841,0,0,0,0,0,0,0,0
5905849,0,0,0,0,0,0,0,1
5906369,0,0,0,0,0,0,1,1
5906377,0,0,0,0,0,0,1,0
5906893,0,0,0,0,0,0,0,0
5906901,0,0,0,0,0,0,0,1
5907421,0,0,0,0,0,0,1,1
5907429,0,0,0,0,0,0,1,0
5907947,0,0,0,0,0,0,0,0
5907955,0,0,0,0,0,0,0,1
5908475,0,0,0,0,0,0,1,1
5908483,0,0,0,0,0,0,1,0
5909001,0,0,0,0,0,0,0,0
5909009,0,0,0,0,0,0,0,1
5909531,0,0,0,0,0,0,1,1
5909539,0,0,0,0,0,0,1,0
5910056,0,0,0,0,0,0,0,0
5910064,0,0,0,0,0,0,0,1
5910585,0,0,0,0,0,0,1,1
5910593,0,0,0,0,0,0,1,0
5911109,0,0,0,0,0,0,0,0
5911117,0,0,0,0,0,0,0,1
5911637,0,0,0,0,0,0,1,1
5911645,0,0,0,0,0,0,1,0
5912163,0,0,0,0,0,0,0,0
5912171,0,0,0,0,0,0,0,1
5912691,0,0,0,0,0,0,1,1
5912699,0,0,0,0,0,0,1,0
5913217,0,0,0,0,0,0,0,0
5913225,0,0,0,0,0,0,0,1
5913745,0,0,0,0,0,0,1,1
5913754,0,0,0,0,0,0,1,0
5914270,0,0,0,0,0,0,0,0
5914278,0,0,0,0,0,0,0,1
5914798,0,0,0,0,0,0,1,1
5914806,0,0,0,0,0,0,1,0
5915322,0,0,0,0,0,0,0,0
5915330,0,0,0,0,0,0,0,1
5915851,0,0,0,0,0,0,1,1
5915859,0,0,0,0,0,0,1,0
5916376,0,0,0,0,0,0,0,0
5916384,0,0,0,0,0,0,0,1
5916905,0,0,0,0,0,0,1,1
5916913,0,0,0,0,0,0,1,0
5917430,0,0,0,0,0,0,0,0
5917437,0,0,0,0,0,0,0,1
5917958,0,0,0,0,0,0,1,1
5917966,0,0,0,0,0,0,1,0
5918482,0,0,0,0,0,0,0,0
5918490,0,0,0,0,0,0,0,1
5919011,0,0,0,0,0,0,1,1
5919019,0,0,0,0,0,0,1,0
5919535,0,0,0,0,0,0,0,0
5919542,0,0,0,0,0,0,0,1
5920063,0,0,0,0,0,0,1,1
5920071,0,0,0,0,0,0,1,0
5920588,0,0,0,0,0,0,0,0
5920596,0,0,0,0,0,0,0,1
5921116,0,0,0,0,0,0,1,1
5921124,0,0,0,0,0,0,1,0
5921641,0,0,0,0,0,0,0,0
5921648,0,0,0,0,0,0,0,1
5922169,0,0,0,0,0,0,1,1
5922178,0,0,0,0,0,0,1,0
5922693,0,0,0,0,0,0,0,0
5922701,0,0,0,0,0,0,0,1
5923222,0,0,0,0,0,0,1,1
5923230,0,0,0,0,0,0,1,0
5923747,0,0,0,0,0,0,0,0
5923755,0,0,0,0,0,0,0,1
5924275,0,0,0,0,0,0,1,1
5924283,0,0,0,0,0,0,1,0
5924800,0,0,0,0,0,0,0,0
5924807,0,0,0,0,0,0,0,1
5925328,0,0,0,0,0,0,1,1
5925336,0,0,0,0,0,0,1,0
5925853,0,0,0,0,0,0,0,0
5925861,0,0,0,0,0,0,0,1
5926381,0,0,0,0,0,0,1,1
5926389,0,0,0,0,0,0,1,0
5926905,0,0,0,0,0,0,0,0
5926913,0,0,0,0,0,0,0,1
5927434,0,0,0,0,0,0,1,1
5927441,0,0,0,0,0,0,1,0
5927958,0,0,0,0,0,0,0,0
5927966,0,0,0,0,0,0,0,1
5928486,0,0,0,0,0,0,1,1
5928495,0,0,0,0,0,0,1,0
5929010,0,0,0,0,0,0,0,0
5929018,0,0,0,0,0,0,0,1
5929538,0,0,0,0,0,0,1,1
5929546,0,0,0,0,0,0,1,0
5930062,0,0,0,0,0,0,0,0
5930070,0,0,0,0,0,0,0,1
5930591,0,0,0,0,0,0,1,1
5930599,0,0,0,0,0,0,1,0
5931115,0,0,0,0,0,0,0,0
5931123,0,0,0,0,0,0,0,1
5931644,0,0,0,0,0,0,1,1
5931652,0,0,0,0,0,0,1,0
5932168,0,0,0,0,0,0,0,0
5932176,0,0,0,0,0,0,0,1
5932697,0,0,0,0,0,0,1,1
5932705,0,0,0,0,0,0,1,0
5933221,0,0,0,0,0,0,0,0
5933229,0,0,0,0,0,0,0,1
5933750,0,0,0,0,0,0,1,1
5933758,0,0,0,0,0,0,1,0
5934276,0,0,0,0,0,0,0,0
5934283,0,0,0,0,0,0,0,1
5934804,0,0,0,0,0,0,1,1
5934812,0,0,0,0,0,0,1,0
5935329,0,0,0,0,0,0,0,0
5935336,0,0,0,0,0,0,0,1
5935857,0,0,0,0,0,0,1,1
5935865,0,0,0,0,0,0,1,0
5936382,0,0,0,0,0,0,0,0
5936390,0,0,0,0,0,0,0,1
5936911,0,0,0,0,0,0,1,1
5936919,0,0,0,0,0,0,1,0
5937437,0,0,0,0,0,0,0,0
5937445,0,0,0,0,0,0,0,1
5937966,0,0,0,0,0,0,1,1
5937974,0,0,0,0,0,0,1,0
5938490,0,0,0,0,0,0,0,0
5938498,0,0,0,0,0,0,0,1
5939018,0,0,0,0,0,0,1,1
5939026,0,0,0,0,0,0,1,0
5939543,0,0,0,0,0,0,0,0
5939551,0,0,0,0,0,0,0,1
5940072,0,0,0,0,0,0,1,1
5940080,0,0,0,0,0,0,1,0
5940598,0,0,0,0,0,0,0,0
5940605,0,0,0,0,0,0,0,1
5941126,0,0,0,0,0,0,1,1
5941134,0,0,0,0,0,0,1,0
5941650,0,0,0,0,0,0,0,0
5941658,0,0,0,0,0,0,0,1
5942178,0,0,0,0,0,0,1,1
5942186,0,0,0,0,0,0,1,0
5942703,0,0,0,0,0,0,0,0
5942711,0,0,0,0,0,0,0,1
5943231,0,0,0,0,0,0,1,1
5943239,0,0,0,0,0,0,1,0
5943757,0,0,0,0,0,0,0,0
5943765,0,0,0,0,0,0,0,1
5944286,0,0,0,0,0,0,1,1
5944293,0,0,0,0,0,0,1,0
5944810,0,0,0,0,0,0,0,0
5944817,0,0,0,0,0,0,0,1
5945338,0,0,0,0,0,0,1,1
5945346,0,0,0,0,0,0,1,0
5945862,0,0,0,0,0,0,0,0
5945870,0,0,0,0,0,0,0,1
5946390,0,0,0,0,0,0,1,1
5946398,0,0,0,0,0,0,1,0
5946914,0,0,0,0,0,0,0,0
5946922,0,0,0,0,0,0,0,1
5947442,0,0,0,0,0,0,1,1
5947450,0,0,0,0,0,0,1,0
5947968,0,0,0,0,0,0,0,0
5947976,0,0,0,0,0,0,0,1
5948496,0,0,0,0,0,0,1,1
5948504,0,0,0,0,0,0,1,0
5949021,0,0,0,0,0,0,0,0
5949028,0,0,0,0,0,0,0,1
5949549,0,0,0,0,0,0,1,1
5949557,0,0,0,0,0,0,1,0
5950073,0,0,0,0,0,0,0,0
5950081,0,0,0,0,0,0,0,1
5950602,0,0,0,0,0,0,1,1
5950610,0,0,0,0,0,0,1,0
5951125,0,0,0,0,0,0,0,0
5951133,0,0,0,0,0,0,0,1
5951654,0,0,0,0,0,0,1,1
5951662,0,0,0,0,0,0,1,0
5952180,0,0,0,0,0,0,0,0
5952188,0,0,0,0,0,0,0,1
5952709,0,0,0,0,0,0,1,1
5952717,0,0,0,0,0,0,1,0
5953233,0,0,0,0,0,0,0,0
5953241,0,0,0,0,0,0,0,1
5953761,0,0,0,0,0,0,1,1
5953770,0,0,0,0,0,0,1,0
5954286,0,0,0,0,0,0,0,0
5954294,0,0,0,0,0,0,0,1
5954814,0,0,0,0,0,0,1,1
5954822,0,0,0,0,0,0,1,0
5955339,0,0,0,0,0,0,0,0
5955347,0,0,0,0,0,0,0,1
5955868,0,0,0,0,0,0,1,1
5955876,0,0,0,0,0,0,1,0
5956393,0,0,0,0,0,0,0,0
5956400,0,0,0,0,0,0,0,1
5956921,0,0,0,0,0,0,1,1
5956928,0,0,0,0,0,0,1,0
5957445,0,0,0,0,0,0,0,0
5957453,0,0,0,0,0,0,0,1
5957973,0,0,0,0,0,0,1,1
5957981,0,0,0,0,0,0,1,0
5958497,0,0,0,0,0,0,0,0
5958505,0,0,0,0,0,0,0,1
5959026,0,0,0,0,0,0,1,1
5959034,0,0,0,0,0,0,1,0
5959550,0,0,0,0,0,0,0,0
5959558,0,0,0,0,0,0,0,1
5960078,0,0,0,0,0,0,1,1
5960086,0,0,0,0,0,0,1,0
5960603,0,0,0,0,0,0,0,0
5960611,0,0,0,0,0,0,0,1
5961131,0,0,0,0,0,0,1,1
5961139,0,0,0,0,0,0,1,0
5961655,0,0,0,0,0,0,0,0
5961663,0,0,0,0,0,0,0,1
5962183,0,0,0,0,0,0,1,1
5962191,0,0,0,0,0,0,1,0
5962707,0,0,0,0,0,0,0,0
5962715,0,0,0,0,0,0,0,1
5963235,0,0,0,0,0,0,1,1
5963243,0,0,0,0,0,0,1,0
5963760,0,0,0,0,0,0,0,0
5963768,0,0,0,0,0,0,0,1
5964289,0,0,0,0,0,0,1,1
5964298,0,0,0,0,0,0,1,0
5964815,0,0,0,0,0,0,0,0
5964822,0,0,0,0,0,0,0,1
5965343,0,0,0,0,0,0,1,1
5965351,0,0,0,0,0,0,1,0
5965867,0,0,0,0,0,0,0,0
5965875,0,0,0,0,0,0,0,1
5966395,0,0,0,0,0,0,1,1
5966403,0,0,0,0,0,0,1,0
5966921,0,0,0,0,0,0,0,0
5966929,0,0,0,0,0,0,0,1
5967450,0,0,0,0,0,0,1,1
5967457,0,0,0,0,0,0,1,0
5967974,0,0,0,0,0,0,0,0
5967982,0,0,0,0,0,0,0,1
5968502,0,0,0,0,0,0,1,1
5968510,0,0,0,0,0,0,1,0
5969027,0,0,0,0,0,0,0,0
5969035,0,0,0,0,0,0,0,1
5969556,0,0,0,0,0,0,1,1
5969564,0,0,0,0,0,0,1,0
5970081,0,0,0,0,0,0,0,0
5970089,0,0,0,0,0,0,0,1
5970609,0,0,0,0,0,0,1,1
5970617,0,0,0,0,0,0,1,0
5971133,0,0,0,0,0,0,0,0
5971141,0,0,0,0,0,0,0,1
5971662,0,0,0,0,0,0,1,1
5971670,0,0,0,0,0,0,1,0
5972187,0,0,0,0,0,0,0,0
5972195,0,0,0,0,0,0,0,1
5972716,0,0,0,0,0,0,1,1
5972724,0,0,0,0,0,0,1,0
5973241,0,0,0,0,0,0,0,0
5973249,0,0,0,0,0,0,0,1
5973770,0,0,0,0,0,0,1,1
5973778,0,0,0,0,0,0,1,0
5974295,0,0,0,0,0,0,0,0
5974303,0,0,0,0,0,0,0,1
5974824,0,0,0,0,0,0,1,1
5974832,0,0,0,0,0,0,1,0
5975349,0,0,0,0,0,0,0,0
5975356,0,0,0,0,0,0,0,1
5975877,0,0,0,0,0,0,1,1
5975885,0,0,0,0,0,0,1,0
5976402,0,0,0,0,0,0,0,0
5976410,0,0,0,0,0,0,0,1
5976930,0,0,0,0,0,0,1,1
5976938,0,0,0,0,0,0,1,0
5977454,0,0,0,0,0,0,0,0
5977461,0,0,0,0,0,0,0,1
5977982,0,0,0,0,0,0,1,1
5977990,0,0,0,0,0,0,1,0
5978507,0,0,0,0,0,0,0,0
5978514,0,0,0,0,0,0,0,1
5979035,0,0,0,0,0,0,1,1
5979043,0,0,0,0,0,0,1,0
5979560,0,0,0,0,0,0,0,0
5979568,0,0,0,0,0,0,0,1
5980087,0,0,0,0,0,0,1,1
5980096,0,0,0,0,0,0,1,0
5980612,0,0,0,0,0,0,0,0
5980620,0,0,0,0,0,0,0,1
5981141,0,0,0,0,0,0,1,1
5981149,0,0,0,0,0,0,1,0
5981665,0,0,0,0,0,0,0,0
5981673,0,0,0,0,0,0,0,1
5982193,0,0,0,0,0,0,1,1
5982201,0,0,0,0,0,0,1,0
5982718,0,0,0,0,0,0,0,0
5982725,0,0,0,0,0,0,0,1
5983246,0,0,0,0,0,0,1,1
5983254,0,0,0,0,0,0,1,0
5983770,0,0,0,0,0,0,0,0
5983778,0,0,0,0,0,0,0,1
5984299,0,0,0,0,0,0,1,1
5984307,0,0,0,0,0,0,1,0
5984824,0,0,0,0,0,0,0,0
5984831,0,0,0,0,0,0,0,1
5985352,0,0,0,0,0,0,1,1
5985359,0,0,0,0,0,0,1,0
5985877,0,0,0,0,0,0,0,0
5985884,0,0,0,0,0,0,0,1
5986406,0,0,0,0,0,0,1,1
5986414,0,0,0,0,0,0,1,0
5986930,0,0,0,0,0,0,0,0
5986938,0,0,0,0,0,0,0,1
5987459,0,0,0,0,0,0,1,1
5987467,0,0,0,0,0,0,1,0
5987982,0,0,0,0,0,0,0,0
5987990,0,0,0,0,0,0,0,1
5988510,0,0,0,0,0,0,1,1
5988519,0,0,0,0,0,0,1,0
5989037,0,0,0,0,0,0,0,0
5989045,0,0,0,0,0,0,0,1
5989566,0,0,0,0,0,0,1,1
5989574,0,0,0,0,0,0,1,0
5990090,0,0,0,0,0,0,0,0
5990098,0,0,0,0,0,0,0,1
5990619,0,0,0,0,0,0,1,1
5990627,0,0,0,0,0,0,1,0
5991142,0,0,0,0,0,0,0,0
5991150,0,0,0,0,0,0,0,1
5991671,0,0,0,0,0,0,1,1
5991679,0,0,0,0,0,0,1,0
5992195,0,0,0,0,0,0,0,0
5992203,0,0,0,0,0,0,0,1
5992723,0,0,0,0,0,0,1,1
5992731,0,0,0,0,0,0,1,0
5993247,0,0,0,0,0,0,0,0
5993255,0,0,0,0,0,0,0,1
5993776,0,0,0,0,0,0,1,1
5993784,0,0,0,0,0,0,1,0
5994301,0,0,0,0,0,0,0,0
5994309,0,0,0,0,0,0,0,1
5994829,0,0,0,0,0,0,1,1
5994837,0,0,0,0,0,0,1,0
5995353,0,0,0,0,0,0,0,0
5995361,0,0,0,0,0,0,0,1
5995882,0,0,0,0,0,0,1,1
5995890,0,0,0,0,0,0,1,0
5996406,0,0,0,0,0,0,0,0
5996414,0,0,0,0,0,0,0,1
5996935,0,0,0,0,0,0,1,1
5996943,0,0,0,0,0,0,1,0
5997459,0,0,0,0,0,0,0,0
5997467,0,0,0,0,0,0,0,1
5997988,0,0,0,0,0,0,1,1
5997996,0,0,0,0,0,0,1,0
5998513,0,0,0,0,0,0,0,0
5998521,0,0,0,0,0,0,0,1
5999041,0,0,0,0,0,0,1,1
5999049,0,0,0,0,0,0,1,0
5999567,0,0,0,0,0,0,0,0
5999574,0,0,0,0,0,0,0,1
6000095,0,0,0,0,0,0,1,1
6000103,0,0,0,0,0,0,1,0
6000620,0,0,0,0,0,0,0,0
6000627,0,0,0,0,0,0,0,1
6001149,0,0,0,0,0,0,1,1
6001157,0,0,0,0,0,0,1,0
6001674,0,0,0,0,0,0,0,0
6001682,0,0,0,0,0,0,0,1
6002203,0,0,0,0,0,0,1,1
6002211,0,0,0,0,0,0,1,0
6002727,0,0,0,0,0,0,0,0
6002735,0,0,0,0,0,0,0,1
6003256,0,0,0,0,0,0,1,1
6003264,0,0,0,0,0,0,1,0
6003780,0,0,0,0,0,0,0,0
6003788,0,0,0,0,0,0,0,1
6004309,0,0,0,0,0,0,1,1
6004317,0,0,0,0,0,0,1,0
6004834,0,0,0,0,0,0,0,0
6004841,0,0,0,0,0,0,0,1
6005362,0,0,0,0,0,0,1,1
6005370,0,0,0,0,0,0,1,0
6005886,0,0,0,0,0,0,0,0
6005894,0,0,0,0,0,0,0,1
6006414,0,0,0,0,0,0,1,1
6006422,0,0,0,0,0,0,1,0
6006939,0,0,0,0,0,0,0,0
6006946,0,0,0,0,0,0,0,1
6007467,0,0,0,0,0,0,1,1
6007475,0,0,0,0,0,0,1,0
6007991,0,0,0,0,0,0,0,0
6007999,0,0,0,0,0,0,0,1
6008520,0,0,0,0,0,0,1,1
6008528,0,0,0,0,0,0,1,0
6009046,0,0,0,0,0,0,0,0
6009054,0,0,0,0,0,0,0,1
6009575,0,0,0,0,0,0,1,1
6009583,0,0,0,0,0,0,1,0
6010100,0,0,0,0,0,0,0,0
6010108,0,0,0,0,0,0,0,1
6010628,0,0,0,0,0,0,1,1
6010636,0,0,0,0,0,0,1,0
6011153,0,0,0,0,0,0,0,0
6011161,0,0,0,0,0,0,0,1
6011682,0,0,0,0,0,0,1,1
6011690,0,0,0,0,0,0,1,0
6012207,0,0,0,0,0,0,0,0
6012215,0,0,0,0,0,0,0,1
6012736,0,0,0,0,0,0,1,1
6012744,0,0,0,0,0,0,1,0
6013261,0,0,0,0,0,0,0,0
6013269,0,0,0,0,0,0,0,1
6013790,0,0,0,0,0,0,1,1
6013798,0,0,0,0,0,0,1,0
6014314,0,0,0,0,0,0,0,0
6014322,0,0,0,0,0,0,0,1
6014843,0,0,0,0,0,0,1,1
6014851,0,0,0,0,0,0,1,0
6015368,0,0,0,0,0,0,0,0
6015376,0,0,0,0,0,0,0,1
6015896,0,0,0,0,0,0,1,1
6015904,0,0,0,0,0,0,1,0
6016421,0,0,0,0,0,0,0,0
6016429,0,0,0,0,0,0,0,1
6016951,0,0,0,0,0,0,1,1
6016959,0,0,0,0,0,0,1,0
6017475,0,0,0,0,0,0,0,0
6017483,0,0,0,0,0,0,0,1
6018004,0,0,0,0,0,0,1,1
6018012,0,0,0,0,0,0,1,0
6018528,0,0,0,0,0,0,0,0
6018537,0,0,0,0,0,0,0,1
6019057,0,0,0,0,0,0,1,1
6019065,0,0,0,0,0,0,1,0
6019582,0,0,0,0,0,0,0,0
6019589,0,0,0,0,0,0,0,1
6020110,0,0,0,0,0,0,1,1
6020118,0,0,0,0,0,0,1,0
6020635,0,0,0,0,0,0,0,0
6020642,0,0,0,0,0,0,0,1
6021162,0,0,0,0,0,0,1,1
6021170,0,0,0,0,0,0,1,0
6021688,0,0,0,0,0,0,0,0
6021696,0,0,0,0,0,0,0,1
6022217,0,0,0,0,0,0,1,1
6022225,0,0,0,0,0,0,1,0
6022741,0,0,0,0,0,0,0,0
6022749,0,0,0,0,0,0,0,1
6023270,0,0,0,0,0,0,1,1
6023277,0,0,0,0,0,0,1,0
6023794,0,0,0,0,0,0,0,0
6023802,0,0,0,0,0,0,0,1
6024322,0,0,0,0,0,0,1,1
6024330,0,0,0,0,0,0,1,0
6024847,0,0,0,0,0,0,0,0
6024854,0,0,0,0,0,0,0,1
6025376,0,0,0,0,0,0,1,1
6025384,0,0,0,0,0,0,1,0
6025899,0,0,0,0,0,0,0,0
6025907,0,0,0,0,0,0,0,1
6026428,0,0,0,0,0,0,1,1
6026436,0,0,0,0,0,0,1,0
6026953,0,0,0,0,0,0,0,0
6026961,0,0,0,0,0,0,0,1
6027481,0,0,0,0,0,0,1,1
6027489,0,0,0,0,0,0,1,0
6028006,0,0,0,0,0,0,0,0
6028014,0,0,0,0,0,0,0,1
6028535,0,0,0,0,0,0,1,1
6028543,0,0,0,0,0,0,1,0
6029059,0,0,0,0,0,0,0,0
6029067,0,0,0,0,0,0,0,1
6029588,0,0,0,0,0,0,1,1
6029596,0,0,0,0,0,0,1,0
6030113,0,0,0,0,0,0,0,0
6030121,0,0,0,0,0,0,0,1
6030642,0,0,0,0,0,0,1,1
6030650,0,0,0,0,0,0,1,0
6031166,0,0,0,0,0,0,0,0
6031174,0,0,0,0,0,0,0,1
6031695,0,0,0,0,0,0,1,1
6031703,0,0,0,0,0,0,1,0
6032219,0,0,0,0,0,0,0,0
6032227,0,0,0,0,0,0,0,1
6032748,0,0,0,0,0,0,1,1
6032756,0,0,0,0,0,0,1,0
6033272,0,0,0,0,0,0,0,0
6033280,0,0,0,0,0,0,0,1
6033800,0,0,0,0,0,0,1,1
6033808,0,0,0,0,0,0,1,0
6034326,0,0,0,0,0,0,0,0
6034333,0,0,0,0,0,0,0,1
6034853,0,0,0,0,0,0,1,1
6034862,0,0,0,0,0,0,1,0
6035379,0,0,0,0,0,0,0,0
6035387,0,0,0,0,0,0,0,1
6035907,0,0,0,0,0,0,1,1
6035915,0,0,0,0,0,0,1,0
6036431,0,0,0,0,0,0,0,0
6036439,0,0,0,0,0,0,0,1
6036959,0,0,0,0,0,0,1,1
6036967,0,0,0,0,0,0,1,0
6037483,0,0,0,0,0,0,0,0
6037491,0,0,0,0,0,0,0,1
6038011,0,0,0,0,0,0,1,1
6038019,0,0,0,0,0,0,1,0
6038536,0,0,0,0,0,0,0,0
6038543,0,0,0,0,0,0,0,1
6039064,0,0,0,0,0,0,1,1
6039072,0,0,0,0,0,0,1,0
6039590,0,0,0,0,0,0,0,0
6039597,0,0,0,0,0,0,0,1
6040118,0,0,0,0,0,0,1,1
6040126,0,0,0,0,0,0,1,0
6040643,0,0,0,0,0,0,0,0
6040651,0,0,0,0,0,0,0,1
6041172,0,0,0,0,0,0,1,1
6041180,0,0,0,0,0,0,1,0
6041698,0,0,0,0,0,0,0,0
6041706,0,0,0,0,0,0,0,1
6042227,0,0,0,0,0,0,1,1
6042235,0,0,0,0,0,0,1,0
6042751,0,0,0,0,0,0,0,0
6042759,0,0,0,0,0,0,0,1
6043279,0,0,0,0,0,0,1,1
6043287,0,0,0,0,0,0,1,0
6043805,0,0,0,0,0,0,0,0
6043812,0,0,0,0,0,0,0,1
6044333,0,0,0,0,0,0,1,1
6044341,0,0,0,0,0,0,1,0
6044858,0,0,0,0,0,0,0,0
6044865,0,0,0,0,0,0,0,1
6045385,0,0,0,0,0,0,1,1
6045394,0,0,0,0,0,0,1,0
6045911,0,0,0,0,0,0,0,0
6045919,0,0,0,0,0,0,0,1
6046439,0,0,0,0,0,0,1,1
6046447,0,0,0,0,0,0,1,0
6046965,0,0,0,0,0,0,0,0
6046972,0,0,0,0,0,0,0,1
6047494,0,0,0,0,0,0,1,1
6047502,0,0,0,0,0,0,1,0
6048019,0,0,0,0,0,0,0,0
6048027,0,0,0,0,0,0,0,1
6048547,0,0,0,0,0,0,1,1
6048555,0,0,0,0,0,0,1,0
6049073,0,0,0,0,0,0,0,0
6049081,0,0,0,0,0,0,0,1
6049602,0,0,0,0,0,0,1,1
6049610,0,0,0,0,0,0,1,0
6050127,0,0,0,0,0,0,0,0
6050135,0,0,0,0,0,0,0,1
6050655,0,0,0,0,0,0,1,1
6050663,0,0,0,0,0,0,1,0
6051178,0,0,0,0,0,0,0,0
6051186,0,0,0,0,0,0,0,1
6051706,0,0,0,0,0,0,1,1
6051714,0,0,0,0,0,0,1,0
6052232,0,0,0,0,0,0,0,0
6052240,0,0,0,0,0,0,0,1
6052760,0,0,0,0,0,0,1,1
6052768,0,0,0,0,0,0,1,0
6053285,0,0,0,0,0,0,0,0
6053292,0,0,0,0,0,0,0,1
6053813,0,0,0,0,0,0,1,1
6053821,0,0,0,0,0,0,1,0
6054337,0,0,0,0,0,0,0,0
6054345,0,0,0,0,0,0,0,1
6054865,0,0,0,0,0,0,1,1
6054873,0,0,0,0,0,0,1,0
6055390,0,0,0,0,0,0,0,0
6055398,0,0,0,0,0,0,0,1
6055918,0,0,0,0,0,0,1,1
6055927,0,0,0,0,0,0,1,0
6056444,0,0,0,0,0,0,0,0
6056451,0,0,0,0,0,0,0,1
6056973,0,0,0,0,0,0,1,1
6056980,0,0,0,0,0,0,1,0
6057497,0,0,0,0,0,0,0,0
6057505,0,0,0,0,0,0,0,1
6058026,0,0,0,0,0,0,1,1
6058034,0,0,0,0,0,0,1,0
6058551,0,0,0,0,0,0,0,0
6058559,0,0,0,0,0,0,0,1
6059079,0,0,0,0,0,0,1,1
6059088,0,0,0,0,0,0,1,0
6059603,0,0,0,0,0,0,0,0
6059611,0,0,0,0,0,0,0,1
6060132,0,0,0,0,0,0,1,1
6060140,0,0,0,0,0,0,1,0
6060657,0,0,0,0,0,0,0,0
6060665,0,0,0,0,0,0,0,1
6061185,0,0,0,0,0,0,1,1
6061193,0,0,0,0,0,0,1,0
6061710,0,0,0,0,0,0,0,0
6061718,0,0,0,0,0,0,0,1
6062239,0,0,0,0,0,0,1,1
6062247,0,0,0,0,0,0,1,0
6062764,0,0,0,0,0,0,0,0
6062772,0,0,0,0,0,0,0,1
6063293,0,0,0,0,0,0,1,1
6063301,0,0,0,0,0,0,1,0
6063817,0,0,0,0,0,0,0,0
6063825,0,0,0,0,0,0,0,1
6064345,0,0,0,0,0,0,1,1
6064353,0,0,0,0,0,0,1,0
6064869,0,0,0,0,0,0,0,0
6064877,0,0,0,0,0,0,0,1
6065397,0,0,0,0,0,0,1,1
6065406,0,0,0,0,0,0,1,0
6065922,0,0,0,0,0,0,0,0
6065930,0,0,0,0,0,0,0,1
6066449,0,0,0,0,0,0,1,1
6066457,0,0,0,0,0,0,1,0
6066974,0,0,0,0,0,0,0,0
6066981,0,0,0,0,0,0,0,1
6067502,0,0,0,0,0,0,1,1
6067510,0,0,0,0,0,0,1,0
6068027,0,0,0,0,0,0,0,0
6068034,0,0,0,0,0,0,0,1
6068555,0,0,0,0,0,0,1,1
6068562,0,0,0,0,0,0,1,0
6069079,0,0,0,0,0,0,0,0
6069087,0,0,0,0,0,0,0,1
6069608,0,0,0,0,0,0,1,1
6069616,0,0,0,0,0,0,1,0
6070133,0,0,0,0,0,0,0,0
6070141,0,0,0,0,0,0,0,1
6070662,0,0,0,0,0,0,1,1
6070670,0,0,0,0,0,0,1,0
6071187,0,0,0,0,0,0,0,0
6071195,0,0,0,0,0,0,0,1
6071715,0,0,0,0,0,0,1,1
6071723,0,0,0,0,0,0,1,0
6072241,0,0,0,0,0,0,0,0
6072248,0,0,0,0,0,0,0,1
6072769,0,0,0,0,0,0,1,1
6072777,0,0,0,0,0,0,1,0
6073292,0,0,0,0,0,0,0,0
6073300,0,0,0,0,0,0,0,1
6073821,0,0,0,0,0,0,1,1
6073829,0,0,0,0,0,0,1,0
6074346,0,0,0,0,0,0,0,0
6074354,0,0,0,0,0,0,0,1
6074874,0,0,0,0,0,0,1,1
6074882,0,0,0,0,0,0,1,0
6075398,0,0,0,0,0,0,0,0
6075406,0,0,0,0,0,0,0,1
6075927,0,0,0,0,0,0,1,1
6075935,0,0,0,0,0,0,1,0
6076451,0,0,0,0,0,0,0,0
6076459,0,0,0,0,0,0,0,1
6076979,0,0,0,0,0,0,1,1
6076988,0,0,0,0,0,0,1,0
6077505,0,0,0,0,0,0,0,0
6077512,0,0,0,0,0,0,0,1
6078032,0,0,0,0,0,0,1,1
6078040,0,0,0,0,0,0,1,0
6078559,0,0,0,0,0,0,0,0
6078566,0,0,0,0,0,0,0,1
6079087,0,0,0,0,0,0,1,1
6079095,0,0,0,0,0,0,1,0
6079611,0,0,0,0,0,0,0,0
6079619,0,0,0,0,0,0,0,1
6080140,0,0,0,0,0,0,1,1
6080148,0,0,0,0,0,0,1,0
6080664,0,0,0,0,0,0,0,0
6080671,0,0,0,0,0,0,0,1
6081191,0,0,0,0,0,0,1,1
6081200,0,0,0,0,0,0,1,0
6081717,0,0,0,0,0,0,0,0
6081725,0,0,0,0,0,0,0,1
6082246,0,0,0,0,0,0,1,1
6082254,0,0,0,0,0,0,1,0
6082771,0,0,0,0,0,0,0,0
6082779,0,0,0,0,0,0,0,1
6083300,0,0,0,0,0,0,1,1
6083308,0,0,0,0,0,0,1,0
6083825,0,0,0,0,0,0,0,0
6083833,0,0,0,0,0,0,0,1
6084353,0,0,0,0,0,0,1,1
6084361,0,0,0,0,0,0,1,0
6084877,0,0,0,0,0,0,0,0
6084885,0,0,0,0,0,0,0,1
6085406,0,0,0,0,0,0,1,1
6085414,0,0,0,0,0,0,1,0
6085931,0,0,0,0,0,0,0,0
6085939,0,0,0,0,0,0,0,1
6086459,0,0,0,0,0,0,1,1
6086467,0,0,0,0,0,0,1,0
6086984,0,0,0,0,0,0,0,0
6086992,0,0,0,0,0,0,0,1
6087514,0,0,0,0,0,0,1,1
6087522,0,0,0,0,0,0,1,0
6088040,0,0,0,0,0,0,0,0
6088048,0,0,0,0,0,0,0,1
6088568,0,0,0,0,0,0,1,1
6088576,0,0,0,0,0,0,1,0
6089092,0,0,0,0,0,0,0,0
6089100,0,0,0,0,0,0,0,1
6089621,0,0,0,0,0,0,1,1
6089628,0,0,0,0,0,0,1,0
6090145,0,0,0,0,0,0,0,0
6090152,0,0,0,0,0,0,0,1
6090673,0,0,0,0,0,0,1,1
6090681,0,0,0,0,0,0,1,0
6091198,0,0,0,0,0,0,0,0
6091205,0,0,0,0,0,0,0,1
6091726,0,0,0,0,0,0,1,1
6091734,0,0,0,0,0,0,1,0
6092250,0,0,0,0,0,0,0,0
6092258,0,0,0,0,0,0,0,1
6092779,0,0,0,0,0,0,1,1
6092787,0,0,0,0,0,0,1,0
6093303,0,0,0,0,0,0,0,0
6093311,0,0,0,0,0,0,0,1
6093832,0,0,0,0,0,0,1,1
6093840,0,0,0,0,0,0,1,0
6094357,0,0,0,0,0,0,0,0
6094365,0,0,0,0,0,0,0,1
6094886,0,0,0,0,0,0,1,1
6094894,0,0,0,0,0,0,1,0
6095413,0,0,0,0,0,0,0,0
6095420,0,0,0,0,0,0,0,1
6095942,0,0,0,0,0,0,1,1
6095950,0,0,0,0,0,0,1,0
6096466,0,0,0,0,0,0,0,0
6096474,0,0,0,0,0,0,0,1
6096994,0,0,0,0,0,0,1,1
6097002,0,0,0,0,0,0,1,0
6097519,0,0,0,0,0,0,0,0
6097526,0,0,0,0,0,0,0,1
6098046,0,0,0,0,0,0,1,1
6098054,0,0,0,0,0,0,1,0
6098572,0,0,0,0,0,0,0,0
6098580,0,0,0,0,0,0,0,1
6099100,0,0,0,0,0,0,1,1
6099109,0,0,0,0,0,0,1,0
6099625,0,0,0,0,0,0,0,0
6099633,0,0,0,0,0,0,0,1
6100154,0,0,0,0,0,0,1,1
6100162,0,0,0,0,0,0,1,0
6100677,0,0,0,0,0,0,0,0
6100685,0,0,0,0,0,0,0,1
6101205,0,0,0,0,0,0,1,1
6101213,0,0,0,0,0,0,1,0
6101731,0,0,0,0,0,0,0,0
6101738,0,0,0,0,0,0,0,1
6102259,0,0,0,0,0,0,1,1
6102267,0,0,0,0,0,0,1,0
6102783,0,0,0,0,0,0,0,0
6102791,0,0,0,0,0,0,0,1
6103312,0,0,0,0,0,0,1,1
6103320,0,0,0,0,0,0,1,0
6103837,0,0,0,0,0,0,0,0
6103845,0,0,0,0,0,0,0,1
6104366,0,0,0,0,0,0,1,1
6104374,0,0,0,0,0,0,1,0
6104891,0,0,0,0,0,0,0,0
6104899,0,0,0,0,0,0,0,1
6105419,0,0,0,0,0,0,1,1
6105427,0,0,0,0,0,0,1,0
6105943,0,0,0,0,0,0,0,0
6105951,0,0,0,0,0,0,0,1
6106471,0,0,0,0,0,0,1,1
6106479,0,0,0,0,0,0,1,0
6106997,0,0,0,0,0,0,0,0
6107004,0,0,0,0,0,0,0,1
6107524,0,0,0,0,0,0,1,1
6107532,0,0,0,0,0,0,1,0
6108049,0,0,0,0,0,0,0,0
6108057,0,0,0,0,0,0,0,1
6108578,0,0,0,0,0,0,1,1
6108586,0,0,0,0,0,0,1,0
6109104,0,0,0,0,0,0,0,0
6109112,0,0,0,0,0,0,0,1
6109633,0,0,0,0,0,0,1,1
6109641,0,0,0,0,0,0,1,0
6110158,0,0,0,0,0,0,0,0
6110166,0,0,0,0,0,0,0,1
6110686,0,0,0,0,0,0,1,1
6110694,0,0,0,0,0,0,1,0
6111211,0,0,0,0,0,0,0,0
6111219,0,0,0,0,0,0,0,1
6111739,0,0,0,0,0,0,1,1
6111747,0,0,0,0,0,0,1,0
6112263,0,0,0,0,0,0,0,0
6112271,0,0,0,0,0,0,0,1
6112791,0,0,0,0,0,0,1,1
6112799,0,0,0,0,0,0,1,0
6113316,0,0,0,0,0,0,0,0
6113323,0,0,0,0,0,0,0,1
6113844,0,0,0,0,0,0,1,1
6113852,0,0,0,0,0,0,1,0
6114368,0,0,0,0,0,0,0,0
6114376,0,0,0,0,0,0,0,1
6114896,0,0,0,0,0,0,1,1
6114904,0,0,0,0,0,0,1,0
6115421,0,0,0,0,0,0,0,0
6115429,0,0,0,0,0,0,0,1
6115950,0,0,0,0,0,0,1,1
6115958,0,0,0,0,0,0,1,0
6116475,0,0,0,0,0,0,0,0
6116482,0,0,0,0,0,0,0,1
6117004,0,0,0,0,0,0,1,1
6117012,0,0,0,0,0,0,1,0
6117529,0,0,0,0,0,0,0,0
6117536,0,0,0,0,0,0,0,1
6118058,0,0,0,0,0,0,1,1
6118066,0,0,0,0,0,0,1,0
6118581,0,0,0,0,0,0,0,0
6118589,0,0,0,0,0,0,0,1
6119109,0,0,0,0,0,0,1,1
6119117,0,0,0,0,0,0,1,0
6119635,0,0,0,0,0,0,0,0
6119643,0,0,0,0,0,0,0,1
6120163,0,0,0,0,0,0,1,1
6120171,0,0,0,0,0,0,1,0
6120688,0,0,0,0,0,0,0,0
6120695,0,0,0,0,0,0,0,1
6121216,0,0,0,0,0,0,1,1
6121224,0,0,0,0,0,0,1,0
6121741,0,0,0,0,0,0,0,0
6121748,0,0,0,0,0,0,0,1
6122269,0,0,0,0,0,0,1,1
6122277,0,0,0,0,0,0,1,0
6122792,0,0,0,0,0,0,0,0
6122800,0,0,0,0,0,0,0,1
6123321,0,0,0,0,0,0,1,1
6123329,0,0,0,0,0,0,1,0
6123846,0,0,0,0,0,0,0,0
6123854,0,0,0,0,0,0,0,1
6124375,0,0,0,0,0,0,1,1
6124383,0,0,0,0,0,0,1,0
6124900,0,0,0,0,0,0,0,0
6124907,0,0,0,0,0,0,0,1
6125428,0,0,0,0,0,0,1,1
6125436,0,0,0,0,0,0,1,0
6125953,0,0,0,0,0,0,0,0
6125961,0,0,0,0,0,0,0,1
6126480,0,0,0,0,0,0,1,1
6126488,0,0,0,0,0,0,1,0
6127005,0,0,0,0,0,0,0,0
6127013,0,0,0,0,0,0,0,1
6127534,0,0,0,0,0,0,1,1
6127542,0,0,0,0,0,0,1,0
6128060,0,0,0,0,0,0,0,0
6128068,0,0,0,0,0,0,0,1
6128590,0,0,0,0,0,0,1,1
6128597,0,0,0,0,0,0,1,0
6129114,0,0,0,0,0,0,0,0
6129122,0,0,0,0,0,0,0,1
6129641,0,0,0,0,0,0,1,1
6129650,0,0,0,0,0,0,1,0
6130167,0,0,0,0,0,0,0,0
6130175,0,0,0,0,0,0,0,1
6130696,0,0,0,0,0,0,1,1
6130704,0,0,0,0,0,0,1,0
6131222,0,0,0,0,0,0,0,0
6131229,0,0,0,0,0,0,0,1
6131750,0,0,0,0,0,0,1,1
6131758,0,0,0,0,0,0,1,0
6132275,0,0,0,0,0,0,0,0
6132283,0,0,0,0,0,0,0,1
6132804,0,0,0,0,0,0,1,1
6132812,0,0,0,0,0,0,1,0
6133328,0,0,0,0,0,0,0,0
6133336,0,0,0,0,0,0,0,1
6133856,0,0,0,0,0,0,1,1
6133864,0,0,0,0,0,0,1,0
6134380,0,0,0,0,0,0,0,0
6134388,0,0,0,0,0,0,0,1
6134908,0,0,0,0,0,0,1,1
6134916,0,0,0,0,0,0,1,0
6135434,0,0,0,0,0,0,0,0
6135441,0,0,0,0,0,0,0,1
6135963,0,0,0,0,0,0,1,1
6135971,0,0,0,0,0,0,1,0
6136487,0,0,0,0,0,0,0,0
6136495,0,0,0,0,0,0,0,1
6137016,0,0,0,0,0,0,1,1
6137023,0,0,0,0,0,0,1,0
6137539,0,0,0,0,0,0,0,0
6137547,0,0,0,0,0,0,0,1
6138067,0,0,0,0,0,0,1,1
6138075,0,0,0,0,0,0,1,0
6138592,0,0,0,0,0,0,0,0
6138600,0,0,0,0,0,0,0,1
6139121,0,0,0,0,0,0,1,1
6139129,0,0,0,0,0,0,1,0
6139646,0,0,0,0,0,0,0,0
6139654,0,0,0,0,0,0,0,1
6140175,0,0,0,0,0,0,1,1
6140182,0,0,0,0,0,0,1,0
6140699,0,0,0,0,0,0,0,0
6140707,0,0,0,0,0,0,0,1
6141228,0,0,0,0,0,0,1,1
6141236,0,0,0,0,0,0,1,0
6141751,0,0,0,0,0,0,0,0
6141759,0,0,0,0,0,0,0,1
6142280,0,0,0,0,0,0,1,1
6142288,0,0,0,0,0,0,1,0
6142805,0,0,0,0,0,0,0,0
6142812,0,0,0,0,0,0,0,1
6143334,0,0,0,0,0,0,1,1
6143342,0,0,0,0,0,0,1,0
6143857,0,0,0,0,0,0,0,0
6143865,0,0,0,0,0,0,0,1
6144386,0,0,0,0,0,0,1,1
6144394,0,0,0,0,0,0,1,0
6144911,0,0,0,0,0,0,0,0
6144919,0,0,0,0,0,0,0,1
6145439,0,0,0,0,0,0,1,1
6145447,0,0,0,0,0,0,1,0
6145963,0,0,0,0,0,0,0,0
6145970,0,0,0,0,0,0,0,1
6146491,0,0,0,0,0,0,1,1
6146498,0,0,0,0,0,0,1,0
6147015,0,0,0,0,0,0,0,0
6147023,0,0,0,0,0,0,0,1
6147545,0,0,0,0,0,0,1,1
6147553,0,0,0,0,0,0,1,0
6148068,0,0,0,0,0,0,0,0
6148076,0,0,0,0,0,0,0,1
6148597,0,0,0,0,0,0,1,1
6148605,0,0,0,0,0,0,1,0
6149121,0,0,0,0,0,0,0,0
6149129,0,0,0,0,0,0,0,1
6149649,0,0,0,0,0,0,1,1
6149657,0,0,0,0,0,0,1,0
6150174,0,0,0,0,0,0,0,0
6150181,0,0,0,0,0,0,0,1
6150702,0,0,0,0,0,0,1,1
6150710,0,0,0,0,0,0,1,0
6151227,0,0,0,0,0,0,0,0
6151235,0,0,0,0,0,0,0,1
6151756,0,0,0,0,0,0,1,1
6151764,0,0,0,0,0,0,1,0
6152282,0,0,0,0,0,0,0,0
6152291,0,0,0,0,0,0,0,1
6152812,0,0,0,0,0,0,1,1
6152819,0,0,0,0,0,0,1,0
6153336,0,0,0,0,0,0,0,0
6153344,0,0,0,0,0,0,0,1
6153864,0,0,0,0,0,0,1,1
6153873,0,0,0,0,0,0,1,0
6154388,0,0,0,0,0,0,0,0
6154396,0,0,0,0,0,0,0,1
6154917,0,0,0,0,0,0,1,1
6154924,0,0,0,0,0,0,1,0
6155441,0,0,0,0,0,0,0,0
6155448,0,0,0,0,0,0,0,1
6155968,0,0,0,0,0,0,1,1
6155976,0,0,0,0,0,0,1,0
6156493,0,0,0,0,0,0,0,0
6156502,0,0,0,0,0,0,0,1
6157022,0,0,0,0,0,0,1,1
6157030,0,0,0,0,0,0,1,0
6157546,0,0,0,0,0,0,0,0
6157554,0,0,0,0,0,0,0,1
6158074,0,0,0,0,0,0,1,1
6158083,0,0,0,0,0,0,1,0
6158600,0,0,0,0,0,0,0,0
6158608,0,0,0,0,0,0,0,1
6159129,0,0,0,0,0,0,1,1
6159137,0,0,0,0,0,0,1,0
6159654,0,0,0,0,0,0,0,0
6159662,0,0,0,0,0,0,0,1
6160183,0,0,0,0,0,0,1,1
6160191,0,0,0,0,0,0,1,0
6160707,0,0,0,0,0,0,0,0
6160715,0,0,0,0,0,0,0,1
6161236,0,0,0,0,0,0,1,1
6161244,0,0,0,0,0,0,1,0
6161760,0,0,0,0,0,0,0,0
6161768,0,0,0,0,0,0,0,1
6162288,0,0,0,0,0,0,1,1
6162296,0,0,0,0,0,0,1,0
6162814,0,0,0,0,0,0,0,0
6162822,0,0,0,0,0,0,0,1
6163342,0,0,0,0,0,0,1,1
6163351,0,0,0,0,0,0,1,0
6163867,0,0,0,0,0,0,0,0
6163874,0,0,0,0,0,0,0,1
6164395,0,0,0,0,0,0,1,1
6164403,0,0,0,0,0,0,1,0
6164921,0,0,0,0,0,0,0,0
6164928,0,0,0,0,0,0,0,1
6165449,0,0,0,0,0,0,1,1
6165457,0,0,0,0,0,0,1,0
6165973,0,0,0,0,0,0,0,0
6165981,0,0,0,0,0,0,0,1
6166501,0,0,0,0,0,0,1,1
6166509,0,0,0,0,0,0,1,0
6167025,0,0,0,0,0,0,0,0
6167033,0,0,0,0,0,0,0,1
6167554,0,0,0,0,0,0,1,1
6167563,0,0,0,0,0,0,1,0
6168079,0,0,0,0,0,0,0,0
6168087,0,0,0,0,0,0,0,1
6168608,0,0,0,0,0,0,1,1
6168616,0,0,0,0,0,0,1,0
6169133,0,0,0,0,0,0,0,0
6169141,0,0,0,0,0,0,0,1
6169661,0,0,0,0,0,0,1,1
6169669,0,0,0,0,0,0,1,0
6170186,0,0,0,0,0,0,0,0
6170194,0,0,0,0,0,0,0,1
6170714,0,0,0,0,0,0,1,1
6170722,0,0,0,0,0,0,1,0
6171238,0,0,0,0,0,0,0,0
6171246,0,0,0,0,0,0,0,1
6171766,0,0,0,0,0,0,1,1
6171774,0,0,0,0,0,0,1,0
6172291,0,0,0,0,0,0,0,0
6172299,0,0,0,0,0,0,0,1
6172820,0,0,0,0,0,0,1,1
6172828,0,0,0,0,0,0,1,0
6173345,0,0,0,0,0,0,0,0
6173352,0,0,0,0,0,0,0,1
6173873,0,0,0,0,0,0,1,1
6173881,0,0,0,0,0,0,1,0
6174398,0,0,0,0,0,0,0,0
6174405,0,0,0,0,0,0,0,1
6174926,0,0,0,0,0,0,1,1
6174934,0,0,0,0,0,0,1,0
6175451,0,0,0,0,0,0,0,0
6175458,0,0,0,0,0,0,0,1
6175980,0,0,0,0,0,0,1,1
6175988,0,0,0,0,0,0,1,0
6176504,0,0,0,0,0,0,0,0
6176512,0,0,0,0,0,0,0,1
6177032,0,0,0,0,0,0,1,1
6177041,0,0,0,0,0,0,1,0
6177557,0,0,0,0,0,0,0,0
6177565,0,0,0,0,0,0,0,1
6178086,0,0,0,0,0,0,1,1
6178094,0,0,0,0,0,0,1,0
6178609,0,0,0,0,0,0,0,0
6178617,0,0,0,0,0,0,0,1
6179138,0,0,0,0,0,0,1,1
6179146,0,0,0,0,0,0,1,0
6179662,0,0,0,0,0,0,0,0
6179670,0,0,0,0,0,0,0,1
6180191,0,0,0,0,0,0,1,1
6180199,0,0,0,0,0,0,1,0
6180716,0,0,0,0,0,0,0,0
6180723,0,0,0,0,0,0,0,1
6181243,0,0,0,0,0,0,1,1
6181251,0,0,0,0,0,0,1,0
6181768,0,0,0,0,0,0,0,0
6181776,0,0,0,0,0,0,0,1
6182296,0,0,0,0,0,0,1,1
6182304,0,0,0,0,0,0,1,0
6182822,0,0,0,0,0,0,0,0
6182829,0,0,0,0,0,0,0,1
6183350,0,0,0,0,0,0,1,1
6183358,0,0,0,0,0,0,1,0
6183874,0,0,0,0,0,0,0,0
6183882,0,0,0,0,0,0,0,1
6184403,0,0,0,0,0,0,1,1
6184411,0,0,0,0,0,0,1,0
6184928,0,0,0,0,0,0,0,0
6184935,0,0,0,0,0,0,0,1
6185455,0,0,0,0,0,0,1,1
6185464,0,0,0,0,0,0,1,0
6185981,0,0,0,0,0,0,0,0
6185989,0,0,0,0,0,0,0,1
6186509,0,0,0,0,0,0,1,1
6186517,0,0,0,0,0,0,1,0
6187034,0,0,0,0,0,0,0,0
6187042,0,0,0,0,0,0,0,1
6187562,0,0,0,0,0,0,1,1
6187570,0,0,0,0,0,0,1,0
6188087,0,0,0,0,0,0,0,0
6188094,0,0,0,0,0,0,0,1
6188616,0,0,0,0,0,0,1,1
6188624,0,0,0,0,0,0,1,0
6189140,0,0,0,0,0,0,0,0
6189148,0,0,0,0,0,0,0,1
6189669,0,0,0,0,0,0,1,1
6189677,0,0,0,0,0,0,1,0
6190195,0,0,0,0,0,0,0,0
6190203,0,0,0,0,0,0,0,1
6190725,0,0,0,0,0,0,1,1
6190733,0,0,0,0,0,0,1,0
6191249,0,0,0,0,0,0,0,0
6191257,0,0,0,0,0,0,0,1
6191778,0,0,0,0,0,0,1,1
6191786,0,0,0,0,0,0,1,0
6192303,0,0,0,0,0,0,0,0
6192310,0,0,0,0,0,0,0,1
6192830,0,0,0,0,0,0,1,1
6192838,0,0,0,0,0,0,1,0
6193355,0,0,0,0,0,0,0,0
6193363,0,0,0,0,0,0,0,1
6193883,0,0,0,0,0,0,1,1
6193892,0,0,0,0,0,0,1,0
6194408,0,0,0,0,0,0,0,0
6194415,0,0,0,0,0,0,0,1
6194936,0,0,0,0,0,0,1,1
6194944,0,0,0,0,0,0,1,0
6195460,0,0,0,0,0,0,0,0
6195468,0,0,0,0,0,0,0,1
6195988,0,0,0,0,0,0,1,1
6195996,0,0,0,0,0,0,1,0
6196514,0,0,0,0,0,0,0,0
6196522,0,0,0,0,0,0,0,1
6197042,0,0,0,0,0,0,1,1
6197051,0,0,0,0,0,0,1,0
6197568,0,0,0,0,0,0,0,0
6197575,0,0,0,0,0,0,0,1
6198096,0,0,0,0,0,0,1,1
6198104,0,0,0,0,0,0,1,0
6198621,0,0,0,0,0,0,0,0
6198629,0,0,0,0,0,0,0,1
6199150,0,0,0,0,0,0,1,1
6199158,0,0,0,0,0,0,1,0
6199675,0,0,0,0,0,0,0,0
6199683,0,0,0,0,0,0,0,1
6200204,0,0,0,0,0,0,1,1
6200212,0,0,0,0,0,0,1,0
6200729,0,0,0,0,0,0,0,0
6200736,0,0,0,0,0,0,0,1
6201257,0,0,0,0,0,0,1,1
6201265,0,0,0,0,0,0,1,0
6201782,0,0,0,0,0,0,0,0
6201789,0,0,0,0,0,0,0,1
6202310,0,0,0,0,0,0,1,1
6202318,0,0,0,0,0,0,1,0
6202835,0,0,0,0,0,0,0,0
6202842,0,0,0,0,0,0,0,1
6203363,0,0,0,0,0,0,1,1
6203371,0,0,0,0,0,0,1,0
6203888,0,0,0,0,0,0,0,0
6203896,0,0,0,0,0,0,0,1
6204416,0,0,0,0,0,0,1,1
6204425,0,0,0,0,0,0,1,0
6204942,0,0,0,0,0,0,0,0
6204950,0,0,0,0,0,0,0,1
6205470,0,0,0,0,0,0,1,1
6205478,0,0,0,0,0,0,1,0
6205995,0,0,0,0,0,0,0,0
6206003,0,0,0,0,0,0,0,1
6206523,0,0,0,0,0,0,1,1
6206531,0,0,0,0,0,0,1,0
6207048,0,0,0,0,0,0,0,0
6207055,0,0,0,0,0,0,0,1
6207576,0,0,0,0,0,0,1,1
6207584,0,0,0,0,0,0,1,0
6208100,0,0,0,0,0,0,0,0
6208108,0,0,0,0,0,0,0,1
6208628,0,0,0,0,0,0,1,1
6208636,0,0,0,0,0,0,1,0
6209153,0,0,0,0,0,0,0,0
6209161,0,0,0,0,0,0,0,1
6209682,0,0,0,0,0,0,1,1
6209689,0,0,0,0,0,0,1,0
6210207,0,0,0,0,0,0,0,0
6210214,0,0,0,0,0,0,0,1
6210734,0,0,0,0,0,0,1,1
6210742,0,0,0,0,0,0,1,0
6211258,0,0,0,0,0,0,0,0
6211266,0,0,0,0,0,0,0,1
6211787,0,0,0,0,0,0,1,1
6211795,0,0,0,0,0,0,1,0
6212312,0,0,0,0,0,0,0,0
6212319,0,0,0,0,0,0,0,1
6212841,0,0,0,0,0,0,1,1
6212849,0,0,0,0,0,0,1,0
6213366,0,0,0,0,0,0,0,0
6213373,0,0,0,0,0,0,0,1
6213895,0,0,0,0,0,0,1,1
6213903,0,0,0,0,0,0,1,0
6214419,0,0,0,0,0,0,0,0
6214427,0,0,0,0,0,0,0,1
6214947,0,0,0,0,0,0,1,1
6214955,0,0,0,0,0,0,1,0
6215471,0,0,0,0,0,0,0,0
6215479,0,0,0,0,0,0,0,1
6215999,0,0,0,0,0,0,1,1
6216007,0,0,0,0,0,0,1,0
6216524,0,0,0,0,0,0,0,0
6216532,0,0,0,0,0,0,0,1
6217052,0,0,0,0,0,0,1,1
6217060,0,0,0,0,0,0,1,0
6217577,0,0,0,0,0,0,0,0
6217585,0,0,0,0,0,0,0,1
6218106,0,0,0,0,0,0,1,1
6218114,0,0,0,0,0,0,1,0
6218631,0,0,0,0,0,0,0,0
6218639,0,0,0,0,0,0,0,1
6219160,0,0,0,0,0,0,1,1
6219168,0,0,0,0,0,0,1,0
6219684,0,0,0,0,0,0,0,0
6219692,0,0,0,0,0,0,0,1
6220213,0,0,0,0,0,0,1,1
6220221,0,0,0,0,0,0,1,0
6220738,0,0,0,0,0,0,0,0
6220745,0,0,0,0,0,0,0,1
6221266,0,0,0,0,0,0,1,1
6221274,0,0,0,0,0,0,1,0
6221790,0,0,0,0,0,0,0,0
6221798,0,0,0,0,0,0,0,1
6222319,0,0,0,0,0,0,1,1
6222327,0,0,0,0,0,0,1,0
6222843,0,0,0,0,0,0,0,0
6222851,0,0,0,0,0,0,0,1
6223371,0,0,0,0,0,0,1,1
6223379,0,0,0,0,0,0,1,0
6223897,0,0,0,0,0,0,0,0
6223905,0,0,0,0,0,0,0,1
6224425,0,0,0,0,0,0,1,1
6224433,0,0,0,0,0,0,1,0
6224950,0,0,0,0,0,0,0,0
6224957,0,0,0,0,0,0,0,1
6225478,0,0,0,0,0,0,1,1
6225486,0,0,0,0,0,0,1,0
6226004,0,0,0,0,0,0,0,0
6226012,0,0,0,0,0,0,0,1
6226533,0,0,0,0,0,0,1,1
6226541,0,0,0,0,0,0,1,0
6227057,0,0,0,0,0,0,0,0
6227065,0,0,0,0,0,0,0,1
6227585,0,0,0,0,0,0,1,1
6227593,0,0,0,0,0,0,1,0
6228110,0,0,0,0,0,0,0,0
6228119,0,0,0,0,0,0,0,1
6228639,0,0,0,0,0,0,1,1
6228648,0,0,0,0,0,0,1,0
6229166,0,0,0,0,0,0,0,0
6229173,0,0,0,0,0,0,0,1
6229695,0,0,0,0,0,0,1,1
6229703,0,0,0,0,0,0,1,0
6230220,0,0,0,0,0,0,0,0
6230228,0,0,0,0,0,0,0,1
6230749,0,0,0,0,0,0,1,1
6230757,0,0,0,0,0,0,1,0
6231274,0,0,0,0,0,0,0,0
6231282,0,0,0,0,0,0,0,1
6231802,0,0,0,0,0,0,1,1
6231810,0,0,0,0,0,0,1,0
6232327,0,0,0,0,0,0,0,0
6232335,0,0,0,0,0,0,0,1
6232856,0,0,0,0,0,0,1,1
6232864,0,0,0,0,0,0,1,0
6233381,0,0,0,0,0,0,0,0
6233389,0,0,0,0,0,0,0,1
6233910,0,0,0,0,0,0,1,1
6233918,0,0,0,0,0,0,1,0
6234434,0,0,0,0,0,0,0,0
6234442,0,0,0,0,0,0,0,1
6234963,0,0,0,0,0,0,1,1
6234971,0,0,0,0,0,0,1,0
6235486,0,0,0,0,0,0,0,0
6235494,0,0,0,0,0,0,0,1
6236015,0,0,0,0,0,0,1,1
6236023,0,0,0,0,0,0,1,0
6236540,0,0,0,0,0,0,0,0
6236548,0,0,0,0,0,0,0,1
6237069,0,0,0,0,0,0,1,1
6237077,0,0,0,0,0,0,1,0
6237594,0,0,0,0,0,0,0,0
6237602,0,0,0,0,0,0,0,1
6238122,0,0,0,0,0,0,1,1
6238130,0,0,0,0,0,0,1,0
6238648,0,0,0,0,0,0,0,0
6238655,0,0,0,0,0,0,0,1
6239177,0,0,0,0,0,0,1,1
6239186,0,0,0,0,0,0,1,0
6239703,0,0,0,0,0,0,0,0
6239711,0,0,0,0,0,0,0,1
6240232,0,0,0,0,0,0,1,1
6240240,0,0,0,0,0,0,1,0
6240758,0,0,0,0,0,0,0,0
6240765,0,0,0,0,0,0,0,1
6241286,0,0,0,0,0,0,1,1
6241294,0,0,0,0,0,0,1,0
6241811,0,0,0,0,0,0,0,0
6241818,0,0,0,0,0,0,0,1
6242339,0,0,0,0,0,0,1,1
6242347,0,0,0,0,0,0,1,0
6242864,0,0,0,0,0,0,0,0
6242871,0,0,0,0,0,0,0,1
6243392,0,0,0,0,0,0,1,1
6243400,0,0,0,0,0,0,1,0
6243918,0,0,0,0,0,0,0,0
6243926,0,0,0,0,0,0,0,1
6244447,0,0,0,0,0,0,1,1
6244455,0,0,0,0,0,0,1,0
6244972,0,0,0,0,0,0,0,0
6244981,0,0,0,0,0,0,0,1
6245501,0,0,0,0,0,0,1,1
6245509,0,0,0,0,0,0,1,0
6246027,0,0,0,0,0,0,0,0
6246035,0,0,0,0,0,0,0,1
6246555,0,0,0,0,0,0,1,1
6246563,0,0,0,0,0,0,1,0
6247079,0,0,0,0,0,0,0,0
6247087,0,0,0,0,0,0,0,1
6247607,0,0,0,0,0,0,1,1
6247615,0,0,0,0,0,0,1,0
6248132,0,0,0,0,0,0,0,0
6248140,0,0,0,0,0,0,0,1
6248662,0,0,0,0,0,0,1,1
6248670,0,0,0,0,0,0,1,0
6249187,0,0,0,0,0,0,0,0
6249195,0,0,0,0,0,0,0,1
6249716,0,0,0,0,0,0,1,1
6249724,0,0,0,0,0,0,1,0
6250240,0,0,0,0,0,0,0,0
6250248,0,0,0,0,0,0,0,1
6250768,0,0,0,0,0,0,1,1
6250776,0,0,0,0,0,0,1,0
6251295,0,0,0,0,0,0,0,0
6251302,0,0,0,0,0,0,0,1
6251823,0,0,0,0,0,0,1,1
6251831,0,0,0,0,0,0,1,0
6252347,0,0,0,0,0,0,0,0
6252355,0,0,0,0,0,0,0,1
6252875,0,0,0,0,0,0,1,1
6252883,0,0,0,0,0,0,1,0
6253399,0,0,0,0,0,0,0,0
6253407,0,0,0,0,0,0,0,1
6253927,0,0,0,0,0,0,1,1
6253935,0,0,0,0,0,0,1,0
6254452,0,0,0,0,0,0,0,0
6254460,0,0,0,0,0,0,0,1
6254981,0,0,0,0,0,0,1,1
6254989,0,0,0,0,0,0,1,0
6255506,0,0,0,0,0,0,0,0
6255514,0,0,0,0,0,0,0,1
6256035,0,0,0,0,0,0,1,1
6256043,0,0,0,0,0,0,1,0
6256560,0,0,0,0,0,0,0,0
6256567,0,0,0,0,0,0,0,1
6257087,0,0,0,0,0,0,1,1
6257095,0,0,0,0,0,0,1,0
6257612,0,0,0,0,0,0,0,0
6257620,0,0,0,0,0,0,0,1
6258141,0,0,0,0,0,0,1,1
6258149,0,0,0,0,0,0,1,0
6258666,0,0,0,0,0,0,0,0
6258674,0,0,0,0,0,0,0,1
6259195,0,0,0,0,0,0,1,1
6259203,0,0,0,0,0,0,1,0
6259720,0,0,0,0,0,0,0,0
6259728,0,0,0,0,0,0,0,1
6260250,0,0,0,0,0,0,1,1
6260258,0,0,0,0,0,0,1,0
6260775,0,0,0,0,0,0,0,0
6260783,0,0,0,0,0,0,0,1
6261304,0,0,0,0,0,0,1,1
6261312,0,0,0,0,0,0,1,0
6261828,0,0,0,0,0,0,0,0
6261836,0,0,0,0,0,0,0,1
6262356,0,0,0,0,0,0,1,1
6262364,0,0,0,0,0,0,1,0
6262881,0,0,0,0,0,0,0,0
6262888,0,0,0,0,0,0,0,1
6263409,0,0,0,0,0,0,1,1
6263417,0,0,0,0,0,0,1,0
6263934,0,0,0,0,0,0,0,0
6263941,0,0,0,0,0,0,0,1
6264462,0,0,0,0,0,0,1,1
6264470,0,0,0,0,0,0,1,0
6264986,0,0,0,0,0,0,0,0
6264994,0,0,0,0,0,0,0,1
6265514,0,0,0,0,0,0,1,1
6265522,0,0,0,0,0,0,1,0
6266040,0,0,0,0,0,0,0,0
6266047,0,0,0,0,0,0,0,1
6266568,0,0,0,0,0,0,1,1
6266576,0,0,0,0,0,0,1,0
6267094,0,0,0,0,0,0,0,0
6267102,0,0,0,0,0,0,0,1
6267623,0,0,0,0,0,0,1,1
6267630,0,0,0,0,0,0,1,0
6268147,0,0,0,0,0,0,0,0
6268155,0,0,0,0,0,0,0,1
6268679,0,0,0,0,0,0,0,0
